70611013,0,NewHeight,0,0
70612271,0,NewRound,1,0
70612271,0,Propose,0,0
70612271,0,Precommit,0,0
70612271,0,Commit,0,0
70612272,0,NewHeight,4,0
70612272,0,NewRound,8,0
70612272,0,Propose,0,0
70612272,0,Precommit,0,0
70612272,0,Commit,0,0
70612273,0,NewHeight,9,0
70612273,0,NewRound,15,0
70612273,0,Propose,0,0
70612273,0,Precommit,0,0
70612273,0,Commit,0,0
70612274,0,NewHeight,6,0
70612274,0,NewRound,19,0
70612274,0,Propose,0,0
70612274,0,Precommit,0,0
70612274,0,Commit,0,0
70612275,0,NewHeight,13,0
70612275,0,NewRound,23,0
70612275,0,Propose,0,0
70612275,0,Precommit,0,0
70612275,0,Commit,0,0
70612276,0,NewHeight,5,0
70612276,0,NewRound,10,0
70612276,0,Propose,0,0
70612276,0,Precommit,0,0
70612276,0,Commit,0,0
70612277,0,NewHeight,8,0
70612277,0,NewRound,16,0
70612277,0,Propose,0,0
70612277,0,Precommit,0,0
70612277,0,Commit,0,0
70612278,0,NewHeight,16,0
70612278,0,NewRound,13,0
70612278,0,Propose,0,0
70612278,0,Precommit,0,0
70612278,0,Commit,0,0
70612279,0,NewHeight,11,0
70612279,0,Prevote,17,1
70612279,0,Precommit,1,0
70612279,0,Commit,5,0
70612280,0,NewHeight,5,0
70612280,0,NewRound,33,0
70612280,0,Propose,0,0
70612280,0,Prevote,1,1
70612280,0,Precommit,7,0
70612280,0,Commit,3,0
70612281,0,NewHeight,2,0
70612281,0,NewRound,0,0
70612281,0,Propose,0,0
70612281,0,Prevote,3,1
70612281,0,PrevoteWait,0,0
70612281,0,Precommit,0,0
70612281,0,Commit,0,0
70612282,0,NewHeight,0,0
70612282,0,Prevote,12,1
70612282,0,Precommit,2,0
70612282,0,Commit,4,0
70612283,0,NewHeight,0,0
70612283,0,NewRound,2,0
70612283,0,Propose,0,0
70612283,0,Prevote,3,1
70612283,0,Precommit,4,0
70612283,0,Commit,4,0
70612284,0,NewHeight,1,0
70612284,0,NewRound,2,0
70612284,0,Propose,0,0
70612284,0,Prevote,3,1
70612284,0,Precommit,3,0
70612284,0,Commit,3,0
70612285,0,NewHeight,0,0
70612285,0,NewRound,1,0
70612285,0,Propose,0,0
70612285,0,Prevote,1,1
70612285,0,Precommit,5,0
70612285,0,Commit,4,0
70612286,0,NewHeight,0,0
70612286,0,NewRound,1,0
70612286,0,Propose,0,0
70612286,0,Prevote,1,1
70612286,0,Precommit,5,0
70612286,0,Commit,1,0
70612287,0,NewHeight,1,0
70612287,0,NewRound,1,0
70612287,0,Propose,0,0
70612287,0,Prevote,1,1
70612287,0,Precommit,3,0
70612287,0,Commit,4,0
70612288,0,NewHeight,0,0
70612288,0,NewRound,3,0
70612288,0,Propose,0,0
70612288,0,Prevote,1,1
70612288,0,PrevoteWait,4,0
70612288,0,Precommit,0,0
70612288,0,Commit,4,0
70612289,0,NewHeight,1,0
70612289,0,NewRound,2,0
70612289,0,Propose,0,0
70612289,0,Prevote,2,1
70612289,0,Precommit,2,0
70612289,0,Commit,3,0
70612290,0,NewHeight,0,0
70612290,0,NewRound,2,0
70612290,0,Propose,0,0
70612290,0,Prevote,2,1
70612290,0,Precommit,3,0
70612290,0,Commit,2,0
70612291,0,NewHeight,1,0
70612291,0,NewRound,0,0
70612291,0,Propose,0,0
70612291,0,Precommit,2,0
70612291,0,Commit,0,0
70612292,0,NewHeight,7,0
70612292,0,NewRound,11,0
70612292,0,Propose,0,0
70612292,0,Precommit,0,0
70612292,0,Commit,0,0
70612293,0,NewHeight,9,0
70612293,0,Prevote,21,1
70612293,0,PrevoteWait,8,0
70612293,0,Precommit,0,0
70612293,0,Commit,1,0
70612294,0,NewHeight,0,0
70612294,0,NewRound,2,0
70612294,0,Propose,0,0
70612294,0,Prevote,1,1
70612294,0,Precommit,3,0
70612294,0,Commit,3,0
70612295,0,NewHeight,1,0
70612295,0,NewRound,2,0
70612295,0,Propose,0,0
70612295,0,Prevote,1,1
70612295,0,Precommit,4,0
70612295,0,Commit,4,0
70612296,0,NewHeight,0,0
70612296,0,NewRound,1,0
70612296,0,Propose,0,0
70612296,0,Prevote,2,1
70612296,0,Precommit,4,0
70612296,0,Commit,3,0
70612297,0,NewHeight,0,0
70612297,0,NewRound,1,0
70612297,0,Propose,0,0
70612297,0,Prevote,2,1
70612297,0,Precommit,3,0
70612297,0,Commit,6,0
70612298,0,NewHeight,0,0
70612298,0,NewRound,2,0
70612298,0,Propose,0,0
70612298,0,Prevote,3,1
70612298,0,Precommit,3,0
70612298,0,Commit,2,0
70612299,0,NewHeight,1,0
70612299,0,NewRound,2,0
70612299,0,Propose,0,0
70612299,0,Prevote,1,1
70612299,0,Precommit,3,0
70612299,0,Commit,7,0
70612300,0,NewHeight,0,0
70612300,0,NewRound,2,0
70612300,0,Propose,0,0
70612300,0,Prevote,1,1
70612300,0,Precommit,3,0
70612300,0,Commit,4,0
70612301,0,NewHeight,0,0
70612301,0,NewRound,0,0
70612301,0,Propose,0,0
70612301,0,Precommit,3,0
70612301,0,Commit,0,0
70612302,0,NewHeight,4,0
70612302,0,Prevote,18,1
70612302,0,PrevoteWait,4,0
70612302,0,Precommit,0,0
70612302,0,Commit,4,0
70612303,0,NewHeight,0,0
70612303,0,NewRound,2,0
70612303,0,Propose,0,0
70612303,0,Prevote,4,1
70612303,0,PrevoteWait,3,0
70612303,0,Precommit,1,0
70612303,0,Commit,1,0
70612304,0,NewHeight,1,0
70612304,0,NewRound,3,0
70612304,0,Propose,0,0
70612304,0,Prevote,1,1
70612304,0,Precommit,3,0
70612304,0,Commit,2,0
70612305,0,NewHeight,0,0
70612305,0,NewRound,3,0
70612305,0,Propose,0,0
70612305,0,Prevote,1,1
70612305,0,Precommit,4,0
70612305,0,Commit,4,0
70612306,0,NewHeight,1,0
70612306,0,NewRound,2,0
70612306,0,Propose,0,0
70612306,0,Prevote,1,1
70612306,0,Precommit,3,0
70612306,0,Commit,4,0
70612307,0,NewHeight,0,0
70612307,0,NewRound,3,0
70612307,0,Propose,0,0
70612307,0,Prevote,1,1
70612307,0,Precommit,2,0
70612307,0,Commit,1,0
70612308,0,NewHeight,1,0
70612308,0,NewRound,1,0
70612308,0,Propose,0,0
70612308,0,Prevote,3,1
70612308,0,Precommit,2,0
70612308,0,Commit,1,0
70612309,0,NewHeight,0,0
70612309,0,NewRound,1,0
70612309,0,Propose,0,0
70612309,0,Prevote,2,1
70612309,0,Precommit,6,0
70612309,0,Commit,2,0
70612310,0,NewHeight,1,0
70612310,0,NewRound,2,0
70612310,0,Propose,0,0
70612310,0,Prevote,1,1
70612310,0,Precommit,6,0
70612310,0,Commit,1,0
70612311,0,NewHeight,0,0
70612311,0,NewRound,0,0
70612311,0,Propose,0,0
70612311,0,Precommit,5,0
70612311,0,Commit,0,0
70612312,0,NewHeight,3,0
70612312,0,NewRound,12,0
70612312,0,Propose,0,0
70612312,0,Precommit,0,0
70612312,0,Commit,0,0
70612313,0,NewHeight,7,0
70612313,0,Prevote,18,1
70612313,0,Precommit,6,0
70612313,0,Commit,7,0
70612314,0,NewHeight,2,0
70612314,0,NewRound,4,0
70612314,0,Propose,0,0
70612314,0,Prevote,1,1
70612314,0,Precommit,7,0
70612314,0,Commit,3,0
70612315,0,NewHeight,1,0
70612315,0,NewRound,1,0
70612315,0,Propose,0,0
70612315,0,Prevote,2,1
70612315,0,Precommit,3,0
70612315,0,Commit,5,0
70612316,0,NewHeight,3,0
70612316,0,NewRound,1,0
70612316,0,Propose,0,0
70612316,0,Prevote,2,1
70612316,0,Precommit,3,0
70612316,0,Commit,4,0
70612317,0,NewHeight,1,0
70612317,0,NewRound,1,0
70612317,0,Propose,0,0
70612317,0,Prevote,4,1
70612317,0,Precommit,3,0
70612317,0,Commit,4,0
70612318,0,NewHeight,0,0
70612318,0,NewRound,2,0
70612318,0,Propose,0,0
70612318,0,Prevote,1,1
70612318,0,Precommit,4,0
70612318,0,Commit,1,0
70612319,0,NewHeight,0,0
70612319,0,NewRound,2,0
70612319,0,Propose,0,0
70612319,0,Prevote,2,1
70612319,0,Precommit,3,0
70612319,0,Commit,4,0
70612320,0,NewHeight,0,0
70612320,0,NewRound,2,0
70612320,0,Propose,0,0
70612320,0,Prevote,1,1
70612320,0,Precommit,6,0
70612320,0,Commit,3,0
70612321,0,NewHeight,0,0
70612321,0,NewRound,0,0
70612321,0,Propose,0,0
70612321,0,Precommit,3,0
70612321,0,Commit,0,0
70612322,0,NewHeight,2,0
70612322,0,NewRound,21,0
70612322,0,Propose,0,0
70612322,0,Precommit,0,0
70612322,0,Commit,0,0
70612323,0,NewHeight,3,0
70612323,0,Prevote,16,1
70612323,0,Precommit,7,0
70612323,0,Commit,2,0
70612324,0,NewHeight,1,0
70612324,0,NewRound,4,0
70612324,0,Propose,0,0
70612324,0,Prevote,1,1
70612324,0,Precommit,1,0
70612324,0,Commit,0,0
70612325,0,NewHeight,1,0
70612325,0,NewRound,2,0
70612325,0,Propose,0,0
70612325,0,Prevote,1,1
70612325,0,PrevoteWait,7,0
70612325,0,Precommit,0,0
70612325,0,Commit,4,0
70612326,0,NewHeight,0,0
70612326,0,NewRound,1,0
70612326,0,Propose,0,0
70612326,0,Prevote,6,1
70612326,0,PrevoteWait,3,0
70612326,0,Precommit,0,0
70612326,0,Commit,10,0
70612327,0,NewHeight,1,0
70612327,0,NewRound,4,0
70612327,0,Propose,0,0
70612327,0,Prevote,2,1
70612327,0,PrevoteWait,2,0
70612327,0,Precommit,1,0
70612327,0,Commit,4,0
70612328,0,NewHeight,1,0
70612328,0,NewRound,4,0
70612328,0,Propose,0,0
70612328,0,Prevote,1,1
70612328,0,Precommit,6,0
70612328,0,Commit,2,0
70612329,0,NewHeight,1,0
70612329,0,NewRound,3,0
70612329,0,Propose,0,0
70612329,0,Prevote,1,1
70612329,0,PrevoteWait,5,0
70612329,0,Precommit,0,0
70612329,0,Commit,3,0
70612330,0,NewHeight,0,0
70612330,0,NewRound,1,0
70612330,0,Propose,0,0
70612330,0,Prevote,1,1
70612330,0,Precommit,3,0
70612330,0,Commit,6,0
70612331,0,NewHeight,0,0
70612331,0,NewRound,0,0
70612331,0,Propose,0,0
70612331,0,Precommit,3,0
70612331,0,Commit,0,0
70612332,0,NewHeight,4,0
70612332,0,NewRound,9,0
70612332,0,Propose,0,0
70612332,0,Precommit,0,0
70612332,0,Commit,0,0
70612333,0,NewHeight,8,0
70612333,0,Prevote,8,1
70612333,0,Precommit,1,0
70612333,0,Commit,12,0
70612335,0,NewHeight,0,0
70612350,0,NewRound,1,0
70612350,0,Propose,0,0
70612350,0,Precommit,0,0
70612350,0,Commit,0,0
70612351,0,NewHeight,4,0
70612351,0,NewRound,0,0
70612351,0,Propose,0,0
70612351,0,Precommit,18,0
70612351,0,Commit,0,0
70612352,0,NewHeight,1,0
70612352,0,NewRound,12,0
70612352,0,Propose,0,0
70612352,0,Precommit,0,0
70612352,0,Commit,0,0
70612353,0,NewHeight,3,0
70612353,0,NewRound,17,0
70612353,0,Propose,0,0
70612353,0,Precommit,0,0
70612353,0,Commit,0,0
70612354,0,NewHeight,6,0
70612354,0,NewRound,14,0
70612354,0,Propose,0,0
70612354,0,Precommit,0,0
70612354,0,Commit,0,0
70612355,0,NewHeight,9,0
70612355,0,NewRound,15,0
70612355,0,Propose,0,0
70612355,0,Prevote,2,1
70612355,0,PrevoteWait,6,0
70612355,0,Precommit,1,0
70612355,0,Commit,2,0
70612356,0,NewHeight,0,0
70612356,0,NewRound,2,0
70612356,0,Propose,0,0
70612356,0,Prevote,1,1
70612356,0,Precommit,3,0
70612356,0,Commit,3,0
70612357,0,NewHeight,1,0
70612357,0,NewRound,1,0
70612357,0,Propose,0,0
70612357,0,Prevote,1,1
70612357,0,Precommit,4,0
70612357,0,Commit,3,0
70612358,0,NewHeight,1,0
70612358,0,NewRound,1,0
70612358,0,Propose,0,0
70612358,0,Prevote,1,1
70612358,0,Precommit,5,0
70612358,0,Commit,1,0
70612360,0,NewHeight,0,0
70614972,0,NewRound,1,0
70614972,0,Propose,0,0
70614972,0,Precommit,0,0
70614972,0,Commit,0,0
70614973,0,NewHeight,5,0
70614973,0,NewRound,12,0
70614973,0,Propose,0,0
70614973,0,Precommit,0,0
70614973,0,Commit,0,0
70614974,0,NewHeight,6,0
70614974,0,NewRound,8,0
70614974,0,Propose,0,0
70614974,0,Precommit,0,0
70614974,0,Commit,0,0
70614975,0,NewHeight,1,0
70614975,0,NewRound,6,0
70614975,0,Propose,0,0
70614975,0,Precommit,0,0
70614975,0,Commit,0,0
70614976,0,NewHeight,4,0
70614976,0,NewRound,0,0
70614976,0,Propose,0,0
70614976,0,Precommit,10,0
70614976,0,Commit,0,0
70614977,0,NewHeight,7,0
70614977,0,NewRound,6,0
70614977,0,Propose,0,0
70614977,0,Precommit,0,0
70614977,0,Commit,0,0
70614978,0,NewHeight,1,0
70614978,0,NewRound,32,0
70614978,0,Propose,0,0
70614978,0,Precommit,0,0
70614978,0,Commit,0,0
70614979,0,NewHeight,9,0
70614979,0,NewRound,0,0
70614979,0,Propose,0,0
70614979,0,Precommit,22,0
70614979,0,Commit,0,0
70614980,0,NewHeight,4,0
70614980,0,NewRound,26,0
70614980,0,Propose,0,0
70614980,0,Precommit,0,0
70614980,0,Commit,0,0
70614982,0,NewHeight,0,0
70616545,0,NewRound,1,0
70616545,0,Propose,0,0
70616545,0,Precommit,0,0
70616545,0,Commit,0,0
70616546,0,NewHeight,5,0
70616546,0,NewRound,12,0
70616546,0,Propose,0,0
70616546,0,Precommit,2,0
70616546,0,Commit,0,0
70616547,0,NewHeight,3,0
70616547,0,NewRound,0,0
70616547,0,Propose,0,0
70616547,0,Precommit,6,0
70616547,0,Commit,0,0
70616548,0,NewHeight,4,0
70616548,0,NewRound,11,0
70616548,0,Propose,0,0
70616548,0,Precommit,1,0
70616548,0,Commit,0,0
70616549,0,NewHeight,3,0
70616549,0,NewRound,0,0
70616549,0,Propose,0,0
70616549,0,Precommit,15,0
70616549,0,Commit,0,0
70616550,0,NewHeight,10,0
70616550,0,NewRound,20,0
70616550,0,Propose,0,0
70616550,0,Precommit,3,0
70616550,0,Commit,0,0
70616551,0,NewHeight,3,0
70616551,0,NewRound,0,0
70616551,0,Propose,0,0
70616551,0,Precommit,12,0
70616551,0,Commit,0,0
70616552,0,NewHeight,5,0
70616552,0,NewRound,4,0
70616552,0,Propose,0,0
70616552,0,Precommit,0,0
70616552,0,Commit,0,0
70616553,0,NewHeight,10,0
70616553,0,NewRound,0,0
70616553,0,Propose,0,0
70616553,0,Precommit,21,0
70616553,0,Commit,0,0
70616554,0,NewHeight,3,0
70616554,0,NewRound,12,0
70616554,0,Propose,0,0
70616554,0,Precommit,0,0
70616554,0,Commit,0,0
70616555,0,NewHeight,2,0
70616555,0,NewRound,3,0
70616555,0,Propose,0,0
70616555,0,Precommit,0,0
70616555,0,Commit,0,0
70616556,0,NewHeight,5,0
70616556,0,NewRound,10,0
70616556,0,Propose,0,0
70616556,0,Precommit,0,0
70616556,0,Commit,0,0
70616557,0,NewHeight,5,0
70616557,0,NewRound,6,0
70616557,0,Propose,0,0
70616557,0,Precommit,0,0
70616557,0,Commit,0,0
70616558,0,NewHeight,3,0
70616558,0,NewRound,8,0
70616558,0,Propose,0,0
70616558,0,Precommit,0,0
70616558,0,Commit,0,0
70616559,0,NewHeight,7,0
70616559,0,NewRound,9,0
70616559,0,Propose,0,0
70616559,0,Precommit,0,0
70616559,0,Commit,0,0
70616560,0,NewHeight,5,0
70616560,0,NewRound,10,0
70616560,0,Propose,0,0
70616560,0,Precommit,0,0
70616560,0,Commit,0,0
70616561,0,NewHeight,2,0
70616561,0,NewRound,0,0
70616561,0,Propose,0,0
70616561,0,Precommit,12,0
70616561,0,Commit,0,0
70616562,0,NewHeight,9,0
70616562,0,NewRound,27,0
70616562,0,Propose,0,0
70616562,0,Precommit,0,0
70616562,0,Commit,0,0
70616563,0,NewHeight,7,0
70616563,0,NewRound,9,0
70616563,0,Propose,0,0
70616563,0,Precommit,0,0
70616563,0,Commit,0,0
70616564,0,NewHeight,4,0
70616564,0,NewRound,12,0
70616564,0,Propose,0,0
70616564,0,Precommit,0,0
70616564,0,Commit,0,0
70616565,0,NewHeight,10,0
70616565,0,NewRound,17,0
70616565,0,Propose,0,0
70616565,0,Precommit,0,0
70616565,0,Commit,0,0
70616566,0,NewHeight,5,0
70616566,0,NewRound,12,0
70616566,0,Propose,0,0
70616566,0,Precommit,0,0
70616566,0,Commit,0,0
70616567,0,NewHeight,7,0
70616567,0,NewRound,14,0
70616567,0,Propose,0,0
70616567,0,Precommit,0,0
70616567,0,Commit,0,0
70616568,0,NewHeight,5,0
70616568,0,NewRound,12,0
70616568,0,Propose,0,0
70616568,0,Precommit,0,0
70616568,0,Commit,0,0
70616569,0,NewHeight,5,0
70616569,0,NewRound,14,0
70616569,0,Propose,0,0
70616569,0,Precommit,0,0
70616569,0,Commit,0,0
70616570,0,NewHeight,3,0
70616570,0,NewRound,13,0
70616570,0,Propose,0,0
70616570,0,Precommit,0,0
70616570,0,Commit,0,0
70616571,0,NewHeight,6,0
70616571,0,NewRound,0,0
70616571,0,Propose,0,0
70616571,0,Precommit,17,0
70616571,0,Commit,0,0
70616572,0,NewHeight,10,0
70616572,0,NewRound,6,0
70616572,0,Propose,0,0
70616572,0,Precommit,0,0
70616572,0,Commit,0,0
70616574,0,NewHeight,0,0
70618508,0,NewRound,3,0
70618508,0,Propose,0,0
70618508,0,Precommit,0,0
70618508,0,Commit,0,0
70618509,0,NewHeight,3,0
70618509,0,NewRound,14,0
70618509,0,Propose,0,0
70618509,0,Precommit,2,0
70618509,0,Commit,0,0
70618510,0,NewHeight,3,0
70618510,0,NewRound,4,0
70618510,0,Propose,0,0
70618510,0,Precommit,3,0
70618510,0,Commit,0,0
70618511,0,NewHeight,4,0
70618511,0,NewRound,0,0
70618511,0,Propose,0,0
70618511,0,Precommit,7,0
70618511,0,Commit,0,0
70618512,0,NewHeight,1,0
70618512,0,NewRound,6,0
70618512,0,Propose,0,0
70618512,0,Precommit,0,0
70618512,0,Commit,0,0
70618513,0,NewHeight,4,0
70618513,0,NewRound,4,0
70618513,0,Propose,0,0
70618513,0,Precommit,0,0
70618513,0,Commit,0,0
70618514,0,NewHeight,4,0
70618514,0,NewRound,6,0
70618514,0,Propose,0,0
70618514,0,Precommit,0,0
70618514,0,Commit,0,0
70618515,0,NewHeight,3,0
70618515,0,NewRound,5,0
70618515,0,Propose,0,0
70618515,0,Precommit,0,0
70618515,0,Commit,0,0
70618516,0,NewHeight,3,0
70618516,0,NewRound,5,0
70618516,0,Propose,0,0
70618516,0,Precommit,0,0
70618516,0,Commit,0,0
70618517,0,NewHeight,4,0
70618517,0,NewRound,3,0
70618517,0,Propose,0,0
70618517,0,Precommit,0,0
70618517,0,Commit,0,0
70618518,0,NewHeight,7,0
70618518,0,NewRound,2,0
70618518,0,Propose,0,0
70618518,0,Precommit,0,0
70618518,0,Commit,0,0
70618519,0,NewHeight,2,0
70618519,0,NewRound,9,0
70618519,0,Propose,0,0
70618519,0,Precommit,2,0
70618519,0,Commit,0,0
70618520,0,NewHeight,2,0
70618520,0,NewRound,7,0
70618520,0,Propose,0,0
70618520,0,Precommit,0,0
70618520,0,Commit,0,0
70618521,0,NewHeight,9,0
70618521,0,NewRound,0,0
70618521,0,Propose,0,0
70618521,0,Precommit,8,0
70618521,0,Commit,0,0
70618522,0,NewHeight,2,0
70618522,0,NewRound,6,0
70618522,0,Propose,0,0
70618522,0,Precommit,0,0
70618522,0,Commit,0,0
70618523,0,NewHeight,3,0
70618523,0,NewRound,4,0
70618523,0,Propose,0,0
70618523,0,Precommit,0,0
70618523,0,Commit,0,0
70618524,0,NewHeight,5,0
70618524,0,NewRound,13,0
70618524,0,Propose,0,0
70618524,0,Precommit,0,0
70618524,0,Commit,0,0
70618525,0,NewHeight,4,0
70618525,0,NewRound,6,0
70618525,0,Propose,0,0
70618525,0,Precommit,0,0
70618525,0,Commit,0,0
70618526,0,NewHeight,1,0
70618526,0,NewRound,4,0
70618526,0,Propose,0,0
70618526,0,Precommit,0,0
70618526,0,Commit,0,0
70618527,0,NewHeight,1,0
70618527,0,NewRound,3,0
70618527,0,Propose,0,0
70618527,0,Precommit,25,0
70618527,0,Commit,0,0
70618528,0,NewHeight,8,0
70618528,0,NewRound,0,0
70618528,0,Propose,0,0
70618528,0,Precommit,14,0
70618528,0,Commit,0,0
70618529,0,NewHeight,5,0
70618529,0,NewRound,20,0
70618529,0,Propose,0,0
70618529,0,Precommit,0,0
70618529,0,Commit,0,0
70618530,0,NewHeight,8,0
70618530,0,NewRound,0,0
70618530,0,Propose,0,0
70618530,0,Precommit,65,0
70618530,0,Commit,0,0
70618531,0,NewHeight,17,0
70618531,0,NewRound,0,0
70618531,0,Propose,0,0
70618531,0,Precommit,39,0
70618531,0,Commit,0,0
70618532,0,NewHeight,18,0
70618532,0,NewRound,82,0
70618532,0,Propose,0,0
70618532,0,Precommit,10,0
70618532,0,Commit,0,0
70618533,0,NewHeight,0,0
70618574,0,NewRound,1,0
70618574,0,Propose,0,0
70618574,0,Precommit,0,0
70618574,0,Commit,0,0
70618575,0,NewHeight,3,0
70618575,0,NewRound,12,0
70618575,0,Propose,0,0
70618575,0,Precommit,0,0
70618575,0,Commit,0,0
70618576,0,NewHeight,4,0
70618576,0,NewRound,12,0
70618576,0,Propose,0,0
70618576,0,Precommit,0,0
70618576,0,Commit,0,0
70618577,0,NewHeight,4,0
70618577,0,NewRound,16,0
70618577,0,Propose,0,0
70618577,0,Precommit,0,0
70618577,0,Commit,0,0
70618578,0,NewHeight,14,0
70618578,0,NewRound,0,0
70618578,0,Propose,0,0
70618578,0,Precommit,18,0
70618578,0,Commit,1,0
70618579,0,NewHeight,17,0
70618579,0,NewRound,23,0
70618579,0,Propose,0,0
70618579,0,Precommit,0,0
70618579,0,Commit,0,0
70618580,0,NewHeight,6,0
70618580,0,NewRound,22,0
70618580,0,Propose,0,0
70618580,0,Precommit,0,0
70618580,0,Commit,0,0
70618581,0,NewHeight,7,0
70618581,0,NewRound,0,0
70618581,0,Propose,0,0
70618581,0,Precommit,19,0
70618581,0,Commit,0,0
70618582,0,NewHeight,2,0
70618582,0,NewRound,17,0
70618582,0,Propose,0,0
70618582,0,Precommit,0,0
70618582,0,Commit,0,0
70618583,0,NewHeight,9,0
70618583,0,NewRound,13,0
70618583,0,Propose,0,0
70618583,0,Precommit,0,0
70618583,0,Commit,0,0
70618584,0,NewHeight,13,0
70618584,0,NewRound,20,0
70618584,0,Propose,0,0
70618584,0,Precommit,0,0
70618584,0,Commit,0,0
70618585,0,NewHeight,1,0
70618585,0,NewRound,9,0
70618585,0,Propose,0,0
70618585,0,Precommit,0,0
70618585,0,Commit,0,0
70618586,0,NewHeight,3,0
70618586,0,NewRound,11,0
70618586,0,Propose,0,0
70618586,0,Precommit,0,0
70618586,0,Commit,0,0
70618587,0,NewHeight,5,0
70618587,0,NewRound,40,0
70618587,0,Propose,0,0
70618587,0,Precommit,0,0
70618587,0,Commit,0,0
70618589,0,NewHeight,0,0
70620239,0,NewRound,0,0
70620239,0,Propose,0,0
70620239,0,Precommit,0,0
70620239,0,Commit,0,0
70620240,0,NewHeight,6,0
70620240,0,NewRound,9,0
70620240,0,Propose,0,0
70620240,0,Precommit,0,0
70620240,0,Commit,0,0
70620241,0,NewHeight,7,0
70620241,0,NewRound,0,0
70620241,0,Propose,0,0
70620241,0,Precommit,12,0
70620241,0,Commit,0,0
70620242,0,NewHeight,8,0
70620242,0,NewRound,11,0
70620242,0,Propose,0,0
70620242,0,Precommit,0,0
70620242,0,Commit,0,0
70620243,0,NewHeight,11,0
70620243,0,NewRound,13,0
70620243,0,Propose,0,0
70620243,0,Precommit,0,0
70620243,0,Commit,0,0
70620244,0,NewHeight,9,0
70620244,0,NewRound,17,0
70620244,0,Propose,0,0
70620244,0,Precommit,0,0
70620244,0,Commit,0,0
70620245,0,NewHeight,6,0
70620245,0,NewRound,15,0
70620245,0,Propose,0,0
70620245,0,Precommit,0,0
70620245,0,Commit,0,0
70620246,0,NewHeight,6,0
70620246,0,NewRound,14,0
70620246,0,Propose,0,0
70620246,0,Precommit,0,0
70620246,0,Commit,0,0
70620247,0,NewHeight,7,0
70620247,0,NewRound,24,0
70620247,0,Propose,0,0
70620247,0,Precommit,0,0
70620247,0,Commit,0,0
70620248,0,NewHeight,25,0
70620248,0,NewRound,20,0
70620248,0,Propose,0,0
70620248,0,Precommit,0,0
70620248,0,Commit,0,0
70620249,0,NewHeight,10,0
70620249,0,NewRound,33,0
70620249,0,Propose,0,0
70620249,0,Precommit,0,0
70620249,0,Commit,0,0
70620250,0,NewHeight,14,0
70620250,0,NewRound,32,0
70620250,0,Propose,0,0
70620250,0,Precommit,0,0
70620250,0,Commit,0,0
70620251,0,NewHeight,8,0
70620251,0,NewRound,1,0
70620251,0,Propose,0,0
70620251,0,Precommit,29,0
70620251,0,Commit,0,0
70620252,0,NewHeight,12,0
70620252,0,NewRound,26,0
70620252,0,Propose,0,0
70620252,0,Precommit,0,0
70620252,0,Commit,0,0
70620253,0,NewHeight,15,0
70620253,0,NewRound,31,0
70620253,0,Propose,0,0
70620253,0,Precommit,0,0
70620253,0,Commit,0,0
70620254,0,NewHeight,14,0
70620254,0,NewRound,19,0
70620254,0,Propose,0,0
70620254,0,Precommit,0,0
70620254,0,Commit,0,0
70620255,0,NewHeight,19,0
70620255,0,NewRound,27,0
70620255,0,Propose,0,0
70620255,0,Precommit,0,0
70620255,0,Commit,0,0
70620256,0,NewHeight,7,0
70620256,0,NewRound,19,0
70620256,0,Propose,0,0
70620256,0,Precommit,0,0
70620256,0,Commit,0,0
70620257,0,NewHeight,4,0
70620257,0,NewRound,12,0
70620257,0,Propose,0,0
70620257,0,Precommit,0,0
70620257,0,Commit,0,0
70620258,0,NewHeight,10,0
70620258,0,NewRound,12,0
70620258,0,Propose,0,0
70620258,0,Precommit,0,0
70620258,0,Commit,0,0
70620259,0,NewHeight,0,0
70620290,0,NewRound,2,0
70620290,0,Propose,0,0
70620290,0,Precommit,0,0
70620290,0,Commit,0,0
70620291,0,NewHeight,3,0
70620291,0,NewRound,0,0
70620291,0,Propose,0,0
70620291,0,Precommit,14,0
70620291,0,Commit,0,0
70620292,0,NewHeight,10,0
70620292,0,NewRound,12,0
70620292,0,Propose,0,0
70620292,0,Precommit,0,0
70620292,0,Commit,0,0
70620293,0,NewHeight,9,0
70620293,0,NewRound,13,0
70620293,0,Propose,0,0
70620293,0,Precommit,0,0
70620293,0,Commit,0,0
70620294,0,NewHeight,3,0
70620294,0,NewRound,19,0
70620294,0,Propose,0,0
70620294,0,Precommit,0,0
70620294,0,Commit,0,0
70620295,0,NewHeight,7,0
70620295,0,NewRound,11,0
70620295,0,Propose,0,0
70620295,0,Precommit,0,0
70620295,0,Commit,0,0
70620296,0,NewHeight,6,0
70620296,0,NewRound,17,0
70620296,0,Propose,0,0
70620296,0,Precommit,0,0
70620296,0,Commit,0,0
70620297,0,NewHeight,7,0
70620297,0,NewRound,12,0
70620297,0,Propose,0,0
70620297,0,Precommit,0,0
70620297,0,Commit,0,0
70620298,0,NewHeight,11,0
70620298,0,NewRound,12,0
70620298,0,Propose,0,0
70620298,0,Precommit,0,0
70620298,0,Commit,0,0
70620299,0,NewHeight,8,0
70620299,0,NewRound,19,0
70620299,0,Propose,0,0
70620299,0,Precommit,0,0
70620299,0,Commit,0,0
70620300,0,NewHeight,3,0
70620300,0,NewRound,11,0
70620300,0,Propose,0,0
70620300,0,Precommit,0,0
70620300,0,Commit,0,0
70620301,0,NewHeight,9,0
70620301,0,NewRound,0,0
70620301,0,Propose,0,0
70620301,0,Precommit,21,0
70620301,0,Commit,0,0
70620302,0,NewHeight,4,0
70620302,0,NewRound,13,0
70620302,0,Propose,0,0
70620302,0,Precommit,0,0
70620302,0,Commit,0,0
70620303,0,NewHeight,8,0
70620303,0,NewRound,22,0
70620303,0,Propose,0,0
70620303,0,Precommit,0,0
70620303,0,Commit,0,0
70620304,0,NewHeight,4,0
70620304,0,NewRound,17,0
70620304,0,Propose,0,0
70620304,0,Precommit,0,0
70620304,0,Commit,0,0
70620305,0,NewHeight,9,0
70620305,0,NewRound,17,0
70620305,0,Propose,0,0
70620305,0,Precommit,0,0
70620305,0,Commit,0,0
70620306,0,NewHeight,6,0
70620306,0,NewRound,17,0
70620306,0,Propose,0,0
70620306,0,Precommit,0,0
70620306,0,Commit,0,0
70620307,0,NewHeight,4,0
70620307,0,NewRound,16,0
70620307,0,Propose,0,0
70620307,0,Precommit,0,0
70620307,0,Commit,0,0
70620308,0,NewHeight,7,0
70620308,0,NewRound,14,0
70620308,0,Propose,0,0
70620308,0,Precommit,0,0
70620308,0,Commit,0,0
70620309,0,NewHeight,8,0
70620309,0,NewRound,18,0
70620309,0,Propose,0,0
70620309,0,Precommit,0,0
70620309,0,Commit,0,0
70620310,0,NewHeight,3,0
70620310,0,NewRound,17,0
70620310,0,Propose,0,0
70620310,0,Precommit,0,0
70620310,0,Commit,0,0
70620311,0,NewHeight,2,0
70620311,0,NewRound,0,0
70620311,0,Propose,0,0
70620311,0,Precommit,19,0
70620311,0,Commit,0,0
70620312,0,NewHeight,5,0
70620312,0,NewRound,14,0
70620312,0,Propose,0,0
70620312,0,Precommit,0,0
70620312,0,Commit,0,0
70620313,0,NewHeight,4,0
70620313,0,NewRound,15,0
70620313,0,Propose,0,0
70620313,0,Precommit,0,0
70620313,0,Commit,0,0
70620314,0,NewHeight,8,0
70620314,0,NewRound,15,0
70620314,0,Propose,0,0
70620314,0,Precommit,0,0
70620314,0,Commit,0,0
70620315,0,NewHeight,9,0
70620315,0,NewRound,17,0
70620315,0,Propose,0,0
70620315,0,Precommit,0,0
70620315,0,Commit,0,0
70620316,0,NewHeight,8,0
70620316,0,NewRound,15,0
70620316,0,Propose,0,0
70620316,0,Precommit,0,0
70620316,0,Commit,0,0
70620317,0,NewHeight,3,0
70620317,0,NewRound,25,0
70620317,0,Propose,0,0
70620317,0,Precommit,0,0
70620317,0,Commit,0,0
70620318,0,NewHeight,1,0
70620318,0,NewRound,0,0
70620318,0,Propose,0,0
70620318,0,Prevote,18,1
70620318,0,Precommit,3,0
70620318,0,Commit,2,0
70620319,0,NewHeight,0,0
70620319,0,NewRound,1,0
70620319,0,Propose,0,0
70620319,0,Prevote,1,1
70620319,0,Precommit,7,0
70620319,0,Commit,3,0
70620320,0,NewHeight,0,0
70620320,0,NewRound,1,0
70620320,0,Propose,0,0
70620320,0,Prevote,1,1
70620320,0,Precommit,5,0
70620320,0,Commit,7,0
70620321,0,NewHeight,0,0
70620321,0,NewRound,0,0
70620321,0,Propose,0,0
70620321,0,Precommit,0,0
70620321,0,Commit,0,0
70620322,0,NewHeight,2,0
70620322,0,Prevote,15,1
70620322,0,Precommit,4,0
70620322,0,Commit,8,0
70620323,0,NewHeight,0,0
70620323,0,NewRound,3,0
70620323,0,Propose,0,0
70620323,0,Prevote,1,1
70620323,0,Precommit,4,0
70620323,0,Commit,2,0
70620324,0,NewHeight,0,0
70620324,0,NewRound,0,0
70620324,0,Propose,0,0
70620324,0,Prevote,3,1
70620324,0,Precommit,3,0
70620324,0,Commit,3,0
70620325,0,NewHeight,1,0
70620325,0,NewRound,0,0
70620325,0,Propose,0,0
70620325,0,Prevote,1,1
70620325,0,Precommit,3,0
70620325,0,Commit,0,0
70620326,0,NewHeight,0,0
70620326,0,NewRound,1,0
70620326,0,Propose,0,0
70620326,0,Prevote,1,1
70620326,0,PrevoteWait,3,0
70620326,0,Precommit,0,0
70620326,0,Commit,0,0
70620327,0,NewHeight,0,0
70620327,0,NewRound,0,0
70620327,0,Propose,0,0
70620327,0,Prevote,2,1
70620327,0,Precommit,3,0
70620327,0,Commit,1,0
70620328,0,NewHeight,0,0
70620328,0,NewRound,0,0
70620328,0,Propose,0,0
70620328,0,Prevote,1,1
70620328,0,Precommit,5,0
70620328,0,Commit,1,0
70620329,0,NewHeight,0,0
70620329,0,NewRound,1,0
70620329,0,Propose,0,0
70620329,0,Prevote,1,1
70620329,0,Precommit,5,0
70620329,0,Commit,1,0
70620331,0,NewHeight,0,0
70620361,0,NewRound,1,0
70620361,0,Propose,0,0
70620361,0,Precommit,0,0
70620361,0,Commit,0,0
70620362,0,NewHeight,7,0
70620362,0,NewRound,12,0
70620362,0,Propose,0,0
70620362,0,Precommit,0,0
70620362,0,Commit,0,0
70620363,0,NewHeight,7,0
70620363,0,NewRound,14,0
70620363,0,Propose,0,0
70620363,0,Precommit,0,0
70620363,0,Commit,0,0
70620364,0,NewHeight,7,0
70620364,0,NewRound,13,0
70620364,0,Propose,0,0
70620364,0,Precommit,0,0
70620364,0,Commit,0,0
70620365,0,NewHeight,3,0
70620365,0,NewRound,20,0
70620365,0,Propose,0,0
70620365,0,Precommit,1,0
70620365,0,Commit,0,0
70620366,0,NewHeight,3,0
70620366,0,NewRound,17,0
70620366,0,Propose,0,0
70620366,0,Precommit,0,0
70620366,0,Commit,0,0
70620367,0,NewHeight,7,0
70620367,0,NewRound,12,0
70620367,0,Propose,0,0
70620367,0,Precommit,0,0
70620367,0,Commit,0,0
70620368,0,NewHeight,7,0
70620368,0,NewRound,19,0
70620368,0,Propose,1,0
70620368,0,Precommit,0,0
70620368,0,Commit,0,0
70620369,0,NewHeight,4,0
70620369,0,NewRound,12,0
70620369,0,Propose,0,0
70620369,0,Precommit,0,0
70620369,0,Commit,0,0
70620370,0,NewHeight,8,0
70620370,0,NewRound,12,0
70620370,0,Propose,0,0
70620370,0,Precommit,0,0
70620370,0,Commit,0,0
70620371,0,NewHeight,8,0
70620371,0,NewRound,0,0
70620371,0,Propose,0,0
70620371,0,Precommit,28,0
70620371,0,Commit,0,0
70620372,0,NewHeight,3,0
70620372,0,NewRound,12,0
70620372,0,Propose,0,0
70620372,0,Precommit,0,0
70620372,0,Commit,0,0
70620373,0,NewHeight,6,0
70620373,0,NewRound,20,0
70620373,0,Propose,0,0
70620373,0,Precommit,0,0
70620373,0,Commit,0,0
70620374,0,NewHeight,3,0
70620374,0,NewRound,12,0
70620374,0,Propose,1,0
70620374,0,Precommit,0,0
70620374,0,Commit,0,0
70620375,0,NewHeight,4,0
70620375,0,NewRound,17,0
70620375,0,Propose,0,0
70620375,0,Precommit,0,0
70620375,0,Commit,0,0
70620376,0,NewHeight,9,0
70620376,0,NewRound,17,0
70620376,0,Propose,0,0
70620376,0,Precommit,0,0
70620376,0,Commit,0,0
70620377,0,NewHeight,5,0
70620377,0,NewRound,19,0
70620377,0,Propose,0,0
70620377,0,Precommit,0,0
70620377,0,Commit,0,0
70620378,0,NewHeight,8,0
70620378,0,Prevote,15,1
70620378,0,Precommit,5,0
70620378,0,Commit,1,0
70620379,0,NewHeight,0,0
70620379,0,NewRound,2,0
70620379,0,Propose,0,0
70620379,0,Prevote,2,1
70620379,0,Precommit,5,0
70620379,0,Commit,0,0
70620380,0,NewHeight,0,0
70620380,0,NewRound,0,0
70620380,0,Propose,0,0
70620380,0,Prevote,1,1
70620380,0,Precommit,4,0
70620380,0,Commit,4,0
70620381,0,NewHeight,0,0
70620381,0,NewRound,0,0
70620381,0,Propose,0,0
70620381,0,Precommit,2,0
70620381,0,Commit,0,0
70620382,0,NewHeight,4,0
70620382,0,NewRound,17,0
70620382,0,Propose,0,0
70620382,0,Precommit,0,0
70620382,0,Commit,0,0
70620383,0,NewHeight,6,0
70620383,0,Prevote,16,2
70620383,0,Precommit,19,0
70620383,0,Commit,2,0
70620384,0,NewHeight,1,0
70620384,0,NewRound,5,0
70620384,0,Propose,0,0
70620384,0,Prevote,14,3
70620384,0,PrevoteWait,12,0
70620384,0,Precommit,1,0
70620384,0,Commit,4,0
70620385,0,NewHeight,0,0
70620385,0,NewRound,0,0
70620385,0,Propose,0,0
70620385,0,Prevote,7,1
70620385,0,Precommit,5,0
70620385,0,Commit,1,0
70620386,0,NewHeight,1,0
70620386,0,NewRound,0,0
70620386,0,Propose,0,0
70620386,0,Prevote,4,2
70620386,0,PrevoteWait,9,0
70620386,0,Precommit,0,0
70620386,0,Commit,3,0
70620387,0,NewHeight,0,0
70620387,0,NewRound,0,0
70620387,0,Propose,0,0
70620387,0,Prevote,1,1
70620387,0,Precommit,4,0
70620387,0,Commit,4,0
70620388,0,NewHeight,0,0
70620388,0,NewRound,0,0
70620388,0,Propose,0,0
70620388,0,Prevote,3,2
70620388,0,PrevoteWait,8,0
70620388,0,Precommit,2,0
70620388,0,Commit,2,0
70620389,0,NewHeight,2,0
70620389,0,NewRound,1,0
70620389,0,Propose,0,0
70620389,0,Prevote,1,1
70620389,0,Precommit,3,0
70620389,0,Commit,2,0
70620390,0,NewHeight,0,0
70620390,0,NewRound,1,0
70620390,0,Propose,0,0
70620390,0,Prevote,1,1
70620390,0,Precommit,6,0
70620390,0,Commit,3,0
70620391,0,NewHeight,0,0
70620391,0,NewRound,0,0
70620391,0,Propose,0,0
70620391,0,Precommit,2,0
70620391,0,Commit,0,0
70620392,0,NewHeight,4,0
70620392,0,NewRound,11,0
70620392,0,Propose,0,0
70620392,0,Precommit,0,0
70620392,0,Commit,0,0
70620393,0,NewHeight,11,0
70620393,0,NewRound,14,0
70620393,0,Propose,0,0
70620393,0,Prevote,2,1
70620393,0,PrevoteWait,4,0
70620393,0,Precommit,0,0
70620393,0,Commit,6,0
70620394,0,NewHeight,0,0
70620394,0,NewRound,2,0
70620394,0,Propose,0,0
70620394,0,Prevote,2,1
70620394,0,PrevoteWait,4,0
70620394,0,Precommit,0,0
70620394,0,Commit,5,0
70620395,0,NewHeight,1,0
70620395,0,NewRound,1,0
70620395,0,Propose,0,0
70620395,0,Prevote,1,1
70620395,0,PrevoteWait,4,0
70620395,0,Precommit,0,0
70620395,0,Commit,2,0
70620396,0,NewHeight,0,0
70620396,0,NewRound,1,0
70620396,0,Propose,0,0
70620396,0,Prevote,1,1
70620396,0,PrevoteWait,3,0
70620396,0,Precommit,1,0
70620396,0,Commit,1,0
70620397,0,NewHeight,0,0
70620397,0,NewRound,1,0
70620397,0,Propose,0,0
70620397,0,Prevote,1,1
70620397,0,Precommit,4,0
70620397,0,Commit,3,0
70620398,0,NewHeight,0,0
70620398,0,NewRound,0,0
70620398,0,Propose,0,0
70620398,0,Prevote,1,1
70620398,0,Precommit,4,0
70620398,0,Commit,2,0
70620399,0,NewHeight,0,0
70620399,0,NewRound,1,0
70620399,0,Propose,0,0
70620399,0,Prevote,2,1
70620399,0,Precommit,3,0
70620399,0,Commit,3,0
70620400,0,NewHeight,0,0
70620400,0,NewRound,1,0
70620400,0,Propose,0,0
70620400,0,Prevote,1,1
70620400,0,Precommit,4,0
70620400,0,Commit,5,0
70620401,0,NewHeight,0,0
70620401,0,NewRound,0,0
70620401,0,Propose,0,0
70620401,0,Precommit,1,0
70620401,0,Commit,0,0
70620402,0,NewHeight,1,0
70620402,0,NewRound,13,0
70620402,0,Propose,0,0
70620402,0,Precommit,0,0
70620402,0,Commit,0,0
70620403,0,NewHeight,6,0
70620403,0,Prevote,14,1
70620403,0,Precommit,2,0
70620403,0,Commit,6,0
70620404,0,NewHeight,0,0
70620404,0,NewRound,5,0
70620404,0,Propose,0,0
70620404,0,Prevote,2,1
70620404,0,Precommit,4,0
70620404,0,Commit,1,0
70620405,0,NewHeight,0,0
70620405,0,NewRound,1,0
70620405,0,Propose,0,0
70620405,0,Prevote,2,1
70620405,0,Precommit,3,0
70620405,0,Commit,3,0
70620406,0,NewHeight,0,0
70620406,0,NewRound,0,0
70620406,0,Propose,0,0
70620406,0,Prevote,4,1
70620406,0,PrevoteWait,3,0
70620406,0,Precommit,1,0
70620406,0,Commit,2,0
70620407,0,NewHeight,1,0
70620407,0,NewRound,1,0
70620407,0,Propose,0,0
70620407,0,Prevote,1,1
70620407,0,Precommit,1,0
70620407,0,Commit,1,0
70620408,0,NewHeight,0,0
70620408,0,NewRound,1,0
70620408,0,Propose,0,0
70620408,0,Prevote,2,1
70620408,0,Precommit,3,0
70620408,0,Commit,3,0
70620409,0,NewHeight,0,0
70620409,0,NewRound,1,0
70620409,0,Propose,0,0
70620409,0,Prevote,1,1
70620409,0,PrevoteWait,5,0
70620409,0,Precommit,0,0
70620409,0,Commit,0,0
70620410,0,NewHeight,1,0
70620410,0,NewRound,1,0
70620410,0,Propose,0,0
70620410,0,Prevote,1,1
70620410,0,Precommit,6,0
70620410,0,Commit,1,0
70620411,0,NewHeight,1,0
70620411,0,NewRound,0,0
70620411,0,Propose,0,0
70620411,0,Precommit,1,0
70620411,0,Commit,0,0
70620412,0,NewHeight,6,0
70620412,0,Prevote,14,1
70620412,0,PrevoteWait,7,0
70620412,0,Precommit,0,0
70620412,0,Commit,4,0
70620413,0,NewHeight,1,0
70620413,0,NewRound,2,0
70620413,0,Propose,0,0
70620413,0,Prevote,1,1
70620413,0,Precommit,3,0
70620413,0,Commit,3,0
70620414,0,NewHeight,1,0
70620414,0,NewRound,1,0
70620414,0,Propose,0,0
70620414,0,Prevote,1,1
70620414,0,Precommit,4,0
70620414,0,Commit,3,0
70620415,0,NewHeight,0,0
70620415,0,NewRound,1,0
70620415,0,Propose,0,0
70620415,0,Prevote,1,1
70620415,0,PrevoteWait,4,0
70620415,0,Precommit,1,0
70620415,0,Commit,1,0
70620416,0,NewHeight,0,0
70620416,0,NewRound,1,0
70620416,0,Propose,0,0
70620416,0,Prevote,2,1
70620416,0,Precommit,4,0
70620416,0,Commit,2,0
70620418,0,NewHeight,0,0
70622092,0,NewRound,0,0
70622092,0,Propose,0,0
70622092,0,Precommit,0,0
70622092,0,Commit,0,0
70622093,0,NewHeight,5,0
70622093,0,NewRound,19,0
70622093,0,Propose,0,0
70622093,0,Precommit,0,0
70622093,0,Commit,0,0
70622094,0,NewHeight,4,0
70622094,0,NewRound,17,0
70622094,0,Propose,0,0
70622094,0,Precommit,9,0
70622094,0,Commit,0,0
70622095,0,NewHeight,11,0
70622095,0,NewRound,23,0
70622095,0,Propose,0,0
70622095,0,Precommit,0,0
70622095,0,Commit,0,0
70622096,0,NewHeight,7,0
70622096,0,NewRound,41,0
70622096,0,Propose,0,0
70622096,0,Precommit,0,0
70622096,0,Commit,0,0
70622097,0,NewHeight,2,0
70622097,0,NewRound,15,0
70622097,0,Propose,0,0
70622097,0,Precommit,0,0
70622097,0,Commit,0,0
70622098,0,NewHeight,4,0
70622098,0,NewRound,30,0
70622098,0,Propose,0,0
70622098,0,Precommit,0,0
70622098,0,Commit,0,0
70622099,0,NewHeight,6,0
70622099,0,NewRound,18,0
70622099,0,Propose,0,0
70622099,0,Precommit,0,0
70622099,0,Commit,0,0
70622100,0,NewHeight,10,0
70622100,0,NewRound,18,0
70622100,0,Propose,0,0
70622100,0,Precommit,0,0
70622100,0,Commit,0,0
70622101,0,NewHeight,7,0
70622101,0,NewRound,0,0
70622101,0,Propose,0,0
70622101,0,Precommit,36,0
70622101,0,Commit,0,0
70622102,0,NewHeight,4,0
70622102,0,NewRound,17,0
70622102,0,Propose,0,0
70622102,0,Precommit,0,0
70622102,0,Commit,0,0
70622103,0,NewHeight,4,0
70622103,0,NewRound,13,0
70622103,0,Propose,0,0
70622103,0,Precommit,0,0
70622103,0,Commit,0,0
70622105,0,NewHeight,0,0
70624082,0,NewRound,3,0
70624082,0,Propose,0,0
70624082,0,Precommit,0,0
70624082,0,Commit,0,0
70624083,0,NewHeight,2,0
70624083,0,NewRound,7,0
70624083,0,Propose,0,0
70624083,0,Precommit,2,0
70624083,0,Commit,0,0
70624084,0,NewHeight,2,0
70624084,0,NewRound,0,0
70624084,0,Propose,0,0
70624084,0,Precommit,0,0
70624084,0,Commit,0,0
70624085,0,NewHeight,4,0
70624085,0,NewRound,3,0
70624085,0,Propose,0,0
70624085,0,Precommit,0,0
70624085,0,Commit,0,0
70624086,0,NewHeight,2,0
70624086,0,NewRound,0,0
70624086,0,Propose,0,0
70624086,0,Precommit,4,0
70624086,0,Commit,0,0
70624087,0,NewHeight,1,0
70624087,0,NewRound,3,0
70624087,0,Propose,0,0
70624087,0,Precommit,0,0
70624087,0,Commit,0,0
70624088,0,NewHeight,3,0
70624088,0,NewRound,3,0
70624088,0,Propose,0,0
70624088,0,Precommit,1,0
70624088,0,Commit,0,0
70624089,0,NewHeight,2,0
70624089,0,NewRound,25,0
70624089,0,Propose,0,0
70624089,0,Precommit,0,0
70624089,0,Commit,0,0
70624090,0,NewHeight,4,0
70624090,0,NewRound,17,0
70624090,0,Propose,0,0
70624090,0,Precommit,51,0
70624090,0,Commit,0,0
70624091,0,NewHeight,9,0
70624091,0,NewRound,0,0
70624091,0,Propose,0,0
70624091,0,Precommit,46,0
70624091,0,Commit,0,0
70624092,0,NewHeight,12,0
70624092,0,NewRound,20,0
70624092,0,Propose,0,0
70624092,0,Precommit,0,0
70624092,0,Commit,0,0
70624093,0,NewHeight,17,0
70624093,0,NewRound,11,0
70624093,0,Propose,0,0
70624093,0,Precommit,0,0
70624093,0,Commit,0,0
70624094,0,NewHeight,15,0
70624094,0,NewRound,20,0
70624094,0,Propose,0,0
70624094,0,Precommit,0,0
70624094,0,Commit,0,0
70624095,0,NewHeight,5,0
70624095,0,NewRound,19,0
70624095,0,Propose,0,0
70624095,0,Precommit,0,0
70624095,0,Commit,0,0
70624096,0,NewHeight,2,0
70624096,0,NewRound,12,0
70624096,0,Propose,0,0
70624096,0,Precommit,0,0
70624096,0,Commit,0,0
70624097,0,NewHeight,9,0
70624097,0,NewRound,17,0
70624097,0,Propose,0,0
70624097,0,Precommit,0,0
70624097,0,Commit,0,0
70624098,0,NewHeight,4,0
70624098,0,NewRound,19,0
70624098,0,Propose,0,0
70624098,0,Precommit,0,0
70624098,0,Commit,0,0
70624099,0,NewHeight,4,0
70624099,0,NewRound,13,0
70624099,0,Propose,0,0
70624099,0,Precommit,0,0
70624099,0,Commit,0,0
70624100,0,NewHeight,3,0
70624100,0,NewRound,14,0
70624100,0,Propose,0,0
70624100,0,Precommit,0,0
70624100,0,Commit,0,0
70624101,0,NewHeight,11,0
70624101,0,NewRound,0,0
70624101,0,Propose,0,0
70624101,0,Precommit,32,0
70624101,0,Commit,1,0
70624102,0,NewHeight,6,0
70624102,0,NewRound,7,0
70624102,0,Propose,0,0
70624102,0,Precommit,0,0
70624102,0,Commit,0,0
70624103,0,NewHeight,9,0
70624103,0,NewRound,11,0
70624103,0,Propose,0,0
70624103,0,Precommit,0,0
70624103,0,Commit,0,0
70624104,0,NewHeight,7,0
70624104,0,NewRound,15,0
70624104,0,Propose,0,0
70624104,0,Precommit,0,0
70624104,0,Commit,0,0
70624105,0,NewHeight,2,0
70624105,0,NewRound,20,0
70624105,0,Propose,0,0
70624105,0,Precommit,0,0
70624105,0,Commit,0,0
70624106,0,NewHeight,7,0
70624106,0,NewRound,19,0
70624106,0,Propose,0,0
70624106,0,Precommit,0,0
70624106,0,Commit,0,0
70624107,0,NewHeight,6,0
70624107,0,NewRound,14,0
70624107,0,Propose,0,0
70624107,0,Precommit,0,0
70624107,0,Commit,0,0
70624108,0,NewHeight,2,0
70624108,0,Prevote,15,1
70624108,0,Precommit,6,0
70624108,0,Commit,1,0
70624109,0,NewHeight,0,0
70624109,0,NewRound,2,0
70624109,0,Propose,0,0
70624109,0,Prevote,1,1
70624109,0,Precommit,4,0
70624109,0,Commit,2,0
70624110,0,NewHeight,0,0
70624110,0,NewRound,0,0
70624110,0,Propose,0,0
70624110,0,Prevote,1,1
70624110,0,Precommit,7,0
70624110,0,Commit,1,0
70624111,0,NewHeight,0,0
70624142,0,NewRound,0,0
70624142,0,Propose,0,0
70624142,0,Precommit,0,0
70624142,0,Commit,0,0
70624143,0,NewHeight,2,0
70624143,0,NewRound,10,0
70624143,0,Propose,0,0
70624143,0,Precommit,0,0
70624143,0,Commit,0,0
70624144,0,NewHeight,4,0
70624144,0,NewRound,13,0
70624144,0,Propose,0,0
70624144,0,Precommit,0,0
70624144,0,Commit,0,0
70624145,0,NewHeight,6,0
70624145,0,NewRound,13,0
70624145,0,Propose,0,0
70624145,0,Precommit,0,0
70624145,0,Commit,0,0
70624146,0,NewHeight,5,0
70624146,0,NewRound,14,0
70624146,0,Propose,0,0
70624146,0,Precommit,0,0
70624146,0,Commit,0,0
70624147,0,NewHeight,3,0
70624147,0,NewRound,13,0
70624147,0,Propose,0,0
70624147,0,Precommit,0,0
70624147,0,Commit,0,0
70624148,0,NewHeight,3,0
70624148,0,NewRound,22,0
70624148,0,Propose,0,0
70624148,0,Precommit,0,0
70624148,0,Commit,0,0
70624149,0,NewHeight,3,0
70624149,0,NewRound,18,0
70624149,0,Propose,0,0
70624149,0,Precommit,0,0
70624149,0,Commit,0,0
70624150,0,NewHeight,4,0
70624150,0,NewRound,14,0
70624150,0,Propose,0,0
70624150,0,Precommit,0,0
70624150,0,Commit,0,0
70624151,0,NewHeight,5,0
70624151,0,NewRound,0,0
70624151,0,Propose,0,0
70624151,0,Precommit,20,0
70624151,0,Commit,0,0
70624152,0,NewHeight,7,0
70624152,0,NewRound,10,0
70624152,0,Propose,0,0
70624152,0,Precommit,0,0
70624152,0,Commit,0,0
70624154,0,NewHeight,0,0
70625851,0,NewRound,2,0
70625851,0,Propose,0,0
70625851,0,Precommit,0,0
70625851,0,Commit,0,0
70625852,0,NewHeight,6,0
70625852,0,NewRound,18,0
70625852,0,Propose,0,0
70625852,0,Precommit,0,0
70625852,0,Commit,0,0
70625853,0,NewHeight,9,0
70625853,0,NewRound,20,0
70625853,0,Propose,0,0
70625853,0,Precommit,0,0
70625853,0,Commit,0,0
70625854,0,NewHeight,10,0
70625854,0,NewRound,32,0
70625854,0,Propose,0,0
70625854,0,Precommit,0,0
70625854,0,Commit,0,0
70625855,0,NewHeight,7,0
70625855,0,NewRound,21,0
70625855,0,Propose,0,0
70625855,0,Precommit,0,0
70625855,0,Commit,0,0
70625856,0,NewHeight,8,0
70625856,0,NewRound,34,0
70625856,0,Propose,0,0
70625856,0,Precommit,0,0
70625856,0,Commit,0,0
70625858,0,NewHeight,0,0
70627853,0,NewRound,4,0
70627853,0,Propose,0,0
70627853,0,Precommit,0,0
70627853,0,Commit,0,0
70627854,0,NewHeight,3,0
70627854,0,NewRound,0,0
70627854,0,Propose,0,0
70627854,0,Precommit,30,0
70627854,0,Commit,0,0
70627855,0,NewHeight,3,0
70627855,0,NewRound,2,0
70627855,0,Propose,0,0
70627855,0,Precommit,0,0
70627855,0,Commit,0,0
70627856,0,NewHeight,10,0
70627856,0,NewRound,0,0
70627856,0,Propose,0,0
70627856,0,Precommit,17,0
70627856,0,Commit,0,0
70627857,0,NewHeight,8,0
70627857,0,NewRound,6,0
70627857,0,Propose,0,0
70627857,0,Precommit,0,0
70627857,0,Commit,0,0
70627858,0,NewHeight,9,0
70627858,0,NewRound,10,0
70627858,0,Propose,0,0
70627858,0,Precommit,0,0
70627858,0,Commit,0,0
70627859,0,NewHeight,3,0
70627859,0,NewRound,8,0
70627859,0,Propose,0,0
70627859,0,Precommit,0,0
70627859,0,Commit,0,0
70627860,0,NewHeight,2,0
70627860,0,NewRound,7,0
70627860,0,Propose,0,0
70627860,0,Precommit,0,0
70627860,0,Commit,0,0
70627861,0,NewHeight,5,0
70627861,0,NewRound,0,0
70627861,0,Propose,0,0
70627861,0,Precommit,11,0
70627861,0,Commit,0,0
70627862,0,NewHeight,3,0
70627862,0,NewRound,13,0
70627862,0,Propose,0,0
70627862,0,Precommit,0,0
70627862,0,Commit,0,0
70627863,0,NewHeight,17,0
70627863,0,NewRound,0,0
70627863,0,Propose,0,0
70627863,0,Precommit,8,0
70627863,0,Commit,0,0
70627864,0,NewHeight,9,0
70627864,0,NewRound,0,0
70627864,0,Propose,0,0
70627864,0,Precommit,11,0
70627864,0,Commit,0,0
70627865,0,NewHeight,3,0
70627865,0,NewRound,6,0
70627865,0,Propose,0,0
70627865,0,Precommit,0,0
70627865,0,Commit,0,0
70627866,0,NewHeight,12,0
70627866,0,NewRound,0,0
70627866,0,Propose,0,0
70627866,0,Precommit,11,0
70627866,0,Commit,0,0
70627867,0,NewHeight,9,0
70627867,0,NewRound,0,0
70627867,0,Propose,0,0
70627867,0,Precommit,5,0
70627867,0,Commit,1,0
70627868,0,NewHeight,10,0
70627868,0,NewRound,5,0
70627868,0,Propose,0,0
70627868,0,Precommit,6,0
70627868,0,Commit,0,0
70627869,0,NewHeight,9,0
70627869,0,NewRound,6,0
70627869,0,Propose,0,0
70627869,0,Precommit,0,0
70627869,0,Commit,0,0
70627870,0,NewHeight,4,0
70627870,0,NewRound,7,0
70627870,0,Propose,0,0
70627870,0,Precommit,0,0
70627870,0,Commit,0,0
70627871,0,NewHeight,4,0
70627871,0,NewRound,0,0
70627871,0,Propose,0,0
70627871,0,Precommit,14,0
70627871,0,Commit,0,0
70627872,0,NewHeight,2,0
70627872,0,NewRound,18,0
70627872,0,Propose,0,0
70627872,0,Precommit,6,0
70627872,0,Commit,0,0
70627873,0,NewHeight,4,0
70627873,0,NewRound,37,0
70627873,0,Propose,0,0
70627873,0,Precommit,0,0
70627873,0,Commit,0,0
70627874,0,NewHeight,21,0
70627874,0,NewRound,0,0
70627874,0,Propose,0,0
70627874,0,Precommit,32,0
70627874,0,Commit,0,0
70627875,0,NewHeight,33,0
70627875,0,NewRound,11,0
70627875,0,Propose,0,0
70627875,0,Precommit,14,0
70627875,0,Commit,0,0
70627876,0,NewHeight,32,0
70627876,0,NewRound,57,0
70627876,0,Propose,0,0
70627876,0,Precommit,0,0
70627876,0,Commit,0,0
70627877,0,NewHeight,21,0
70627877,0,NewRound,4,0
70627877,0,Propose,0,0
70627877,0,Precommit,38,0
70627877,0,Commit,0,0
70627878,0,NewHeight,27,0
70627878,0,NewRound,30,0
70627878,0,Propose,0,0
70627878,0,Precommit,0,0
70627878,0,Commit,0,0
70627879,0,NewHeight,28,0
70627879,0,NewRound,14,0
70627879,0,Propose,0,0
70627879,0,Precommit,35,0
70627879,0,Commit,0,0
70627880,0,NewHeight,18,0
70627880,0,Prevote,58,2
70627880,0,Precommit,16,0
70627880,0,Commit,24,0
70627881,0,NewHeight,9,0
70627881,0,NewRound,0,0
70627881,0,Propose,0,0
70627881,0,Prevote,74,2
70627881,0,PrevoteWait,10,0
70627881,0,Precommit,1,0
70627881,0,Commit,16,0
70627882,0,NewHeight,6,0
70627882,0,NewRound,31,0
70627882,0,Propose,0,0
70627882,0,Prevote,37,2
70627882,0,PrevoteWait,19,0
70627882,0,Precommit,0,0
70627882,0,Commit,14,0
70627883,0,NewHeight,4,0
70627883,0,NewRound,10,0
70627883,0,Propose,0,0
70627883,0,Prevote,6,1
70627883,0,Precommit,6,0
70627883,0,Commit,3,0
70627884,0,NewHeight,0,0
70627884,0,NewRound,5,0
70627884,0,Propose,0,0
70627884,0,Prevote,6,1
70627884,0,PrevoteWait,13,0
70627884,0,Precommit,0,0
70627884,0,Commit,3,0
70627885,0,NewHeight,0,0
70627885,0,NewRound,1,0
70627885,0,Propose,0,0
70627885,0,Prevote,1,1
70627885,0,Precommit,9,0
70627885,0,Commit,1,0
70627886,0,NewHeight,0,0
70627886,0,NewRound,0,0
70627886,0,Propose,0,0
70627886,0,Prevote,2,1
70627886,0,Precommit,5,0
70627886,0,Commit,1,0
70627887,0,NewHeight,0,0
70627887,0,NewRound,2,0
70627887,0,Propose,0,0
70627887,0,Prevote,5,1
70627887,0,Precommit,5,0
70627887,0,Commit,1,0
70627888,0,NewHeight,0,0
70627888,0,NewRound,0,0
70627888,0,Propose,0,0
70627888,0,Prevote,2,1
70627888,0,Precommit,5,0
70627888,0,Commit,1,0
70627889,0,NewHeight,0,0
70627889,0,NewRound,2,0
70627889,0,Propose,0,0
70627889,0,Prevote,3,1
70627889,0,PrevoteWait,8,0
70627889,0,Precommit,0,0
70627889,0,Commit,4,0
70627890,0,NewHeight,1,0
70627890,0,NewRound,0,0
70627890,0,Propose,0,0
70627890,0,Prevote,1,1
70627890,0,Precommit,6,0
70627890,0,Commit,1,0
70627891,0,NewHeight,0,0
70627891,0,NewRound,0,0
70627891,0,Propose,0,0
70627891,0,Precommit,5,0
70627891,0,Commit,0,0
70627892,0,NewHeight,5,0
70627892,0,NewRound,17,0
70627892,0,Propose,0,0
70627892,0,Precommit,0,0
70627892,0,Commit,0,0
70627893,0,NewHeight,7,0
70627893,0,NewRound,18,0
70627893,0,Propose,0,0
70627893,0,Precommit,0,0
70627893,0,Commit,0,0
70627894,0,NewHeight,6,0
70627894,0,NewRound,24,0
70627894,0,Propose,0,0
70627894,0,Prevote,6,1
70627894,0,PrevoteWait,3,0
70627894,0,Precommit,0,0
70627894,0,Commit,5,0
70627895,0,NewHeight,3,0
70627895,0,NewRound,2,0
70627895,0,Propose,0,0
70627895,0,Prevote,7,2
70627895,0,Precommit,8,0
70627895,0,Commit,4,0
70627896,0,NewHeight,1,0
70627896,0,NewRound,3,0
70627896,0,Propose,0,0
70627896,0,Prevote,3,2
70627896,0,Precommit,9,0
70627896,0,Commit,6,0
70627897,0,NewHeight,2,0
70627897,0,NewRound,4,0
70627897,0,Propose,0,0
70627897,0,Prevote,6,2
70627897,0,Precommit,10,0
70627897,0,Commit,3,0
70627898,0,NewHeight,0,0
70627898,0,NewRound,0,0
70627898,0,Propose,0,0
70627898,0,Prevote,8,2
70627898,0,Precommit,8,0
70627898,0,Commit,3,0
70627899,0,NewHeight,0,0
70627899,0,NewRound,0,0
70627899,0,Propose,0,0
70627899,0,Prevote,8,2
70627899,0,Precommit,12,0
70627899,0,Commit,2,0
70627900,0,NewHeight,0,0
70627900,0,NewRound,0,0
70627900,0,Propose,0,0
70627900,0,Prevote,4,2
70627900,0,PrevoteWait,14,0
70627900,0,Precommit,1,0
70627900,0,Commit,4,0
70627901,0,NewHeight,1,0
70627901,0,NewRound,0,0
70627901,0,Propose,0,0
70627901,0,Precommit,4,0
70627901,0,Commit,0,0
70627902,0,NewHeight,8,0
70627902,0,Prevote,42,1
70627902,0,Precommit,1,0
70627902,0,Commit,0,0
70627903,0,NewHeight,2,0
70627903,0,Prevote,10,1
70627903,0,Precommit,10,0
70627903,0,Commit,3,0
70627904,0,NewHeight,1,0
70627904,0,NewRound,3,0
70627904,0,Propose,0,0
70627904,0,Prevote,3,1
70627904,0,Precommit,6,0
70627904,0,Commit,2,0
70627905,0,NewHeight,1,0
70627905,0,NewRound,1,0
70627905,0,Propose,0,0
70627905,0,Prevote,3,1
70627905,0,Precommit,6,0
70627905,0,Commit,1,0
70627906,0,NewHeight,0,0
70627906,0,NewRound,1,0
70627906,0,Propose,0,0
70627906,0,Prevote,4,2
70627906,0,Precommit,12,0
70627906,0,Commit,2,0
70627907,0,NewHeight,0,0
70627907,0,NewRound,2,0
70627907,0,Propose,0,0
70627907,0,Prevote,3,2
70627907,0,Precommit,8,0
70627907,0,Commit,3,0
70627908,0,NewHeight,0,0
70627908,0,NewRound,0,0
70627908,0,Propose,0,0
70627908,0,Prevote,1,1
70627908,0,Precommit,4,0
70627908,0,Commit,1,0
70627909,0,NewHeight,1,0
70627909,0,NewRound,0,0
70627909,0,Propose,0,0
70627909,0,Prevote,3,1
70627909,0,Precommit,4,0
70627909,0,Commit,2,0
70627910,0,NewHeight,0,0
70627910,0,NewRound,2,0
70627910,0,Propose,0,0
70627910,0,Prevote,1,1
70627910,0,Precommit,6,0
70627910,0,Commit,3,0
70627911,0,NewHeight,0,0
70627911,0,NewRound,0,0
70627911,0,Propose,0,0
70627911,0,Prevote,3,1
70627911,0,Precommit,8,0
70627911,0,Commit,4,0
70627912,0,NewHeight,1,0
70627912,0,Prevote,8,2
70627912,0,Precommit,7,0
70627912,0,Commit,1,0
70627913,0,NewHeight,2,0
70627913,0,NewRound,1,0
70627913,0,Propose,0,0
70627913,0,Prevote,2,1
70627913,0,PrevoteWait,7,0
70627913,0,Precommit,0,0
70627913,0,Commit,3,0
70627914,0,NewHeight,0,0
70627914,0,NewRound,0,0
70627914,0,Propose,0,0
70627914,0,Prevote,1,1
70627914,0,PrevoteWait,6,0
70627914,0,Precommit,0,0
70627914,0,Commit,4,0
70627915,0,NewHeight,0,0
70627915,0,NewRound,1,0
70627915,0,Propose,0,0
70627915,0,Prevote,4,1
70627915,0,Precommit,5,0
70627915,0,Commit,1,0
70627916,0,NewHeight,0,0
70627916,0,NewRound,1,0
70627916,0,Propose,0,0
70627916,0,Prevote,2,1
70627916,0,Precommit,6,0
70627916,0,Commit,3,0
70627917,0,NewHeight,0,0
70627917,0,NewRound,2,0
70627917,0,Propose,0,0
70627917,0,Prevote,2,1
70627917,0,Precommit,5,0
70627917,0,Commit,4,0
70627918,0,NewHeight,1,0
70627918,0,NewRound,1,0
70627918,0,Propose,0,0
70627918,0,Prevote,1,1
70627918,0,Precommit,6,0
70627918,0,Commit,2,0
70627919,0,NewHeight,1,0
70627919,0,NewRound,2,0
70627919,0,Propose,0,0
70627919,0,Prevote,1,1
70627919,0,Precommit,6,0
70627919,0,Commit,3,0
70627920,0,NewHeight,0,0
70627920,0,NewRound,3,0
70627920,0,Propose,0,0
70627920,0,Prevote,1,1
70627920,0,Precommit,5,0
70627920,0,Commit,2,0
70627921,0,NewHeight,1,0
70627921,0,NewRound,0,0
70627921,0,Propose,0,0
70627921,0,Precommit,5,0
70627921,0,Commit,0,0
70627922,0,NewHeight,3,0
70627922,0,NewRound,10,0
70627922,0,Propose,0,0
70627922,0,Precommit,0,0
70627922,0,Commit,0,0
70627923,0,NewHeight,9,0
70627923,0,NewRound,0,0
70627923,0,Propose,0,0
70627923,0,Prevote,35,1
70627923,0,PrevoteWait,7,0
70627923,0,Precommit,0,0
70627923,0,Commit,3,0
70627924,0,NewHeight,0,0
70627924,0,NewRound,7,0
70627924,0,Propose,0,0
70627924,0,Prevote,2,2
70627924,0,Precommit,7,0
70627924,0,Commit,2,0
70627925,0,NewHeight,0,0
70627925,0,NewRound,2,0
70627925,0,Propose,0,0
70627925,0,Prevote,2,1
70627925,0,Precommit,6,0
70627925,0,Commit,2,0
70627926,0,NewHeight,1,0
70627926,0,NewRound,0,0
70627926,0,Propose,0,0
70627926,0,Prevote,1,1
70627926,0,Precommit,7,0
70627926,0,Commit,2,0
70627927,0,NewHeight,0,0
70627927,0,NewRound,3,0
70627927,0,Propose,0,0
70627927,0,Prevote,3,1
70627927,0,PrevoteWait,7,0
70627927,0,Precommit,0,0
70627927,0,Commit,2,0
70627928,0,NewHeight,1,0
70627928,0,NewRound,2,0
70627928,0,Propose,0,0
70627928,0,Prevote,1,1
70627928,0,Precommit,7,0
70627928,0,Commit,1,0
70627929,0,NewHeight,0,0
70627929,0,NewRound,0,0
70627929,0,Propose,0,0
70627929,0,Prevote,7,1
70627929,0,PrevoteWait,6,0
70627929,0,Precommit,0,0
70627929,0,Commit,4,0
70627930,0,NewHeight,0,0
70627930,0,NewRound,2,0
70627930,0,Propose,0,0
70627930,0,Prevote,5,2
70627930,0,Precommit,12,0
70627930,0,Commit,5,0
70627931,0,NewHeight,1,0
70627931,0,NewRound,0,0
70627931,0,Propose,0,0
70627931,0,Precommit,3,0
70627931,0,Commit,0,0
70627932,0,NewHeight,2,0
70627932,0,NewRound,20,0
70627932,0,Propose,0,0
70627932,0,Precommit,0,0
70627932,0,Commit,0,0
70627933,0,NewHeight,15,0
70627933,0,NewRound,34,0
70627933,0,Propose,0,0
70627933,0,Prevote,11,2
70627933,0,PrevoteWait,10,0
70627933,0,Precommit,0,0
70627933,0,Commit,3,0
70627934,0,NewHeight,2,0
70627934,0,NewRound,6,0
70627934,0,Propose,0,0
70627934,0,Prevote,5,2
70627934,0,Precommit,11,0
70627934,0,Commit,3,0
70627935,0,NewHeight,0,0
70627935,0,NewRound,4,0
70627935,0,Propose,0,0
70627935,0,Prevote,3,2
70627935,0,Precommit,10,0
70627935,0,Commit,1,0
70627936,0,NewHeight,2,0
70627936,0,NewRound,4,0
70627936,0,Propose,0,0
70627936,0,Prevote,1,1
70627936,0,Precommit,4,0
70627936,0,Commit,2,0
70627937,0,NewHeight,0,0
70627937,0,NewRound,0,0
70627937,0,Propose,0,0
70627937,0,Prevote,6,2
70627937,0,Precommit,8,0
70627937,0,Commit,5,0
70627938,0,NewHeight,0,0
70627938,0,NewRound,2,0
70627938,0,Propose,0,0
70627938,0,Prevote,1,1
70627938,0,Precommit,5,0
70627938,0,Commit,1,0
70627939,0,NewHeight,0,0
70627939,0,NewRound,1,0
70627939,0,Propose,0,0
70627939,0,Prevote,1,1
70627939,0,Precommit,6,0
70627939,0,Commit,2,0
70627940,0,NewHeight,0,0
70627940,0,NewRound,1,0
70627940,0,Propose,0,0
70627940,0,Prevote,1,1
70627940,0,PrevoteWait,7,0
70627940,0,Precommit,0,0
70627940,0,Commit,2,0
70627941,0,NewHeight,2,0
70627941,0,NewRound,0,0
70627941,0,Propose,0,0
70627941,0,Precommit,2,0
70627941,0,Commit,0,0
70627942,0,NewHeight,7,0
70627942,0,Prevote,17,2
70627942,0,PrevoteWait,11,0
70627942,0,Precommit,2,0
70627942,0,Commit,4,0
70627943,0,NewHeight,0,0
70627943,0,NewRound,0,0
70627943,0,Propose,0,0
70627943,0,Prevote,7,1
70627943,0,Precommit,5,0
70627943,0,Commit,1,0
70627944,0,NewHeight,0,0
70628113,0,NewRound,2,0
70628113,0,Propose,0,0
70628113,0,Precommit,0,0
70628113,0,Commit,0,0
70628114,0,NewHeight,4,0
70628114,0,NewRound,9,0
70628114,0,Propose,0,0
70628114,0,Precommit,0,0
70628114,0,Commit,0,0
70628115,0,NewHeight,8,0
70628115,0,NewRound,0,0
70628115,0,Propose,0,0
70628115,0,Precommit,43,0
70628115,0,Commit,0,0
70628116,0,NewHeight,18,0
70628116,0,NewRound,0,0
70628116,0,Propose,0,0
70628116,0,Precommit,37,0
70628116,0,Commit,0,0
70628117,0,NewHeight,32,0
70628117,0,NewRound,0,0
70628117,0,Propose,1,0
70628117,0,Precommit,38,0
70628117,0,Commit,0,0
70628118,0,NewHeight,21,0
70628118,0,NewRound,50,0
70628118,0,Propose,0,0
70628118,0,Precommit,3,0
70628118,0,Commit,0,0
70628119,0,NewHeight,8,0
70628119,0,NewRound,0,0
70628119,0,Propose,0,0
70628119,0,Precommit,35,0
70628119,0,Commit,0,0
70628120,0,NewHeight,4,0
70628120,0,NewRound,16,0
70628120,0,Propose,0,0
70628120,0,Precommit,0,0
70628120,0,Commit,0,0
70628121,0,NewHeight,5,0
70628121,0,NewRound,0,0
70628121,0,Propose,0,0
70628121,0,Precommit,23,0
70628121,0,Commit,0,0
70628122,0,NewHeight,1,0
70628122,0,NewRound,18,0
70628122,0,Propose,0,0
70628122,0,Precommit,0,0
70628122,0,Commit,0,0
70628123,0,NewHeight,3,0
70628123,0,NewRound,16,0
70628123,0,Propose,0,0
70628123,0,Precommit,0,0
70628123,0,Commit,0,0
70628124,0,NewHeight,5,0
70628124,0,NewRound,16,0
70628124,0,Propose,0,0
70628124,0,Precommit,0,0
70628124,0,Commit,1,0
70628125,0,NewHeight,13,0
70628125,0,NewRound,1,0
70628125,0,Propose,1,0
70628125,0,Precommit,36,0
70628125,0,Commit,0,0
70628126,0,NewHeight,9,0
70628126,0,NewRound,8,0
70628126,0,Propose,0,0
70628126,0,Precommit,0,0
70628126,0,Commit,0,0
70628127,0,NewHeight,6,0
70628127,0,NewRound,28,1
70628127,0,Propose,0,0
70628127,0,Prevote,2,1
70628127,0,Precommit,4,0
70628127,0,Commit,9,0
70628128,0,NewHeight,4,0
70628128,0,Prevote,2,1
70628128,0,Precommit,1,0
70628128,0,Commit,4,0
70628129,0,NewHeight,1,0
70628129,0,NewRound,1,0
70628129,0,Propose,0,0
70628129,0,Prevote,2,1
70628129,0,Precommit,4,0
70628129,0,Commit,1,0
70628130,0,NewHeight,1,0
70628130,0,NewRound,0,0
70628130,0,Propose,0,0
70628130,0,Prevote,5,2
70628130,0,Precommit,6,0
70628130,0,Commit,1,0
70628131,0,NewHeight,1,0
70628131,0,NewRound,0,0
70628131,0,Propose,0,0
70628131,0,Precommit,6,0
70628131,0,Commit,0,0
70628132,0,NewHeight,6,0
70628132,0,NewRound,26,0
70628132,0,Propose,0,0
70628132,0,Precommit,0,0
70628132,0,Commit,0,0
70628133,0,NewHeight,3,0
70628133,0,NewRound,16,0
70628133,0,Propose,0,0
70628133,0,Prevote,4,2
70628133,0,Precommit,9,0
70628133,0,Commit,3,0
70628134,0,NewHeight,3,0
70628134,0,NewRound,1,0
70628134,0,Propose,0,0
70628134,0,Prevote,3,2
70628134,0,Precommit,7,0
70628134,0,Commit,3,0
70628135,0,NewHeight,1,0
70628135,0,NewRound,4,0
70628135,0,Propose,0,0
70628135,0,Prevote,2,2
70628135,0,Precommit,11,0
70628135,0,Commit,2,0
70628136,0,NewHeight,3,0
70628136,0,NewRound,0,0
70628136,0,Propose,0,0
70628136,0,Prevote,2,1
70628136,0,Precommit,5,0
70628136,0,Commit,1,0
70628137,0,NewHeight,0,0
70628137,0,NewRound,1,0
70628137,0,Propose,0,0
70628137,0,Prevote,4,2
70628137,0,Precommit,9,0
70628137,0,Commit,1,0
70628138,0,NewHeight,2,0
70628138,0,NewRound,0,0
70628138,0,Propose,0,0
70628138,0,Prevote,1,1
70628138,0,Precommit,6,0
70628138,0,Commit,2,0
70628139,0,NewHeight,0,0
70628139,0,NewRound,1,0
70628139,0,Propose,0,0
70628139,0,Prevote,4,2
70628139,0,PrevoteWait,11,0
70628139,0,Precommit,1,0
70628139,0,Commit,3,0
70628140,0,NewHeight,3,0
70628140,0,NewRound,1,0
70628140,0,Propose,0,0
70628140,0,Prevote,1,1
70628140,0,Precommit,5,0
70628140,0,Commit,3,0
70628141,0,NewHeight,1,0
70628141,0,NewRound,0,0
70628141,0,Propose,0,0
70628141,0,Precommit,2,0
70628141,0,Commit,0,0
70628142,0,NewHeight,3,0
70628142,0,NewRound,12,0
70628142,0,Propose,0,0
70628142,0,Precommit,0,0
70628142,0,Commit,0,0
70628143,0,NewHeight,4,0
70628143,0,Prevote,15,1
70628143,0,Precommit,2,0
70628143,0,Commit,5,0
70628144,0,NewHeight,0,0
70630845,0,NewRound,1,0
70630845,0,Propose,0,0
70630845,0,Precommit,0,0
70630845,0,Commit,0,0
70630846,0,NewHeight,2,0
70630846,0,NewRound,15,0
70630846,0,Propose,0,0
70630846,0,Precommit,0,0
70630846,0,Commit,0,0
70630847,0,NewHeight,10,0
70630847,0,NewRound,0,0
70630847,0,Propose,0,0
70630847,0,Precommit,8,0
70630847,0,Commit,0,0
70630848,0,NewHeight,7,0
70630848,0,NewRound,0,0
70630848,0,Propose,0,0
70630848,0,Precommit,8,0
70630848,0,Commit,0,0
70630849,0,NewHeight,2,0
70630849,0,NewRound,0,0
70630849,0,Propose,0,0
70630849,0,Precommit,6,0
70630849,0,Commit,0,0
70630850,0,NewHeight,5,0
70630850,0,NewRound,0,0
70630850,0,Propose,0,0
70630850,0,Precommit,13,0
70630850,0,Commit,0,0
70630851,0,NewHeight,9,0
70630851,0,NewRound,0,0
70630851,0,Propose,0,0
70630851,0,Precommit,25,0
70630851,0,Commit,0,0
70630852,0,NewHeight,4,0
70630852,0,NewRound,10,0
70630852,0,Propose,0,0
70630852,0,Precommit,0,0
70630852,0,Commit,0,0
70630853,0,NewHeight,4,0
70630853,0,NewRound,9,0
70630853,0,Propose,0,0
70630853,0,Precommit,0,0
70630853,0,Commit,0,0
70630854,0,NewHeight,5,0
70630854,0,NewRound,6,0
70630854,0,Propose,0,0
70630854,0,Precommit,0,0
70630854,0,Commit,0,0
70630855,0,NewHeight,3,0
70630855,0,NewRound,7,0
70630855,0,Propose,0,0
70630855,0,Precommit,0,0
70630855,0,Commit,0,0
70630856,0,NewHeight,3,0
70630856,0,NewRound,17,0
70630856,0,Propose,0,0
70630856,0,Precommit,0,0
70630856,0,Commit,0,0
70630857,0,NewHeight,4,0
70630857,0,NewRound,12,0
70630857,0,Propose,0,0
70630857,0,Precommit,0,0
70630857,0,Commit,0,0
70630858,0,NewHeight,8,0
70630858,0,NewRound,33,0
70630858,0,Propose,0,0
70630858,0,Precommit,0,0
70630858,0,Commit,0,0
70630859,0,NewHeight,4,0
70630859,0,NewRound,26,0
70630859,0,Propose,0,0
70630859,0,Precommit,0,0
70630859,0,Commit,0,0
70630860,0,NewHeight,10,0
70630860,0,NewRound,16,0
70630860,0,Propose,0,0
70630860,0,Precommit,0,0
70630860,0,Commit,0,0
70630861,0,NewHeight,6,0
70630861,0,NewRound,0,0
70630861,0,Propose,0,0
70630861,0,Precommit,15,0
70630861,0,Commit,0,0
70630862,0,NewHeight,5,0
70630862,0,NewRound,16,0
70630862,0,Propose,0,0
70630862,0,Precommit,0,0
70630862,0,Commit,0,0
70630863,0,NewHeight,9,0
70630863,0,NewRound,34,0
70630863,0,Propose,0,0
70630863,0,Precommit,0,0
70630863,0,Commit,0,0
70630864,0,NewHeight,18,0
70630864,0,NewRound,39,0
70630864,0,Propose,0,0
70630864,0,Precommit,0,0
70630864,0,Commit,0,0
70630865,0,NewHeight,18,0
70630865,0,NewRound,64,0
70630865,0,Propose,0,0
70630865,0,Precommit,0,0
70630865,0,Commit,0,0
70630866,0,NewHeight,8,0
70630866,0,NewRound,89,0
70630866,0,Propose,0,0
70630866,0,Precommit,0,0
70630866,0,Commit,0,0
70630867,0,NewHeight,7,0
70630867,0,NewRound,55,0
70630867,0,Propose,0,0
70630867,0,Precommit,0,0
70630867,0,Commit,1,0
70630868,0,NewHeight,13,0
70630868,0,NewRound,54,0
70630868,0,Propose,0,0
70630868,0,Precommit,0,0
70630868,0,Commit,0,0
70630869,0,NewHeight,24,0
70630869,0,NewRound,34,0
70630869,0,Propose,0,0
70630869,0,Precommit,0,0
70630869,0,Commit,0,0
70630870,0,NewHeight,23,0
70630870,0,NewRound,26,0
70630870,0,Propose,0,0
70630870,0,Precommit,0,0
70630870,0,Commit,0,0
70630872,0,NewHeight,0,0
70633485,0,NewRound,1,0
70633485,0,Propose,0,0
70633485,0,Precommit,0,0
70633485,0,Commit,0,0
70633486,0,NewHeight,2,0
70633486,0,NewRound,11,0
70633486,0,Propose,0,0
70633486,0,Precommit,0,0
70633486,0,Commit,0,0
70633487,0,NewHeight,2,0
70633487,0,NewRound,4,0
70633487,0,Propose,0,0
70633487,0,Precommit,4,0
70633487,0,Commit,0,0
70633488,0,NewHeight,13,0
70633488,0,NewRound,29,0
70633488,0,Propose,0,0
70633488,0,Precommit,0,0
70633488,0,Commit,0,0
70633489,0,NewHeight,10,0
70633489,0,NewRound,20,0
70633489,0,Propose,0,0
70633489,0,Precommit,0,0
70633489,0,Commit,0,0
70633490,0,NewHeight,6,0
70633490,0,NewRound,0,0
70633490,0,Propose,0,0
70633490,0,Precommit,20,0
70633490,0,Commit,0,0
70633491,0,NewHeight,2,0
70633491,0,NewRound,0,0
70633491,0,Propose,0,0
70633491,0,Precommit,22,0
70633491,0,Commit,0,0
70633492,0,NewHeight,5,0
70633492,0,NewRound,37,0
70633492,0,Propose,0,0
70633492,0,Precommit,0,0
70633492,0,Commit,0,0
70633493,0,NewHeight,3,0
70633493,0,NewRound,17,0
70633493,0,Propose,0,0
70633493,0,Precommit,0,0
70633493,0,Commit,1,0
70633494,0,NewHeight,21,0
70633494,0,NewRound,33,0
70633494,0,Propose,0,0
70633494,0,Precommit,1,0
70633494,0,Commit,0,0
70633495,0,NewHeight,7,0
70633495,0,NewRound,24,0
70633495,0,Propose,0,0
70633495,0,Precommit,0,0
70633495,0,Commit,0,0
70633496,0,NewHeight,6,0
70633496,0,NewRound,22,0
70633496,0,Propose,0,0
70633496,0,Precommit,0,0
70633496,0,Commit,0,0
70633497,0,NewHeight,11,0
70633497,0,NewRound,29,0
70633497,0,Propose,0,0
70633497,0,Precommit,0,0
70633497,0,Commit,0,0
70633498,0,NewHeight,12,0
70633498,0,NewRound,41,0
70633498,0,Propose,0,0
70633498,0,Precommit,0,0
70633498,0,Commit,0,0
70633499,0,NewHeight,12,0
70633499,0,NewRound,19,0
70633499,0,Propose,1,0
70633499,0,Precommit,0,0
70633499,0,Commit,0,0
70633500,0,NewHeight,6,0
70633500,0,NewRound,26,0
70633500,0,Propose,0,0
70633500,0,Precommit,0,0
70633500,0,Commit,0,0
70633501,0,NewHeight,4,0
70633501,0,NewRound,0,0
70633501,0,Propose,0,0
70633501,0,Precommit,35,0
70633501,0,Commit,0,0
70633502,0,NewHeight,7,0
70633502,0,NewRound,15,0
70633502,0,Propose,0,0
70633502,0,Precommit,0,0
70633502,0,Commit,0,0
70633503,0,NewHeight,5,0
70633503,0,NewRound,17,0
70633503,0,Propose,0,0
70633503,0,Precommit,0,0
70633503,0,Commit,0,0
70633504,0,NewHeight,11,0
70633504,0,NewRound,32,0
70633504,0,Propose,0,0
70633504,0,Precommit,1,0
70633504,0,Commit,0,0
70633505,0,NewHeight,8,0
70633505,0,NewRound,12,0
70633505,0,Propose,0,0
70633505,0,Precommit,0,0
70633505,0,Commit,0,0
70633506,0,NewHeight,9,0
70633506,0,NewRound,18,0
70633506,0,Propose,0,0
70633506,0,Precommit,0,0
70633506,0,Commit,0,0
70633507,0,NewHeight,6,0
70633507,0,NewRound,24,0
70633507,0,Propose,0,0
70633507,0,Precommit,1,0
70633507,0,Commit,0,0
70633508,0,NewHeight,5,0
70633508,0,NewRound,14,0
70633508,0,Propose,0,0
70633508,0,Precommit,0,0
70633508,0,Commit,0,0
70633509,0,NewHeight,4,0
70633509,0,NewRound,23,0
70633509,0,Propose,0,0
70633509,0,Precommit,0,0
70633509,0,Commit,0,0
70633510,0,NewHeight,10,0
70633510,0,NewRound,18,0
70633510,0,Propose,0,0
70633510,0,Precommit,0,0
70633510,0,Commit,0,0
70633511,0,NewHeight,1,0
70633511,0,NewRound,0,0
70633511,0,Propose,0,0
70633511,0,Precommit,35,0
70633511,0,Commit,0,0
70633512,0,NewHeight,3,0
70633512,0,NewRound,23,0
70633512,0,Propose,0,0
70633512,0,Precommit,0,0
70633512,0,Commit,0,0
70633513,0,NewHeight,7,0
70633513,0,NewRound,21,0
70633513,0,Propose,0,0
70633513,0,Precommit,0,0
70633513,0,Commit,0,0
70633514,0,NewHeight,9,0
70633514,0,NewRound,19,0
70633514,0,Propose,0,0
70633514,0,Precommit,0,0
70633514,0,Commit,0,0
70633515,0,NewHeight,6,0
70633515,0,NewRound,9,0
70633515,0,Propose,0,0
70633515,0,Precommit,0,0
70633515,0,Commit,0,0
70633516,0,NewHeight,8,0
70633516,0,Prevote,17,1
70633516,0,Precommit,7,0
70633516,0,Commit,2,0
70633517,0,NewHeight,3,0
70633517,0,NewRound,8,0
70633517,0,Propose,0,0
70633517,0,Prevote,14,1
70633517,0,PrevoteWait,8,0
70633517,0,Precommit,0,0
70633517,0,Commit,3,0
70633518,0,NewHeight,2,0
70633518,0,Prevote,3,1
70633518,0,Precommit,5,0
70633518,0,Commit,1,0
