0,0,0,0,0,0,0,0,0,0,0
70611013,0,0,0,0,0,0,0,0,0,0
70612271,1,0.69894869,9,24120,5,1,0,0,0,0
70612272,1,0.512880622,13,26187,22,1,0,0,0,0
70612273,1,0.659201142,12,24912,43,1,0,0,0,0
70612274,1,1.183404663,20,33158,75,1,0,0,0,0
70612275,1,0.961078713,18,31743,103,1,0,0,0,0
70612276,1,0.458300452,10,17547,121,1,0,0,0,0
70612277,1,0.476448539,16,49372,153,1,0,0,0,0
70612278,1,1.100098748,15,28204,178,1,0,0,0,0
70612279,0,0.70025794,10,20321,206,2,0.097989326,0,1,0
70612280,1,0.74288138,11,21253,252,9,0.047368263,0,1,0
70612281,1,0.463896482,10,16678,255,1,0.14586475,0,1,0
70612282,0,1.158526906,8,18965,273,7,0.059878517,0,1,0
70612283,1,0.45995424,10,16060,287,9,0.057897545,0,1,0
70612284,1,0.462056531,9,17959,298,9,0.05624072,0,1,0
70612285,1,0.54266026,11,18179,309,10,0.064043291,0,1,0
70612286,1,0.674931955,7,18201,318,7,0.047466672,0,1,0
70612287,1,0.447969037,1,7109,327,8,0.063676316,0,1,0
70612288,1,0.509267554,11,18896,340,9,0.055219827,0,1,0
70612289,1,0.726949657,11,25897,349,7,0.072090286,0,1,0
70612290,1,0.485871472,11,22835,358,7,0.057201093,0,1,0
70612291,1,0.475782839,4,9829,367,1,0,0,0,0
70612292,1,0.560001815,13,17805,388,1,0,0,0,0
70612293,0,0.707138762,15,27624,419,8,0.103133099,0,1,0
70612294,1,0.745013089,12,19981,429,7,0.055207432,0,1,0
70612295,1,0.660459741,11,17873,440,9,0.065272035,0,1,0
70612296,1,0.468410525,18,23823,450,9,0.053369903,0,1,0
70612297,1,0.463286097,1,18370,462,11,0.055071278,0,1,0
70612298,1,0.682771545,15,33847,473,8,0.06882254,0,1,0
70612299,1,0.48913715,15,23627,486,11,0.054345697,0,1,0
70612300,1,0.651825516,8,15210,496,8,0.063219359,0,1,0
70612301,1,0.672187641,5,13668,502,1,0,0,0,0
70612302,0,0.464319532,17,25037,529,9,0.074259974,0,1,0
70612303,1,1.174523445,16,41833,541,6,0.077924863,0,1,0
70612304,1,0.767769251,15,30272,550,6,0.059068082,0,1,0
70612305,1,0.663069198,14,21653,563,9,0.067713174,0,1,0
70612306,1,0.479994784,19,31670,573,8,0.118779727,0,1,0
70612307,1,0.524719303,13,26265,580,4,0.101919183,0,1,0
70612308,1,0.74411497,14,26298,588,6,0.0846995,0,1,0
70612309,1,0.493870346,17,26614,600,10,0.075840278,0,1,0
70612310,1,0.690835448,12,24700,610,8,0.07870648,0,1,0
70612311,1,0.684740829,9,14488,618,1,0,0,0,0
70612312,1,0.469878234,15,21404,637,1,0,0,0,0
70612313,0,0.681959477,15,21427,670,8,0.053319797,0,1,0
70612314,1,0.669762638,9,20523,686,11,0.060229713,0,1,0
70612315,1,0.483339541,22,36360,700,10,0.0722699,0,1,0
70612316,1,0.693119279,23,50227,710,8,0.070821337,0,1,0
70612317,1,0.693890433,12,27241,723,11,0.086419574,0,1,0
70612318,1,0.714927763,13,32598,731,6,0.054114545,0,1,0
70612319,1,0.446908905,10,19383,742,8,0.066174743,0,1,0
70612320,1,0.482024157,11,16719,754,10,0.063125243,0,1,0
70612321,1,0.467440321,18,22474,759,1,0,0,0,0
70612322,1,0.867394748,19,33909,783,1,0,0,0,0
70612323,0,0.503294157,12,21062,809,6,0.062257927,0,1,0
70612324,1,0.478427199,10,30209,816,2,0.105312973,0,1,0
70612325,1,0.525404565,31,62537,830,12,0.154539582,0,1,0
70612326,1,1.071979303,31,67794,851,19,0.148205791,0,1,0
70612327,1,0.852466798,21,39867,865,9,0.103613823,0,1,0
70612328,1,1.204965714,14,60104,879,9,0.074397209,0,1,0
70612329,1,0.695670031,11,18841,891,9,0.101702087,0,1,0
70612330,1,0.780945041,11,29375,902,10,0.067120619,0,1,0
70612331,1,0.678411819,10,16180,909,1,0,0,0,0
70612332,1,0.588748364,11,17891,925,1,0,0,0,0
70612333,0,0.490208892,8,15325,949,4,0.057850656,0,1,0
70612334,1,0.473727577,9,15179,963,8,0.048404233,0,1,0
0,0,0,0,0,0,0,0,0,0,0
70612335,0,0,0,0,0,0,0,0,0,0
70612350,1,0.451752952,10,17203,5,1,0,0,0,0
70612351,1,0.478517022,11,17759,24,1,0,0,0,0
70612352,1,0.711377141,22,51715,39,1,0,0,0,0
70612353,1,0.709966943,1,7551,61,1,0,0,0,0
70612354,1,0.763466524,32,61656,85,1,0,0,0,0
70612355,1,0.686274191,20,30951,111,10,0.102971972,0,1,0
70612356,1,1.20680815,19,36888,121,7,0.063350574,0,1,0
70612357,1,0.486547538,5,11695,131,8,0.073775962,0,1,0
70612358,1,0.483524141,21,34367,139,7,0.054426085,0,1,0
70612359,1,0.647227802,6,15393,149,8,0.059183093,0,1,0
0,0,0,0,0,0,0,0,0,0,0
70612360,0,0,0,0,0,0,0,0,0,0
70614972,1,0.51157916,16,28775,6,1,0,0,0,0
70614973,1,0.713889752,15,23358,24,1,0,0,0,0
70614974,1,0.489662255,0,6853,33,1,0,0,0,0
70614975,1,0.894691325,39,71504,43,2,0,0,0,0
70614976,1,0.713699044,23,88923,60,2,0,0,0,0
70614977,1,0.505031313,15,23191,67,1,0,0,0,0
70614978,1,0.992525558,54,147492,108,3,0,0,0,0
70614979,1,1.259860748,8,26907,134,1,0,0,0,0
70614980,1,0.707572489,38,72794,165,2,0,0,0,0
70614981,1,0.671663823,3,8282,262,1,0,0,0,0
0,0,0,0,0,0,0,0,0,0,0
70614982,0,0,0,0,0,0,0,0,0,0
70616545,1,0.362976211,19,40248,6,1,0,0,0,0
70616546,1,0.4971786,33,55915,23,1,0,0,0,0
70616547,1,1.210071838,24,53897,33,1,0,0,0,0
70616548,1,0.750441049,24,38560,48,1,0,0,0,0
70616549,1,0.493096535,30,77762,73,4,0,0,0,0
70616550,1,0.689704235,8,13988,99,1,0,0,0,0
70616551,1,1.020930035,3,7202,116,1,0,0,0,0
70616552,1,0.780032826,53,79297,130,2,0,0,0,0
70616553,1,0.748667604,20,39928,154,1,0,0,0,0
70616554,1,0.697382126,11,16619,168,1,0,0,0,0
70616555,1,0.451934304,15,25309,176,1,0,0,0,0
70616556,1,0.469178256,19,38907,191,1,0,0,0,0
70616557,1,1.122180888,23,37027,200,1,0,0,0,0
70616558,1,0.67662358,13,19231,215,1,0,0,0,0
70616559,1,0.475659248,14,21350,229,1,0,0,0,0
70616560,1,0.498645044,21,27651,241,1,0,0,0,0
70616561,1,0.750197506,16,31713,262,1,0,0,0,0
70616562,1,0.669184717,9,14569,296,1,0,0,0,0
70616563,1,0.468410301,23,39551,309,1,0,0,0,0
70616564,1,0.497873324,19,39227,331,1,0,0,0,0
70616565,1,0.486397762,14,28484,353,1,0,0,0,0
70616566,1,0.689923614,19,26931,372,1,0,0,0,0
70616567,1,0.676227742,14,39262,391,1,0,0,0,0
70616568,1,0.855022196,23,38602,408,1,0,0,0,0
70616569,1,0.647423122,18,24874,425,1,0,0,0,0
70616570,1,0.65556973,15,23422,444,1,0,0,0,0
70616571,1,0.55938037,17,25346,471,1,0,0,0,0
70616572,1,1.202586388,9,15564,481,1,0,0,0,0
70616573,0,0.311639747,13,25350,496,2,0.061835513,0,1,0
0,0,0,0,0,0,0,0,0,0,0
70616574,0,0,0,0,0,0,0,0,0,0
70618508,1,0.508792446,18,54192,6,1,0,0,0,0
70618509,1,0.564549825,21,39309,25,1,0,0,0,0
70618510,1,0.717320845,17,32833,36,1,0,0,0,0
70618511,1,0.697528543,17,23708,44,1,0,0,0,0
70618512,1,0.742764505,16,55075,54,1,0,0,0,0
70618513,1,0.700358068,15,49668,62,1,0,0,0,0
70618514,1,0.758582494,17,32854,71,1,0,0,0,0
70618515,1,0.471256732,20,30680,79,1,0,0,0,0
70618516,1,0.687201502,9,19416,88,1,0,0,0,0
70618517,1,0.331339518,0,6843,98,1,0,0,0,0
70618518,1,0.738852268,28,39630,102,1,0,0,0,0
70618519,1,0.46828092,16,23329,115,1,0,0,0,0
70618520,1,0.50566638,23,61955,131,1,0,0,0,0
70618521,1,1.224700975,9,19049,141,1,0,0,0,0
70618522,1,0.512992936,13,18534,150,1,0,0,0,0
70618523,1,0.465807297,13,27328,159,1,0,0,0,0
70618524,1,0.657329899,20,34332,176,1,0,0,0,0
70618525,1,0.711952234,12,26608,183,1,0,0,0,0
70618526,1,0.475962095,30,56163,188,1,0,0,0,0
70618527,1,0.870596874,25,50038,224,1,0,0,0,0
70618528,1,0.742731306,3,7629,243,1,0,0,0,0
70618529,1,0.809492323,34,74093,271,2,0,0,0,0
70618530,1,0.710990207,0,6853,354,1,0,0,0,0
70618531,1,0.718163413,41,75756,412,2,0,0,0,0
70618532,1,0.442063479,31,50103,533,1,0,0,0,0
0,0,0,0,0,0,0,0,0,0,0
70618533,0,0,0,0,0,0,0,0,0,0
70618574,1,1.2230628669999999,9,17200,4,1,0,0,0,0
70618575,1,0.478913617,21,26515,20,1,0,0,0,0
70618576,1,0.485737393,25,41814,36,1,0,0,0,0
70618577,1,0.714899127,41,123811,66,4,0,0,0,0
70618578,1,0.728907594,20,59631,102,1,0,0,0,0
70618579,1,0.671377168,29,63512,131,1,0,0,0,0
70618580,1,0.553305115,20,38584,160,1,0,0,0,0
70618581,1,0.482318657,21,48636,181,1,0,0,0,0
70618582,1,0.753799803,20,28399,206,1,0,0,0,0
70618583,1,0.521167023,25,35085,233,1,0,0,0,0
70618584,1,0.67235889,20,41558,254,1,0,0,0,0
70618585,1,0.493630544,0,6748,266,1,0,0,0,0
70618586,1,1.073966061,46,102311,282,2,0,0,0,0
70618587,1,0.519824167,14,22754,326,1,0,0,0,0
70618588,0,0.522142352,21,35680,347,7,0.059224062,0,1,0
0,0,0,0,0,0,0,0,0,0,0
70618589,0,0,0,0,0,0,0,0,0,0
70620239,1,0.475069017,7,17783,4,1,0,0,0,0
70620240,1,0.476538669,11,18832,22,1,0,0,0,0
70620241,1,0.681830919,5,13016,42,1,0,0,0,0
70620242,1,0.704814364,12,23551,64,1,0,0,0,0
70620243,1,0.745221109,10,22682,86,1,0,0,0,0
70620244,1,0.484828136,13,21375,109,1,0,0,0,0
70620245,1,0.858841045,9,18432,130,1,0,0,0,0
70620246,1,0.49818072,9,21227,151,1,0,0,0,0
70620247,1,0.684596941,13,26740,201,1,0,0,0,0
70620248,1,0.470601053,5,13580,231,1,0,0,0,0
70620249,1,0.332753789,27,70619,279,3,0,0,0,0
70620250,1,1.238608363,17,28182,319,1,0,0,0,0
70620251,1,0.67690464,13,23294,361,1,0,0,0,0
70620252,1,0.750889969,13,20120,402,1,0,0,0,0
70620253,1,0.660871696,0,6763,447,1,0,0,0,0
70620254,1,0.500328973,30,53054,485,1,0,0,0,0
70620255,1,0.904714278,15,38157,519,1,0,0,0,0
70620256,1,0.551772245,20,31249,542,1,0,0,0,0
70620257,1,0.746129119,16,32712,564,1,0,0,0,0
70620258,1,0.469078486,26,52960,585,1,0,0,0,0
0,0,0,0,0,0,0,0,0,0,0
70620259,0,0,0,0,0,0,0,0,0,0
70620290,1,0.697047546,22,41844,5,1,0,0,0,0
70620291,1,0.683827354,7,23873,29,1,0,0,0,0
70620292,1,0.513081835,22,36149,50,1,0,0,0,0
70620293,1,0.497231889,14,27748,66,1,0,0,0,0
70620294,1,0.449299076,13,19221,92,1,0,0,0,0
70620295,1,0.673394852,15,30967,109,1,0,0,0,0
70620296,1,0.696022602,22,37620,133,1,0,0,0,0
70620297,1,0.478581632,6,9384,156,1,0,0,0,0
70620298,1,0.534379292,24,37500,176,1,0,0,0,0
70620299,1,0.748311566,9,24952,198,1,0,0,0,0
70620300,1,0.474493735,20,25373,218,1,0,0,0,0
70620301,1,0.490773748,5,12188,243,1,0,0,0,0
70620302,1,0.514499108,16,29453,264,1,0,0,0,0
70620303,1,0.654031682,17,42160,290,1,0,0,0,0
70620304,1,0.68674129,27,46370,316,1,0,0,0,0
70620305,1,1.199849722,25,46822,339,1,0,0,0,0
70620306,1,0.871234555,16,34506,360,1,0,0,0,0
70620307,1,0.495089636,19,37128,383,1,0,0,0,0
70620308,1,0.720752914,28,62720,405,1,0,0,0,0
70620309,1,0.784572646,22,47086,426,1,0,0,0,0
70620310,1,0.697435458,12,23581,445,1,0,0,0,0
70620311,1,0.489042217,15,35982,469,1,0,0,0,0
70620312,1,0.888111386,24,30729,487,1,0,0,0,0
70620313,1,0.74366889,19,41374,510,1,0,0,0,0
70620314,1,0.47886064,20,55343,534,1,0,0,0,0
70620315,1,0.676715445,17,19790,559,1,0,0,0,0
70620316,1,0.480487146,16,33503,577,1,0,0,0,0
70620317,1,0.509604506,16,27957,603,1,0,0,0,0
70620318,1,0.479709314,11,23640,626,7,0.060049739,0,1,0
70620319,1,0.667792488,15,19031,638,11,0.064779979,0,1,0
70620320,1,0.475410414,14,24960,652,13,0.067872368,0,1,0
70620321,1,0.69768977,0,5384,654,1,0,0,0,0
70620322,0,1.087197231,21,34060,682,10,0.105262533,0,1,0
70620323,1,0.513090502,10,42896,692,7,0.079776193,0,1,0
70620324,1,0.489028931,16,23078,702,8,0.059802553,0,1,0
70620325,1,0.668831106,12,19129,706,4,0.180447749,0,1,0
70620326,1,0.797740517,19,38587,711,4,0.100559971,0,1,0
70620327,1,0.760769717,12,24048,717,5,0.056444337,0,1,0
70620328,1,0.455254768,11,23588,724,7,0.073503425,0,1,0
70620329,1,0.48450349,8,12776,732,7,0.055948947,0,1,0
0,0,0,0,0,0,0,0,0,0,0
70620331,0,0,0,0,0,0,0,0,0,0
70620361,1,0.700455309,12,24488,8,1,0,0,0,0
70620362,1,0.682735257,11,18613,27,1,0,0,0,0
70620363,1,0.474200681,16,27361,48,1,0,0,0,0
70620364,1,0.472153814,16,35747,64,1,0,0,0,0
70620365,1,0.480068271,22,31898,88,1,0,0,0,0
70620366,1,0.714685815,18,35414,112,1,0,0,0,0
70620367,1,0.463629779,17,23329,131,1,0,0,0,0
70620368,1,0.739262966,13,31216,155,1,0,0,0,0
70620369,1,0.720479154,16,28560,175,1,0,0,0,0
70620370,1,0.974609374,17,27927,195,1,0,0,0,0
70620371,1,0.693931264,9,16246,226,1,0,0,0,0
70620372,1,0.500160163,17,29421,244,1,0,0,0,0
70620373,1,0.49762225,6,14820,267,1,0,0,0,0
70620374,1,0.376730972,12,44968,284,1,0,0,0,0
70620375,1,0.490020604,13,32776,310,1,0,0,0,0
70620376,1,0.673099532,10,22868,332,1,0,0,0,0
70620377,1,0.431528164,20,30292,359,1,0,0,0,0
70620378,0,0.692020598,17,32022,380,7,0.081320186,0,1,0
70620379,1,0.486991863,12,17236,390,8,0.05561342,0,1,0
70620380,1,0.478057497,13,18992,399,9,0.06411201,0,1,0
70620381,1,0.678981223,23,31727,405,1,0,0,0,0
70620382,1,0.743046302,0,6497,428,1,0,0,0,0
70620383,0,0.515331371,50,101871,466,19,0.104729162,0,1,0
70620384,1,0.552187217,44,169070,502,30,0.143938989,0,1,0
70620385,1,1.297148358,14,47054,516,7,0.126999044,0,1,0
70620386,1,0.837591595,42,71624,532,16,0.10221508,0,1,0
70620387,1,0.785483026,6,16598,541,9,0.05769334,0,1,0
70620388,1,0.675995281,41,82701,558,15,0.114208689,0,1,0
70620389,1,0.759056473,17,33018,565,6,0.092112217,0,1,0
70620390,1,0.443678419,32,62443,576,10,0.122880175,0,1,0
70620391,1,0.555475058,10,19281,582,1,0,0,0,0
70620392,1,0.733388265,28,50173,604,1,0,0,0,0
70620393,1,0.455092313,1,7119,630,11,0.067184655,0,1,0
70620394,1,1.072084868,35,65278,644,10,0.198352732,0,1,0
70620395,1,0.935921875,18,28359,652,7,0.10041404,0,1,0
70620396,1,0.854357712,20,33188,659,6,0.064791286,0,1,0
70620397,1,0.792946593,16,27656,668,8,0.055429958,0,1,0
70620398,1,0.461164462,14,31835,675,7,0.069628859,0,1,0
70620399,1,0.475797159,11,26582,684,8,0.063116411,0,1,0
70620400,1,0.486968789,16,27446,695,10,0.079656274,0,1,0
70620401,1,0.709305811,12,28361,697,1,0,0,0,0
70620402,1,0.815475337,12,21103,716,1,0,0,0,0
70620403,0,0.482690769,15,24991,738,6,0.066582236,0,1,0
70620404,1,0.476144275,11,17336,750,7,0.057617841,0,1,0
70620405,1,0.474437468,24,36645,759,8,0.062871366,0,1,0
70620406,1,0.508271596,15,26821,770,8,0.102263124,0,1,0
70620407,1,0.765830188,11,23035,774,3,0.096532543,0,1,0
70620408,1,0.520080538,17,28177,783,8,0.063500965,0,1,0
70620409,1,0.678948377,11,18885,791,6,0.093085775,0,1,0
70620410,1,0.793663043,13,19912,801,8,0.0600757,0,1,0
70620411,1,0.67464,5,12207,807,1,0,0,0,0
70620412,0,0.49112505,11,23574,834,10,0.076235596,0,1,0
70620413,1,1.172583652,12,21802,844,7,0.052596316,0,1,0
70620414,1,0.468595856,8,17417,853,8,0.071904546,0,1,0
70620415,1,0.486286742,20,37313,861,7,0.058664599,0,1,0
70620416,1,0.95406845,13,30361,870,8,0.108863748,0,1,0
70620417,1,0.510684803,11,19098,880,9,0.063556018,0,1,0
0,0,0,0,0,0,0,0,0,0,0
70620418,0,0,0,0,0,0,0,0,0,0
70622092,1,0.47704447,16,26269,5,1,0,0,0,0
70622093,1,0.499146468,26,43464,28,1,0,0,0,0
70622094,1,0.704093404,22,56608,66,1,0,0,0,0
70622095,1,0.709078841,13,22941,96,1,0,0,0,0
70622096,1,0.445463265,0,6852,139,1,0,0,0,0
70622097,1,0.659682677,36,53737,158,1,0,0,0,0
70622098,1,0.762807489,15,24843,194,1,0,0,0,0
70622099,1,0.696608226,17,25180,221,1,0,0,0,0
70622100,1,0.52771676,12,18761,247,1,0,0,0,0
70622101,1,0.502169767,15,28901,287,1,0,0,0,0
70622102,1,0.669104927,17,23695,308,1,0,0,0,0
70622103,1,0.475681112,18,32435,331,1,0,0,0,0
70622104,1,0.684186714,13,22349,364,1,0,0,0,0
0,0,0,0,0,0,0,0,0,0,0
70622105,0,0,0,0,0,0,0,0,0,0
70624082,1,0.515439905,17,24492,5,1,0,0,0,0
70624083,1,0.916228689,6,29027,16,1,0,0,0,0
70624084,1,0.475200124,20,28563,20,1,0,0,0,0
70624085,1,0.480241117,23,54926,25,1,0,0,0,0
70624086,1,0.685066862,4,10948,30,1,0,0,0,0
70624087,1,0.811630611,31,57058,36,1,0,0,0,0
70624088,1,0.761149656,22,32350,42,1,0,0,0,0
70624089,1,1.2063770090000001,17,31468,71,1,0,0,0,0
70624090,1,0.48179956,20,35301,147,1,0,0,0,0
70624091,1,0.757646565,10,45209,206,1,0,0,0,0
70624092,1,0.49786493,21,44013,243,1,0,0,0,0
70624093,1,0.984954263,24,69894,269,2,0,0,0,0
70624094,1,0.712584956,10,19409,294,1,0,0,0,0
70624095,1,0.424943927,19,39293,315,1,0,0,0,0
70624096,1,0.519771707,25,59640,336,1,0,0,0,0
70624097,1,0.85389968,22,38566,357,1,0,0,0,0
70624098,1,0.513312816,25,49054,380,1,0,0,0,0
70624099,1,0.715187419,13,20853,396,1,0,0,0,0
70624100,1,0.44791301,23,76644,420,2,0,0,0,0
70624101,1,0.682435859,0,6708,460,1,0,0,0,0
70624102,1,0.660557255,31,52319,476,1,0,0,0,0
70624103,1,0.494866996,14,25220,494,1,0,0,0,0
70624104,1,0.505535013,19,28114,511,1,0,0,0,0
70624105,1,0.757129227,15,25609,538,1,0,0,0,0
70624106,1,0.448694295,16,41801,563,1,0,0,0,0
70624107,1,0.886189699,17,20907,579,1,0,0,0,0
70624108,0,0.350799008,14,24431,601,6,0.052451034,0,1,0
70624109,1,0.504937886,18,28211,610,7,0.065920075,0,1,0
70624110,1,0.476321917,15,34410,619,9,0.066850202,0,1,0
0,0,0,0,0,0,0,0,0,0,0
70624111,0,0,0,0,0,0,0,0,0,0
70624142,1,0.64583619,10,20390,2,1,0,0,0,0
70624143,1,0.66118689,21,31466,16,1,0,0,0,0
70624144,1,0.528907901,23,44710,35,1,0,0,0,0
70624145,1,1.200154882,15,27799,53,1,0,0,0,0
70624146,1,0.690604347,20,29449,70,1,0,0,0,0
70624147,1,0.781230039,19,37266,86,1,0,0,0,0
70624148,1,0.472491185,19,34093,111,1,0,0,0,0
70624149,1,0.749746989,21,23612,133,1,0,0,0,0
70624150,1,0.487366319,22,55871,152,1,0,0,0,0
70624151,1,0.764164832,14,51504,179,1,0,0,0,0
70624152,1,0.864363759,13,18506,195,1,0,0,0,0
70624153,1,0.338016594,16,19278,216,1,0,0,0,0
0,0,0,0,0,0,0,0,0,0,0
70624154,0,0,0,0,0,0,0,0,0,0
70625851,1,0.674053968,15,21615,8,1,0,0,0,0
70625852,1,0.558857893,9,22029,35,1,0,0,0,0
70625853,1,0.494364996,22,33481,65,1,0,0,0,0
70625854,1,0.492451183,13,21469,104,1,0,0,0,0
70625855,1,0.498328676,17,32975,133,1,0,0,0,0
70625856,1,0.481547215,15,27875,175,1,0,0,0,0
70625857,1,0.482402413,15,24478,194,1,0,0,0,0
0,0,0,0,0,0,0,0,0,0,0
70625858,0,0,0,0,0,0,0,0,0,0
70627853,1,1.03525419,55,97578,7,2,0,0,0,0
70627854,1,0.727667337,1,7147,40,1,0,0,0,0
70627855,1,0.51822505,41,97101,52,3,0,0,0,0
70627856,1,0.509757113,22,43313,77,1,0,0,0,0
70627857,1,0.580233309,30,71979,92,2,0,0,0,0
70627858,1,0.75849475,21,39732,105,1,0,0,0,0
70627859,1,0.560717814,22,42707,115,1,0,0,0,0
70627860,1,0.706138888,29,60093,127,1,0,0,0,0
70627861,1,0.751457542,21,31553,141,1,0,0,0,0
70627862,1,0.502045,24,63521,172,1,0,0,0,0
70627863,1,0.49624559,40,87797,189,2,0,0,0,0
70627864,1,1.248086231,5,29018,203,1,0,0,0,0
70627865,1,0.608060914,52,100553,221,3,0,0,0,0
70627866,1,0.709656301,31,74058,241,3,0,0,0,0
70627867,1,0.689147369,12,24253,257,1,0,0,0,0
70627868,1,0.488503457,27,61275,277,1,0,0,0,0
70627869,1,0.505066758,15,32333,287,1,0,0,0,0
70627870,1,0.749791332,14,28795,298,1,0,0,0,0
70627871,1,0.613951287,17,30292,314,1,0,0,0,0
70627872,1,0.503626068,29,39922,342,1,0,0,0,0
70627873,1,1.205441955,20,80468,400,2,0,0,0,0
70627874,1,0.484104869,32,64436,465,1,0,0,0,0
70627875,1,1.077640687,14,23559,522,1,0,0,0,0
70627876,1,0.487686589,39,76745,600,2,0,0,0,0
70627877,1,0.709137274,30,64702,669,1,0,0,0,0
70627878,1,0.782241601,32,89620,728,2,0,0,0,0
70627879,1,0.785683089,20,57599,794,1,0,0,0,0
70627880,0,0.691806864,26,91592,902,7,0.065190733,0,1,0
70627881,1,0.478115156,39,130177,1009,16,0.20849788,0,1,0
70627882,1,1.684749875,34,92492,1114,15,0.099836851,0,1,0
70627883,1,0.74185761,20,46556,1139,7,0.105583419,0,1,0
70627884,1,0.516750642,31,61758,1166,13,0.107000511,0,1,0
70627885,1,0.946089341,18,43927,1178,9,0.078596006,0,1,0
70627886,1,0.499291912,19,46335,1186,8,0.070521367,0,1,0
70627887,1,0.532370168,21,45088,1199,7,0.06572893,0,1,0
70627888,1,0.674705346,16,27154,1207,8,0.206285485,0,1,0
70627889,1,0.657451296,27,55066,1225,13,0.086301071,0,1,0
70627890,1,1.005337944,16,38881,1233,8,0.06525885,0,1,0
70627891,1,0.483950479,20,33498,1243,1,0,0,0,0
70627892,1,0.517904569,16,31848,1267,1,0,0,0,0
70627893,1,0.496106345,18,40311,1291,1,0,0,0,0
70627894,1,0.535354038,28,47527,1332,11,0.15616286,0,1,0
70627895,1,0.860406835,28,66148,1354,19,0.071634123,0,1,0
70627896,1,0.693600814,32,68472,1377,18,0.090689106,0,1,0
70627897,1,0.742042626,24,73154,1400,19,0.072148865,0,1,0
70627898,1,0.518836644,28,74568,1419,14,0.255223257,0,1,0
70627899,1,0.663285031,35,74670,1441,20,0.09691112,0,1,0
70627900,1,0.95146866,36,109411,1465,23,0.122775198,0,1,0
70627901,1,0.815342007,35,80609,1477,2,0,0,0,0
70627902,0,1.247519739,17,55652,1522,3,0,0,1,0
70627903,0,0.508482979,27,52002,1546,8,0.092655215,0,1,0
70627904,1,0.526109867,27,63348,1561,9,0.085261173,0,1,0
70627905,1,0.72707043,17,28512,1572,8,0.077342637,0,1,0
70627906,1,0.533450219,47,123976,1591,17,0.083832191,0,1,0
70627907,1,0.740061616,28,80120,1607,13,0.073485866,0,1,0
70627908,1,0.692315096,26,59582,1614,6,0.123830173,0,1,0
70627909,1,0.74168638,16,49391,1623,8,0.08916629,0,1,0
70627910,1,0.524085274,24,58413,1635,10,0.075649961,0,1,0
70627911,1,0.479772797,1,7109,1651,11,0.067416399,0,1,0
70627912,0,1.828709522,37,82549,1669,15,0.087039148,0,1,0
70627913,1,0.346266789,27,51649,1682,11,0.101917693,0,1,0
70627914,1,0.976617687,24,51733,1693,11,0.112232825,0,1,0
70627915,1,0.762019051,23,63023,1704,7,0.070756293,0,1,0
70627916,1,0.68994069,16,36037,1716,10,0.069709934,0,1,0
70627917,1,0.695834787,17,29559,1730,10,0.059495828,0,1,0
70627918,1,0.483298393,18,39131,1741,9,0.093607743,0,1,0
70627919,1,0.723142577,20,32842,1753,10,0.091035857,0,1,0
70627920,1,0.514179419,16,29500,1764,7,0.075049438,0,1,0
70627921,1,0.494237502,1,9647,1773,1,0,0,0,0
70627922,1,0.665893942,34,70166,1792,2,0,0,0,0
70627923,1,0.463745359,3,11068,1837,10,0.063969716,0,1,0
70627924,1,1.040189364,41,83260,1856,7,0.099522406,0,1,0
70627925,1,0.51125666,19,59117,1869,10,0.074646436,0,1,0
70627926,1,0.696632027,23,59586,1879,10,0.081976099,0,1,0
70627927,1,0.497492402,25,46599,1895,11,0.114660629,0,1,0
70627928,1,0.773616783,21,45700,1906,9,0.059354097,0,1,0
70627929,1,0.673386372,30,41120,1923,12,0.075484975,0,1,0
70627930,1,1.185820382,40,79049,1948,21,0.043450813,0,1,0
70627931,1,0.668305617,18,41916,1953,1,0,0,0,0
70627932,1,0.57648637,26,98801,1988,2,0,0,0,0
70627933,1,0.84389199,26,67421,2048,18,0.190266626,0,1,0
70627934,1,0.90263641,48,110000,2073,19,0.089601733,0,1,0
70627935,1,0.720542434,40,90060,2093,14,0.082604998,0,1,0
70627936,1,0.713323639,19,31309,2104,7,0.143338353,0,1,0
70627937,1,0.572459083,35,72440,2123,19,0.071608368,0,1,0
70627938,1,0.502206725,26,38586,2132,7,0.076213436,0,1,0
70627939,1,0.521283167,19,51568,2142,9,0.084064358,0,1,0
70627940,1,0.508742258,21,56404,2155,10,0.104224369,0,1,0
70627941,1,0.753223664,25,44336,2163,1,0,0,0,0
70627942,0,0.855176641,36,80096,2198,18,0.122331349,0,1,0
70627943,1,0.797093112,22,33994,2211,7,0.076892095,0,1,0
0,0,0,0,0,0,0,0,0,0,0
70627944,0,0,0,0,0,0,0,0,0,0
70628113,1,0.990109527,7,11305,6,1,0,0,0,0
70628114,1,0.499090242,49,165056,24,4,0,0,0,0
70628115,1,0.838547271,38,132640,85,6,0,0,0,0
70628116,1,1.706432558,37,163948,154,5,0,0,0,0
70628117,1,1.278498672,5,30188,214,1,0,0,0,0
70628118,1,0.74724625,55,120914,275,2,0,0,0,0
70628119,1,0.733609135,17,48272,314,1,0,0,0,0
70628120,1,0.537274655,33,57233,335,1,0,0,0,0
70628121,1,0.743823286,23,56739,359,1,0,0,0,0
70628122,1,0.896212259,29,38963,380,1,0,0,0,0
70628123,1,0.515245332,27,78947,401,2,0,0,0,0
70628124,1,0.488924592,28,92043,431,2,0,0,0,0
70628125,1,1.060040487,22,64988,479,1,0,0,0,0
70628126,1,0.496773611,36,111140,493,2,0,0,0,0
70628127,1,0.706300873,17,67774,541,9,0.097627658,0,1,0
70628128,0,0.539404767,23,63280,549,6,0.075830021,0,1,0
70628129,1,0.491875517,16,42255,558,7,0.128266527,0,1,0
70628130,1,0.554979392,32,72954,571,12,0.085956162,0,1,0
70628131,1,0.514362808,29,73697,583,3,0,0,0,0
70628132,1,0.887633263,22,42112,612,1,0,0,0,0
70628133,1,0.783436042,29,101962,647,14,0.058572663,0,1,0
70628134,1,0.676738504,33,79461,662,12,0.09086404,0,1,0
70628135,1,0.722232639,28,70528,684,15,0.157598195,0,1,0
70628136,1,0.829253037,15,39297,692,7,0.115533444,0,1,0
70628137,1,0.791562018,26,82408,709,14,0.070190639,0,1,0
70628138,1,0.536139047,25,58839,718,9,0.072242326,0,1,0
70628139,1,0.50920898,27,67055,741,19,0.093863319,0,1,0
70628140,1,1.209517267,18,38478,752,9,0.064427231,0,1,0
70628141,1,0.498204265,16,29119,757,1,0,0,0,0
70628142,1,0.702765326,20,46058,773,1,0,0,0,0
70628143,0,0.796871318,32,52695,797,6,0.069095922,0,1,0
0,0,0,0,0,0,0,0,0,0,0
70628144,0,0,0,0,0,0,0,0,0,0
70630845,1,0.479353088,24,45608,3,1,0,0,0,0
70630846,1,0.682942996,29,61945,28,1,0,0,0,0
70630847,1,0.504684804,36,81132,43,2,0,0,0,0
70630848,1,1.282571192,33,59148,53,1,0,0,0,0
70630849,1,0.712785213,29,52562,64,1,0,0,0,0
70630850,1,0.486933222,31,77922,86,2,0,0,0,0
70630851,1,0.506056784,19,44344,115,1,0,0,0,0
70630852,1,0.55307201,28,59873,129,1,0,0,0,0
70630853,1,0.72861121,18,28096,144,1,0,0,0,0
70630854,1,0.54548775,20,49845,153,1,0,0,0,0
70630855,1,0.587404755,27,61738,163,1,0,0,0,0
70630856,1,0.836210842,17,27546,184,1,0,0,0,0
70630857,1,0.49535431,12,24611,204,1,0,0,0,0
70630858,1,0.728724427,16,27865,242,1,0,0,0,0
70630859,1,0.480796358,15,28587,278,1,0,0,0,0
70630860,1,0.658952288,19,30472,300,1,0,0,0,0
70630861,1,0.691605572,8,19461,320,1,0,0,0,0
70630862,1,0.512543421,8,16288,345,1,0,0,0,0
70630863,1,0.74812228,11,21452,397,1,0,0,0,0
70630864,1,0.472503442,9,20427,455,1,0,0,0,0
70630865,1,0.470488279,18,29361,528,1,0,0,0,0
70630866,1,0.660742319,10,19757,624,1,0,0,0,0
70630867,1,0.681238496,10,19120,694,1,0,0,0,0
70630868,1,0.774041717,16,24478,772,1,0,0,0,0
70630869,1,0.679618729,14,24897,829,1,0,0,0,0
70630870,1,0.731687955,16,24360,863,1,0,0,0,0
70630871,1,0.4813456,8,17624,904,1,0,0,0,0
0,0,0,0,0,0,0,0,0,0,0
70630872,0,0,0,0,0,0,0,0,0,0
70633485,1,0.679247906,20,43872,3,1,0,0,0,0
70633486,1,0.677278616,25,28499,16,1,0,0,0,0
70633487,1,0.74240254,27,40371,37,1,0,0,0,0
70633488,1,0.688229396,21,41934,76,1,0,0,0,0
70633489,1,0.476667447,14,32297,102,1,0,0,0,0
70633490,1,0.482927096,24,48104,124,1,0,0,0,0
70633491,1,0.62597905,17,33315,151,1,0,0,0,0
70633492,1,0.740900914,30,39538,191,1,0,0,0,0
70633493,1,0.771351315,28,69579,230,2,0,0,0,0
70633494,1,0.488552989,17,46683,271,1,0,0,0,0
70633495,1,0.489724831,21,43965,301,1,0,0,0,0
70633496,1,0.942743899,22,30199,334,1,0,0,0,0
70633497,1,0.694472602,33,87155,375,2,0,0,0,0
70633498,1,1.210782186,16,31786,428,1,0,0,0,0
70633499,1,0.562602298,22,37729,454,1,0,0,0,0
70633500,1,0.502494373,1,12606,484,1,0,0,0,0
70633501,1,1.243927872,35,50552,527,1,0,0,0,0
70633502,1,0.500266375,2,10179,547,1,0,0,0,0
70633503,1,0.673337062,26,38050,575,1,0,0,0,0
70633504,1,0.477163481,6,14359,616,1,0,0,0,0
70633505,1,0.493828966,19,37057,638,1,0,0,0,0
70633506,1,0.741883262,21,30123,662,1,0,0,0,0
70633507,1,0.731866607,16,37002,692,1,0,0,0,0
70633508,1,0.672397437,21,36385,710,1,0,0,0,0
70633509,1,0.698146282,15,27228,743,1,0,0,0,0
70633510,1,0.492233186,19,32168,762,1,0,0,0,0
70633511,1,0.519090787,23,39335,800,1,0,0,0,0
70633512,1,0.690476458,13,26755,830,1,0,0,0,0
70633513,1,0.530444522,14,28204,860,1,0,0,0,0
70633514,1,0.679014454,10,15658,885,1,0,0,0,0
70633515,1,0.456662314,13,27280,902,1,0,0,0,0
70633516,0,0.491546081,9,18582,931,7,0.050529765,0,1,0
70633517,1,0.451392331,13,52555,966,12,0.175011743,0,1,0
70633518,0,0.874948951,11,21402,975,7,0.088547965,0,1,0
70633519,1,0.298077117,22,56000,986,10,0.096668511,0,1,0
0,0,0,0,0,0,0,0,0,0,0
70633520,0,0,0,0,0,0,0,0,0,0
70636270,1,0.468145625,21,39023,2,1,0,0,0,0
70636271,1,0.757840965,16,25824,22,1,0,0,0,0
70636272,1,0.504610447,23,65559,32,2,0,0,0,0
70636273,1,0.751175314,19,48847,69,1,0,0,0,0
70636274,1,0.694798153,24,62642,94,1,0,0,0,0
70636275,1,1.198320398,1,29067,110,1,0,0,0,0
70636276,1,0.681973322,50,84760,124,2,0,0,0,0
70636277,1,1.243684116,29,66214,158,2,0,0,0,0
70636278,1,0.759589485,32,83296,192,2,0,0,0,0
70636279,1,0.487808144,16,25974,214,1,0,0,0,0
70636280,1,0.475102338,31,52883,228,1,0,0,0,0
70636281,1,0.81348741,21,60557,247,1,0,0,0,0
70636282,1,0.722460189,25,45539,259,1,0,0,0,0
70636283,1,1.212716006,16,53267,271,1,0,0,0,0
70636284,1,0.479366007,27,64171,283,1,0,0,0,0
70636285,1,0.493943252,34,56951,300,1,0,0,0,0
70636286,1,0.737580262,28,43452,321,1,0,0,0,0
70636287,1,0.500920967,27,64164,343,1,0,0,0,0
70636288,1,1.071564778,7,14743,358,1,0,0,0,0
70636289,1,1.695381431,46,66543,376,2,0,0,0,0
70636290,1,0.56051445,30,52545,411,1,0,0,0,0
70636291,1,1.073269766,8,23362,424,1,0,0,0,0
70636292,1,1.254485211,39,62390,436,1,0,0,0,0
70636293,1,0.553227829,16,35136,454,1,0,0,0,0
70636294,1,0.492614154,24,56367,468,1,0,0,0,0
70636295,1,1.805996801,28,51491,485,1,0,0,0,0
70636296,1,0.672310268,7,11323,511,1,0,0,0,0
70636297,1,0.876243713,26,38054,525,1,0,0,0,0
70636298,1,0.526439285,10,23302,556,1,0,0,0,0
70636299,0,0.46968481,14,27403,580,4,0.055165156,0,1,0
70636300,1,0.657985203,0,6704,628,6,0.051614545,0,1,0
70636301,1,0.680526928,24,33366,662,1,0,0,0,0
70636302,0,0.706228691,24,35099,698,3,0.073566027,0,1,0
70636303,1,0.988348323,22,31749,921,7,0.159437072,0,1,0
70636304,1,0.878091828,17,25124,1055,5,0.065389235,0,1,0
70636305,1,0.468766079,19,36225,1100,9,0.066838112,0,1,0
70636306,1,0.679553122,5,17341,1129,3,0.230886919,0,1,0
70636307,1,0.661368919,18,27306,1138,6,0.072560899,0,1,0
70636308,1,0.48009796,22,33336,1145,5,0.095088999,0,1,0
70636309,1,0.737833317,16,28959,1161,10,0.073996363,0,1,0
70636310,1,0.736628391,21,41731,1181,14,0.094901721,0,1,0
70636311,1,1.206852032,10,15661,1184,1,0,0,0,0
70636312,1,0.47931814,14,28564,1202,1,0,0,0,0
70636313,1,0.480964631,17,22073,1227,1,0,0,0,0
70636314,0,0.596077469,18,45697,1263,8,0.059058073,0,1,0
70636315,1,0.667754486,11,15944,1273,9,0.083175719,0,1,0
70636316,1,0.829370708,19,65580,1293,19,0.11889369,0,1,0
70636317,1,0.549911737,21,37735,1309,11,0.075728554,0,1,0
70636318,1,0.693512657,17,24970,1323,13,0.07745726,0,1,0
70636319,1,0.691873872,17,31116,1332,7,0.04452718,0.144457725,1,0
70636320,1,0.458328739,9,16093,1341,7,0.064422137,0.144457725,1,0
70636321,1,0.477943715,15,24906,1346,1,0,0.144457725,0,0
70636322,1,0.745491719,8,18614,1372,1,0,0.144457725,0,0
70636323,0,0.36692189,20,31708,1405,10,0.095424182,0.144457725,1,0
70636324,1,0.733680608,1,7871,1418,11,0.062759391,0.144457725,1,0
70636325,1,0.498905033,20,43486,1428,10,0.070753689,0.144457725,1,0
70636326,1,0.483365284,14,26299,1439,10,0.08957011,0.144457725,1,0
70636327,1,0.705141723,14,31305,1449,9,0.070148257,0.144457725,1,0
70636328,1,0.687520667,2,8157,1454,3,0.174251912,0.144457725,1,0
70636329,1,0.664536122,22,35002,1466,10,0.064060168,0.144457725,1,0
70636330,1,0.486013216,15,27964,1477,8,0.064835417,0.144457725,1,0
70636331,1,0.479603008,8,14812,1484,1,0,0.144457725,0,0
70636332,1,0.465418891,20,27149,1504,1,0,0.144457725,0,0
70636333,1,0.503769302,17,34738,1526,1,0,0.144457725,0,0
70636334,1,0.671742732,17,48848,1564,8,0.101041296,0.144457725,1,0
70636335,1,0.77018035,17,31537,1578,10,0.101140455,0.144457725,1,0
70636336,1,0.504267958,17,30766,1593,9,0.065383192,0.144457725,1,0
70636337,1,0.477800372,13,29577,1607,11,0.052229652,0.144457725,1,0
70636338,1,0.659088947,0,4504,1614,6,0.094752683,0.144457725,1,0
70636339,1,0.813467705,16,28354,1624,10,0.05946983,0.084807784,1,0
70636340,1,0.473811483,24,35613,1640,11,0.074336617,0.084807784,1,0
70636341,1,1.180204786,10,22520,1644,1,0,0.084807784,0,0
70636342,1,0.708156201,13,47736,1669,1,0,0.084807784,0,0
70636343,1,0.692647167,16,24792,1699,11,0.046272349,0.084807784,1,0
70636344,1,0.637602497,9,17214,1715,9,0.085244543,0.084807784,1,0
70636345,1,0.490755001,16,36721,1725,8,0.050188125,0.084807784,1,0
70636346,1,0.443535923,5,11045,1736,8,0.075395813,0.084807784,1,0
70636347,1,0.924846199,20,40519,1749,9,0.076518758,0.084807784,1,0
70636348,1,0.693990525,17,22286,1763,12,0.148295232,0.084807784,1,0
70636349,0,0.831924549,9,18439,1772,7,0.073771045,0.084807784,1,0
70636350,1,0.314358478,16,54853,1780,8,0.103976083,0.084807784,1,0
70636351,1,0.757406413,12,21277,1790,1,0,0.084807784,0,0
70636352,1,0.498846967,6,13873,1818,1,0,0.084807784,0,0
70636353,0,0.480839348,11,26707,1846,2,0.061109845,0.084807784,1,0
70636354,1,0.865625114,10,22670,1868,8,0.051972423,0.084807784,1,0
70636355,1,0.44582621,17,38660,1880,9,0.053286109,0.084807784,1,0
70636356,1,0.712624026,17,42579,1891,9,0.083112303,0.084807784,1,0
70636357,1,0.961999216,6,10212,1896,3,0.188709784,0.084807784,1,0
70636358,1,0.705220098,16,28684,1910,11,0.064132597,0.084807784,1,0
70636359,1,0.481852756,15,34264,1920,8,0.072196259,0.084807784,1,0
70636360,1,0.474512789,0,6851,1934,11,0.048908417,0.084807784,1,0
70636361,1,0.85952688,35,51165,1941,1,0,0.084807784,0,0
70636362,1,0.489675963,5,13629,1964,1,0,0.084807784,0,0
70636363,1,0.718006445,31,58032,2003,14,0.121463255,0.084807784,1,0
70636364,0,1.232211478,8,20165,2014,9,0.072848826,0.084807784,1,0
70636365,1,0.374142367,15,24970,2022,8,0.090864787,0.084807784,1,0
70636366,1,0.744579747,10,22573,2032,8,0.056380741,0.084807784,1,0
70636367,1,0.479655686,9,18131,2042,9,0.065131115,0.084807784,1,0
70636368,1,0.681087692,11,26080,2057,11,0.070681785,0.084807784,1,0
70636369,1,0.482411334,11,17211,2065,7,0.09511542,0.084807784,1,0
70636370,1,0.514105436,16,27389,2081,14,0.057595842,0.084807784,1,0
70636371,1,0.67735448,12,26050,2092,1,0,0.084807784,0,0
70636372,1,0.452448239,10,16894,2117,1,0,0.084807784,0,0
70636373,0,0.662960481,19,27940,2148,9,0.107496953,0.084807784,1,0
70636374,1,0.760522843,18,25703,2161,11,0.063500687,0.084807784,1,0
70636375,1,0.68332541,14,27051,2175,9,0.061371183,0.084807784,1,0
70636376,1,0.482563328,15,26099,2184,9,0.063565122,0.084807784,1,0
70636377,1,0.668412929,23,36446,2196,11,0.062382604,0.084807784,1,0
70636378,1,0.670080433,3,39803,2205,5,0.20514551,0.084807784,1,0
70636379,1,0.657845602,36,49696,2215,8,0.105689124,0.084807784,1,0
70636380,1,0.872907119,17,31186,2225,10,0.074449296,0.084807784,1,0
70636381,1,0.696239778,11,56870,2242,1,0,0.084807784,0,0
70636382,1,0.738510115,19,32229,2265,1,0,0.084807784,0,0
70636383,0,0.487684197,20,44775,2303,14,0.135238269,0.084807784,1,0
70636384,1,0.788117578,2,13490,2316,11,0.049111522,0.084807784,1,0
70636385,1,0.658454967,29,48343,2326,9,0.076553766,0.084807784,1,0
70636386,1,0.493971558,14,28157,2335,9,0.057885163,0.084807784,1,0
70636387,1,0.476008263,12,24821,2347,10,0.114742509,0.084807784,1,0
70636388,1,0.525751066,25,48154,2358,11,0.073000212,0.084807784,1,0
70636389,1,0.692977535,24,34287,2372,12,0.078823467,0.084807784,1,0
70636390,1,1.191330826,19,63767,2382,10,0.099507099,0.084807784,1,0
70636391,1,0.499124208,4,41737,2386,1,0,0.084807784,0,0
70636392,1,0.690199832,18,28120,2408,1,0,0.084807784,0,0
70636393,0,0.74828221,10,21689,2432,8,0.073991047,0.084807784,1,0
70636394,1,0.474860234,12,24244,2447,11,0.063606036,0.080893512,1,0
70636395,1,0.679019996,10,17319,2457,8,0.061643791,0.080893512,1,0
70636396,1,0.472688192,16,29907,2471,11,0.056258077,0.080893512,1,0
70636397,1,0.660559667,11,19131,2479,7,0.077768387,0.080893512,1,0
70636398,1,0.47776982,15,24579,2495,14,0.15268916,0.080893512,1,0
70636399,1,0.853155799,14,24683,2507,11,0.057015551,0.080893512,1,0
70636400,1,0.501798915,18,65527,2519,12,0.188643888,0.080893512,1,0
70636401,1,0.940772761,12,25168,2524,1,0,0.080893512,0,0
70636402,1,0.69378972,11,42109,2551,1,0,0.080893512,0,0
70636403,0,0.648417706,23,30425,2582,10,0.072426834,0.080893512,1,0
70636404,1,0.687943055,20,82110,2609,21,0.110454749,0.080893512,1,0
70636405,1,0.775085331,18,25199,2618,9,0.076813514,0.080893512,1,0
70636406,1,0.490346295,27,44438,2627,8,0.096923334,0.080893512,1,0
70636407,1,0.745568682,15,27891,2634,5,0.060451996,0.080893512,1,0
70636408,1,0.473811564,17,29554,2647,9,0.071980711,0.080893512,1,0
70636409,1,0.687056581,16,29621,2657,9,0.090605107,0.080893512,1,0
70636410,1,0.498789512,17,30254,2672,12,0.103934737,0.080893512,1,0
70636411,1,0.726994205,11,24703,2682,1,0,0.080893512,0,0
70636412,1,0.488032207,9,15925,2704,1,0,0.080893512,0,0
70636413,1,0.507513745,11,19291,2717,1,0,0.080893512,0,0
70636414,0,0.457931901,4,15366,2752,9,0.056489933,0.080893512,1,0
70636415,1,0.724129452,29,41816,2764,9,0.058413186,0.080893512,1,0
70636416,1,0.456219246,19,34284,2774,8,0.068496134,0.080893512,1,0
70636417,1,0.676446354,33,55171,2787,11,0.108115749,0.080893512,1,0
70636418,1,1.211797797,15,27637,2794,5,0.135210599,0.080893512,1,0
70636419,1,0.54962136,26,39190,2803,8,0.064220903,0.080893512,1,0
70636420,1,0.684315657,17,30614,2812,8,0.096559437,0.080893512,1,0
70636421,1,0.743250177,5,8858,2814,1,0,0.080893512,0,0
70636422,1,0.505592984,20,31348,2827,1,0,0.080893512,0,0
70636423,1,0.680931953,12,17353,2858,7,0.074939711,0.080893512,1,0
70636424,1,0.691755357,17,31304,2869,10,0.087231919,0.080893512,1,0
70636425,1,0.505647808,14,20273,2877,7,0.115397036,0.080893512,1,0
70636426,1,0.530981047,17,28989,2889,8,0.096063933,0.080893512,1,0
70636427,1,0.828331562,18,28474,2899,9,0.063851371,0.080893512,1,0
0,0,0,0,0,0,0,0,0,0,0
70636428,0,0,0,0,0,0,0,0,0,0
70638783,1,0.465923563,16,29728,4,1,0,0,0,0
70638784,1,0.491367811,16,49579,25,1,0,0,0,0
70638785,1,0.548945027,11,28856,40,1,0,0,0,0
70638786,1,0.476511409,14,21099,60,1,0,0,0,0
70638787,1,0.483200251,15,37479,74,1,0,0,0,0
70638788,1,0.680887321,13,28628,92,1,0,0,0,0
70638789,1,0.467793645,13,20847,107,1,0,0,0,0
70638790,1,0.443019957,20,27817,125,1,0,0,0,0
70638791,1,0.737236679,4,9242,143,1,0,0,0,0
70638792,1,0.938734724,23,41590,158,1,0,0,0,0
70638793,1,0.51090589,14,27213,177,1,0,0,0,0
70638794,1,0.485928162,17,26209,187,1,0,0,0,0
70638795,1,0.483146668,21,33153,204,1,0,0,0,0
70638796,1,1.18958952,9,22956,217,1,0,0,0,0
70638797,1,0.711667,12,33193,232,1,0,0,0,0
70638798,1,0.734751383,9,16772,245,1,0,0,0,0
70638799,1,0.649808612,14,31632,260,1,0,0,0,0
70638800,1,0.689979156,8,17929,280,1,0,0,0,0
70638801,1,0.516256173,2,30598,298,1,0,0,0,0
70638802,1,0.475483672,17,27473,311,1,0,0,0,0
70638803,1,0.859076256,15,37466,333,1,0,0,0,0
70638804,1,0.47910116,15,27649,350,1,0,0,0,0
70638805,1,0.472165237,15,32415,365,1,0,0,0,0
70638806,1,0.737913335,14,31009,387,1,0,0,0,0
70638807,1,0.695088163,11,19617,399,1,0,0,0,0
70638808,0,0.475502861,1,10923,425,6,0.046152028,0,1,0
70638809,1,0.736502008,0,6764,434,7,0.061406925,0,1,0
70638810,1,0.495380427,28,59774,481,7,0.090975445,0,1,0
70638811,1,0.709244983,6,14411,494,1,0,0,0,0
70638812,1,0.590210189,9,20474,530,1,0,0,0,0
70638813,1,0.680627402,13,27076,555,1,0,0,0,0
70638814,0,0.487782102,8,19604,630,9,0.048430376,0,1,0
70638815,1,0.45504825,11,20270,732,11,0.061792817,0,1,0
70638816,1,0.482331788,12,24595,757,9,0.109501875,0,1,0
70638817,1,0.782650917,14,25467,767,9,0.091680873,0,1,0
70638818,1,0.75618523,6,21098,782,10,0.097672802,0,1,0
70638819,1,0.735007714,25,39980,797,10,0.062272932,0,1,0
70638820,1,0.672337515,15,30810,809,9,0.056894574,0,1,0
70638821,1,0.482971688,9,16940,819,1,0,0,0,0
70638822,1,0.678150421,9,18140,836,1,0,0,0,0
70638823,1,0.465316327,20,35356,875,12,0.072096932,0,1,0
70638824,1,1.172992041,11,19482,888,10,0.061868963,0,1,0
70638825,1,0.482623298,15,33289,903,11,0.068951431,0,1,0
70638826,1,0.686373339,3,9000,914,9,0.080044335,0,1,0
70638827,1,0.516807005,17,35763,929,11,0.070479847,0,1,0
70638828,1,0.681961017,11,23870,943,12,0.102875473,0,1,0
70638829,0,0.739416902,7,16087,954,9,0.063729817,0,1,0
70638830,1,0.334739532,13,21951,964,10,0.088383798,0,1,0
70638831,1,0.504101105,9,16224,972,1,0,0,0,0
70638832,1,0.466579593,10,22418,995,1,0,0,0,0
70638833,0,0.479876356,11,20088,1029,9,0.086676532,0,1,0
70638834,1,0.728730509,16,60702,1046,11,0.072294266,0,1,0
70638835,1,0.522507372,12,22309,1051,5,0.094336514,0,1,0
70638836,1,0.50903132,15,23522,1061,8,0.062923594,0,1,0
70638837,1,0.468748723,11,24429,1073,12,0.044866775,0,1,0
70638838,1,0.448897434,15,34111,1081,8,0.052790865,0,1,0
70638839,1,0.665907037,10,20678,1095,11,0.080030315,0,1,0
70638840,1,0.702886949,17,24508,1106,9,0.071749409,0,1,0
70638841,1,0.592785877,1,9559,1110,1,0,0,0,0
70638842,1,0.660069833,21,39633,1132,1,0,0,0,0
70638843,0,0.491391942,13,29718,1153,2,0.065002862,0,1,0
70638844,1,0.483059411,13,22715,1173,7,0.061194392,0,1,0
70638845,1,0.471717039,18,21138,1189,12,0.146907359,0,1,0
70638846,1,0.853247758,17,29071,1201,9,0.091212866,0,1,0
70638847,1,0.739651066,16,22700,1212,10,0.140475978,0,1,0
70638848,1,0.784689312,14,25959,1227,11,0.073135386,0,1,0
70638849,1,0.473114255,10,23963,1240,10,0.073528912,0,1,0
70638850,1,0.480829704,18,25485,1254,10,0.085471652,0,1,0
70638851,1,1.180449177,9,16133,1266,1,0,0,0,0
70638852,1,0.519424532,1,12211,1288,1,0,0,0,0
70638853,0,0.692645165,26,33068,1323,10,0.07855461,0,1,0
70638854,1,0.694514369,10,21844,1335,7,0.059761549,0,1,0
70638855,1,0.471146095,24,30618,1347,11,0.085850403,0,1,0
70638856,1,0.760332229,27,49802,1361,11,0.077510504,0,1,0
70638857,1,0.486789355,11,17482,1368,7,0.065271469,0,1,0
70638858,1,0.480095187,22,39794,1381,10,0.065304187,0,1,0
70638859,1,0.677455968,18,31247,1388,7,0.06367458,0,1,0
70638860,1,0.467276565,17,41919,1397,8,0.059812561,0,1,0
70638861,1,0.679581757,9,21256,1401,1,0,0,0,0
70638862,1,0.74189318,15,24256,1425,1,0,0,0,0
0,0,0,0,0,0,0,0,0,0,0
70638863,0,0,0,0,0,0,0,0,0,0
70641631,1,0.680680209,5,8132,1,1,0,0,0,0
70641632,1,0.489752694,13,22476,19,1,0,0,0,0
70641633,1,0.465349581,12,21916,24,1,0,0,0,0
70641634,1,0.834383707,16,24126,31,1,0,0,0,0
70641635,1,1.164619782,10,20976,41,1,0,0,0,0
70641636,1,0.50352074,16,27483,49,1,0,0,0,0
70641637,1,0.748398467,15,30045,66,1,0,0,0,0
70641638,1,0.463024609,19,39002,77,1,0,0,0,0
70641639,1,0.468372852,19,31459,88,1,0,0,0,0
70641640,1,0.724572961,13,31775,126,1,0,0,0,0
70641641,1,0.685025084,15,33302,198,1,0,0,0,0
70641642,1,0.737024118,15,25141,288,1,0,0,0,0
70641643,1,0.474508635,25,38509,335,1,0,0,0,0
70641644,1,0.715329901,33,83697,377,3,0,0,0,0
70641645,1,1.113564488,28,65351,447,1,0,0,0,0
70641646,1,0.534604408,21,36810,496,1,0,0,0,0
70641647,1,0.705351761,12,24992,526,1,0,0,0,0
70641648,1,0.424320775,23,37858,555,1,0,0,0,0
70641649,1,0.467669718,23,32652,588,1,0,0,0,0
70641650,1,0.672799842,24,51934,630,1,0,0,0,0
70641651,1,0.867955012,4,9969,671,1,0,0,0,0
70641652,1,0.504171898,20,50420,720,1,0,0,0,0
70641653,1,0.695876047,18,22541,756,1,0,0,0,0
70641654,1,0.470376597,17,44239,782,1,0,0,0,0
70641655,1,0.480526405,20,37400,812,1,0,0,0,0
70641656,0,0.704157163,11,32184,846,10,0.06456847,0,1,0
70641657,1,0.464952348,18,29237,867,10,0.064866847,0,1,0
70641658,1,0.679161604,12,28133,883,12,0.055647844,0,1,0
70641659,1,0.461801972,13,21032,897,12,0.063452979,0,1,0
70641660,1,0.481288647,9,17027,911,11,0.061430447,0,1,0
70641661,1,0.475016754,23,38900,916,1,0,0,0,0
70641662,1,0.662813892,16,34779,946,1,0,0,0,0
70641663,1,0.489114149,39,67710,1002,30,0.09607673,0,1,0
70641664,1,1.199006131,33,72832,1023,17,0.101273875,0,1,0
70641665,1,0.771030937,0,6792,1035,9,0.047474549,0,1,0
70641666,1,0.680163525,34,91776,1059,21,0.131694137,0,1,0
70641667,1,0.603984389,12,16654,1062,2,0.216947946,0,1,0
70641668,1,0.838918454,22,39662,1072,8,0.114626228,0,1,0
70641669,1,0.556426973,22,54953,1081,8,0.065453761,0,1,0
70641670,1,0.681231497,12,20765,1090,7,0.064925473,0,1,0
70641671,1,0.48237908,14,23664,1099,1,0,0,0,0
70641672,0,0.741982498,13,29841,1122,1,0.072493102,0,1,0
70641673,0,0.697068608,13,21399,1160,11,0.061960129,0,1,0
70641674,1,0.488999785,19,26570,1172,10,0.102314303,0,1,0
70641675,1,0.725634737,18,34900,1181,8,0.064898813,0,1,0
70641676,1,0.473144748,11,22384,1192,8,0.060076146,0,1,0
70641677,1,0.456606245,0,6319,1202,10,0.06370524,0,1,0
70641678,1,0.488969734,18,31768,1211,8,0.057970215,0,1,0
70641679,1,0.485338699,13,58524,1224,11,0.100917573,0,1,0
70641680,1,0.757743542,15,21554,1236,10,0.101364407,0,1,0
70641681,1,0.562200918,10,30074,1242,1,0,0,0,0
70641682,0,0.705653609,14,55166,1270,2,0.169247738,0,1,0
70641683,1,0.834694469,15,30773,1297,9,0.06677481,0,1,0
70641684,1,0.474358358,18,28327,1310,10,0.088431795,0,1,0
0,0,0,0,0,0,0,0,0,0,0
