69243204,0,NewHeight,9.624202677
69243837,0,NewHeight,278.017694519
69243837,0,NewRound,0.292178884
69243837,0,Propose,0.000086844
69243837,0,Precommit,0.000011873
69243837,0,Commit,0.000037931
69243838,0,NewHeight,0.12316797
69243838,0,NewRound,0.154528892
69243838,0,Propose,0.000145134
69243838,0,Precommit,0.000021901
69243838,0,Commit,0.000056065
69243839,0,NewHeight,0.072599753
69243839,0,NewRound,0.085802105
69243839,0,Propose,0.000069872
69243839,0,Precommit,0.000010781
69243839,0,Commit,0.000043742
69243840,0,NewHeight,0.14914034
69243840,0,NewRound,0.156011806
69243840,0,Propose,0.000084278
69243840,0,Precommit,0.001452667
69243840,0,Commit,0.000032371
69243841,0,NewHeight,0.717743528
69243841,0,NewRound,0.000242166
69243841,0,Propose,0.000126789
69243841,0,Precommit,0.299543309
69243841,0,Commit,0.000038302
69243842,0,NewHeight,0.080526326
69243842,0,NewRound,0.075319185
69243842,0,Propose,0.000076364
69243842,0,Precommit,0.00001044
69243842,0,Commit,0.00006379
69243843,0,NewHeight,0.113646603
69243843,0,NewRound,0.143860713
69243843,0,Propose,0.000069812
69243843,0,Precommit,0.000009317
69243843,0,Commit,0.000054192
69243844,0,NewHeight,0.170124222
69243844,0,NewRound,0.129986747
69243844,0,Propose,0.000115338
69243844,0,Precommit,0.018390166
69243844,0,Commit,0.000036599
69243845,0,NewHeight,0.083491562
69243845,0,NewRound,0.151068753
69243845,0,Propose,0.000118453
69243845,0,Precommit,0.000018544
69243845,0,Commit,0.00004779
69243846,0,NewHeight,0.168040928
69243846,0,NewRound,0.132772594
69243846,0,Propose,0.000113614
69243846,0,Precommit,0.072028868
69243846,0,Commit,0.000060835
69243847,0,NewHeight,0.231667725
69243847,0,NewRound,0.069033474
69243847,0,Propose,0.0001272
69243847,0,Precommit,0.16973024
69243847,0,Commit,0.000040666
69243848,0,NewHeight,0.16617918
69243848,0,NewRound,0.134738388
69243848,0,Propose,0.000108634
69243848,0,Precommit,0.016897043
69243848,0,Commit,0.000032802
69243849,0,NewHeight,0.161814397
69243849,0,NewRound,0.138732372
69243849,0,Propose,0.000126729
69243849,0,Precommit,0.011693069
69243849,0,Commit,0.0000475
69243850,0,NewHeight,0.132869778
69243850,0,NewRound,0.158414833
69243850,0,Propose,0.000108715
69243850,0,Precommit,0.000015189
69243850,0,Commit,0.000048992
69243851,0,NewHeight,0.896033145
69243851,0,NewRound,0.000063981
69243851,0,Propose,0.000057298
69243851,0,Precommit,0.149917845
69243851,0,Commit,0.00004268
69243852,0,NewHeight,0.245292555
69243852,0,NewRound,0.055473979
69243852,0,Propose,0.000071454
69243852,0,Precommit,0.197706586
69243852,0,Commit,0.000052469
69243853,0,NewHeight,0.14498957
69243853,0,NewRound,0.146168511
69243853,0,Propose,0.000096942
69243853,0,Precommit,0.000012984
69243853,0,Commit,0.00003221
69243854,0,NewHeight,0.111233185
69243854,0,NewRound,0.158787145
69243854,0,Propose,0.000109706
69243854,0,Precommit,0.000017363
69243854,0,Commit,0.000048942
69243855,0,NewHeight,0.168188516
69243855,0,NewRound,0.134240279
69243855,0,Propose,0.000135125
69243855,0,Precommit,0.015932586
69243855,0,Commit,0.000058289
69243856,0,NewHeight,0.079444047
69243856,0,NewRound,0.057140589
69243856,0,Propose,0.000065583
69243856,0,Precommit,0.000009237
69243856,0,Commit,0.000035697
69243857,0,NewHeight,0.101302276
69243857,0,NewRound,0.151744436
69243857,0,Propose,0.000112211
69243857,0,Precommit,0.000015329
69243857,0,Commit,0.000049303
69243858,0,NewHeight,0.080599353
69243858,0,NewRound,0.06189711
69243858,0,Propose,0.000068108
69243858,0,Precommit,0.000011632
69243858,0,Commit,0.000035446
69243859,0,NewHeight,0.152359986
69243859,0,NewRound,0.147254297
69243859,0,Propose,0.000096001
69243859,0,Precommit,0.000010119
69243859,0,Commit,0.000038693
69243860,0,NewHeight,0.173925274
69243860,0,NewRound,0.127092935
69243860,0,Propose,0.00010081
69243860,0,Precommit,0.028498079
69243860,0,Commit,0.000037761
69243861,0,NewHeight,0.74343978
69243861,0,NewRound,0.000156765
69243861,0,Propose,0.000118243
69243861,0,Precommit,0.157166081
69243861,0,Commit,0.00004762
69243862,0,NewHeight,0.135313882
69243862,0,NewRound,0.165246062
69243862,0,Propose,0.000125436
69243862,0,Precommit,0.029455533
69243862,0,Commit,0.00004279
69243863,0,NewHeight,0.199661539
69243863,0,NewRound,0.062784182
69243863,0,Propose,0.000108895
69243863,0,Precommit,0.000242296
69243863,0,Commit,0.000045966
69243864,0,NewHeight,0.291880924
69243864,0,NewRound,0.009042195
69243864,0,Propose,0.00009023
69243864,0,Precommit,0.140867485
69243864,0,Commit,0.000040206
69243865,0,NewHeight,0.175302358
69243865,0,NewRound,0.122130075
69243865,0,Propose,0.000121819
69243865,0,Precommit,0.000016451
69243865,0,Commit,0.000038723
69243866,0,NewHeight,0.080626375
69243866,0,NewRound,0.071709786
69243866,0,Propose,0.000071775
69243866,0,Precommit,0.000009168
69243866,0,Commit,0.000045485
69243867,0,NewHeight,0.175506633
69243867,0,NewRound,0.124976948
69243867,0,Propose,0.000082696
69243867,0,Prevote,0.110618177
69243867,0,Precommit,0.099444998
69243867,0,Commit,0.050625345
69243868,0,NewHeight,0.095581999
69243868,0,NewRound,0.204849172
69243868,0,Propose,0.000138932
69243868,0,Prevote,0.239975508
69243868,0,Precommit,0.067867898
69243868,0,Commit,0.060658246
69243869,0,NewHeight,0.096621979
69243869,0,NewRound,0.203543833
69243869,0,Propose,0.00010609
69243869,0,Prevote,0.090186725
69243869,0,Precommit,0.056507887
69243869,0,Commit,0.113910019
69243870,0,NewHeight,0.083731484
69243870,0,Prevote,0.216009268
69243870,0,Precommit,0.055524915
69243870,0,Commit,0.06417953
69243871,0,NewHeight,0.748366132
69243871,0,NewRound,0.000171393
69243871,0,Propose,0.000084499
69243871,0,Precommit,0.157254357
69243871,0,Commit,0.000050355
69243872,0,NewHeight,0.232887916
69243872,0,NewRound,0.068080428
69243872,0,Propose,0.000094959
69243872,0,Prevote,0.357966706
69243872,0,PrevoteWait,0.078056654
69243872,0,Precommit,0.004675439
69243872,0,Commit,0.061910936
69243873,0,NewHeight,0.134720595
69243873,0,NewRound,0.165646778
69243873,0,Propose,0.000085621
69243873,0,Prevote,0.357175034
69243873,0,Precommit,0.058779717
69243873,0,Commit,0.079311307
69243874,0,NewHeight,0.102297863
69243874,0,NewRound,0.198709997
69243874,0,Propose,0.000077566
69243874,0,Prevote,0.230707438
69243874,0,Precommit,0.062515044
69243874,0,Commit,0.054915266
69243875,0,NewHeight,0.101490451
69243875,0,NewRound,0.199514112
69243875,0,Propose,0.000079329
69243875,0,Prevote,0.24699407
69243875,0,Precommit,0.071940691
69243875,0,Commit,0.058125815
69243876,0,NewHeight,0.065560271
69243876,0,NewRound,0.234916327
69243876,0,Propose,0.000112843
69243876,0,Prevote,0.029935096
69243876,0,Precommit,0.058557859
69243876,0,Commit,0.059884308
69243877,0,NewHeight,0.090981754
69243877,0,NewRound,0.209684672
69243877,0,Propose,0.000115217
69243877,0,Prevote,0.051004639
69243877,0,Precommit,0.068301275
69243877,0,Commit,0.058810956
69243878,0,NewHeight,0.077897443
69243878,0,NewRound,0.22230621
69243878,0,Propose,0.000103365
69243878,0,Prevote,0.672528339
69243878,0,PrevoteWait,0.0489721
69243878,0,Precommit,0.003904716
69243878,0,Commit,0.080002921
69243879,0,NewHeight,0.078077613
69243879,0,NewRound,0.22253392
69243879,0,Propose,0.000078268
69243879,0,Prevote,0.105721032
69243879,0,Precommit,0.064086806
69243879,0,Commit,0.059164824
69243880,0,NewHeight,0.09377209
69243880,0,NewRound,0.207197497
69243880,0,Propose,0.000129955
69243880,0,Prevote,0.05262384
69243880,0,Precommit,0.071928929
69243880,0,Commit,0.078714634
69243881,0,NewHeight,0.70420671
69243881,0,NewRound,0.000242607
69243881,0,Propose,0.000073549
69243881,0,Precommit,0.155854319
69243881,0,Commit,0.000059151
69243882,0,NewHeight,0.171672801
69243882,0,NewRound,0.128552445
69243882,0,Propose,0.000079841
69243882,0,Prevote,0.19777711
69243882,0,PrevoteWait,0.056606844
69243882,0,Precommit,0.004006027
69243882,0,Commit,0.064819736
69243883,0,NewHeight,0.081146986
69243883,0,NewRound,0.219622815
69243883,0,Propose,0.00007426
69243883,0,Prevote,0.291947721
69243883,0,Precommit,0.047533641
69243883,0,Commit,0.057811704
69243884,0,NewHeight,0.103581912
69243884,0,NewRound,0.197191347
69243884,0,Propose,0.000113704
69243884,0,Prevote,0.083186188
69243884,0,Precommit,0.078027909
69243884,0,Commit,0.025380496
69243885,0,NewHeight,0.072635651
69243885,0,NewRound,0.227530123
69243885,0,Propose,0.000087354
69243885,0,Prevote,0.317928937
69243885,0,Precommit,0.039754314
69243885,0,Commit,0.076187462
69243886,0,NewHeight,0.093710335
69243886,0,NewRound,0.207425617
69243886,0,Propose,0.000108975
69243886,0,Prevote,0.057326219
69243886,0,Precommit,0.063908259
69243886,0,Commit,0.060230811
69243887,0,NewHeight,0.084463564
69243887,0,NewRound,0.215714392
69243887,0,Propose,0.000089408
69243887,0,Prevote,0.398677875
69243887,0,Precommit,0.084596574
69243887,0,Commit,0.053190186
69243888,0,NewHeight,0.066774179
69243888,0,NewRound,0.23379801
69243888,0,Propose,0.000094949
69243888,0,Prevote,0.083217847
69243888,0,Precommit,0.066615911
69243888,0,Commit,0.074091343
69243889,0,NewHeight,0.090937701
69243889,0,NewRound,0.210251932
69243889,0,Propose,0.000116269
69243889,0,Prevote,0.026651279
69243889,0,Precommit,0.05698692
69243889,0,Commit,0.048304423
69243890,0,NewHeight,0.112844332
69243890,0,NewRound,0.187609825
69243890,0,Propose,0.000117591
69243890,0,Prevote,0.047716746
69243890,0,Precommit,0.052494386
69243890,0,Commit,0.070325548
69243891,0,NewHeight,0.682492744
69243891,0,NewRound,0.000261652
69243891,0,Propose,0.000058109
69243891,0,Precommit,0.168075073
69243891,0,Commit,0.000036319
69243892,0,NewHeight,0.165512184
69243892,0,NewRound,0.135504733
69243892,0,Propose,0.000088216
69243892,0,Prevote,0.140627523
69243892,0,Precommit,0.056441392
69243892,0,Commit,0.075249556
69243893,0,NewHeight,0.125585806
69243893,0,NewRound,0.174768834
69243893,0,Propose,0.000118232
69243893,0,Prevote,0.057099542
69243893,0,Precommit,0.060082772
69243893,0,Commit,0.075694614
69243894,0,NewHeight,0.074298053
69243894,0,NewRound,0.225893189
69243894,0,Propose,0.000095881
69243894,0,Prevote,0.336607829
69243894,0,Precommit,0.063184736
69243894,0,Commit,0.052739308
69243895,0,NewHeight,0.082440603
69243895,0,NewRound,0.218128992
69243895,0,Propose,0.000080111
69243895,0,Prevote,0.313377484
69243895,0,PrevoteWait,0.055568849
69243895,0,Precommit,0.003836598
69243895,0,Commit,0.056289115
69243896,0,NewHeight,0.073894833
69243896,0,NewRound,0.227216131
69243896,0,Propose,0.000123342
69243896,0,Prevote,0.05452943
69243896,0,Precommit,0.067669816
69243896,0,Commit,0.05289963
69243897,0,NewHeight,0.07297502
69243897,0,NewRound,0.227935898
69243897,0,Propose,0.000113554
69243897,0,Prevote,0.257903735
69243897,0,Precommit,0.063349666
69243897,0,Commit,0.055475743
69243898,0,NewHeight,0.07986982
69243898,0,NewRound,0.221105981
69243898,0,Propose,0.000083467
69243898,0,Prevote,0.741692114
69243898,0,PrevoteWait,0.066223551
69243898,0,Precommit,0.006594654
69243898,0,Commit,0.066714496
69243899,0,NewHeight,0.076637981
69243899,0,NewRound,0.223609997
69243899,0,Propose,0.000088166
69243899,0,Prevote,0.073198161
69243899,0,Precommit,0.0755018
69243899,0,Commit,0.062072151
69243900,0,NewHeight,0.100307343
69243900,0,NewRound,0.200812539
69243900,0,Propose,0.000109116
69243900,0,Prevote,0.332428004
69243900,0,PrevoteWait,0.051713405
69243900,0,Precommit,0.006325777
69243900,0,Commit,0.053429889
69243901,0,NewHeight,0.645112052
69243901,0,NewRound,0.000321867
69243901,0,Propose,0.000058691
69243901,0,Precommit,0.154518865
69243901,0,Commit,0.000052699
69243902,0,NewHeight,0.086753559
69243902,0,NewRound,0.054616213
69243902,0,Propose,0.000106881
69243902,0,Precommit,0.000025809
69243902,0,Commit,0.000021952
69243903,0,NewHeight,0.05586704
69243903,0,NewRound,0.244773789
69243903,0,Propose,0.000126207
69243903,0,Prevote,0.33643854
69243903,0,PrevoteWait,0.056225436
69243903,0,Precommit,0.003749785
69243903,0,Commit,0.053309342
69243904,0,NewHeight,0.063423456
69243904,0,NewRound,0.237212084
69243904,0,Propose,0.000075362
69243904,0,Prevote,0.282497077
69243904,0,Precommit,0.062823877
69243904,0,Commit,0.060991243
69243905,0,NewHeight,0.133502591
69243905,0,NewRound,0.167350588
69243905,0,Propose,0.000081694
69243905,0,Prevote,0.035618483
69243905,0,Precommit,0.066880919
69243905,0,Commit,0.068902188
69243906,0,NewHeight,0.064965201
69243906,0,NewRound,0.235817566
69243906,0,Propose,0.000110739
69243906,0,Prevote,0.051125287
69243906,0,Precommit,0.059547164
69243906,0,Commit,0.057792808
69243907,0,NewHeight,0.082792876
69243907,0,NewRound,0.217875555
69243907,0,Propose,0.000117161
69243907,0,Prevote,0.035016889
69243907,0,Precommit,0.056526883
69243907,0,Commit,0.063889354
69243908,0,NewHeight,0.056757808
69243908,0,NewRound,0.24417942
69243908,0,Propose,0.000078589
69243908,0,Prevote,0.068943516
69243908,0,Precommit,0.05659398
69243908,0,Commit,0.053800626
69243909,0,NewHeight,0.074564224
69243909,0,NewRound,0.225586091
69243909,0,Propose,0.000086272
69243909,0,Prevote,0.295463926
69243909,0,Precommit,0.050335589
69243909,0,Commit,0.066893253
69243910,0,NewHeight,0.07766722
69243910,0,NewRound,0.223421052
69243910,0,Propose,0.000112071
69243910,0,Prevote,0.359859324
69243910,0,Precommit,0.050078134
69243910,0,Commit,0.092234615
69243911,0,NewHeight,0.849377098
69243911,0,NewRound,0.000288173
69243911,0,Propose,0.000064161
69243911,0,Precommit,0.15318414
69243911,0,Commit,0.000039394
69243912,0,NewHeight,0.1751168
69243912,0,NewRound,0.125670657
69243912,0,Propose,0.000113554
69243912,0,Precommit,0.028366821
69243912,0,Commit,0.000055815
69243913,0,NewHeight,0.175042429
69243913,0,NewRound,0.126100206
69243913,0,Propose,0.000082155
69243913,0,Prevote,0.152298371
69243913,0,PrevoteWait,0.046691384
69243913,0,Precommit,0.003744976
69243913,0,Commit,0.081351852
69243914,0,NewHeight,0.073828849
69243914,0,NewRound,0.226476168
69243914,0,Propose,0.000084399
69243914,0,Prevote,0.243028792
69243914,0,Precommit,0.150526373
69243914,0,Commit,0.019890993
69243915,0,NewHeight,0.080222915
69243915,0,NewRound,0.220061543
69243915,0,Propose,0.000118674
69243915,0,Prevote,0.240625314
69243915,0,Precommit,0.056797714
69243915,0,Commit,0.053691221
69243916,0,NewHeight,0.074193316
69243916,0,NewRound,0.226441372
69243916,0,Propose,0.000122501
69243916,0,Prevote,0.057971865
69243916,0,Precommit,0.050411924
69243916,0,Commit,0.066098586
69243917,0,NewHeight,0.076783375
69243917,0,NewRound,0.223602915
69243917,0,Propose,0.000116028
69243917,0,Prevote,0.207652395
69243917,0,Precommit,0.040101699
69243917,0,Commit,0.068704516
69243918,0,NewHeight,0.076888524
69243918,0,NewRound,0.224137783
69243918,0,Propose,0.000128462
69243918,0,Prevote,0.216167157
69243918,0,Precommit,0.097444059
69243918,0,Commit,0.038662047
69243919,0,NewHeight,0.072754195
69243919,0,NewRound,0.227457387
69243919,0,Propose,0.000120216
69243919,0,Prevote,0.258327324
69243919,0,Precommit,0.05794718
69243919,0,Commit,0.072734908
69243920,0,NewHeight,0.114029174
69243920,0,NewRound,0.186229666
69243920,0,Propose,0.000079579
69243920,0,Prevote,0.368837379
69243920,0,PrevoteWait,0.054685794
69243920,0,Precommit,0.006159314
69243920,0,Commit,0.059027074
69243921,0,NewHeight,0.740378903
69243921,0,NewRound,0.000085441
69243921,0,Propose,0.00007396
69243921,0,Precommit,0.157860951
69243921,0,Commit,0.000036238
69243922,0,NewHeight,0.127497167
69243922,0,Prevote,0.146640843
69243922,0,Precommit,0.009727015
69243922,0,Commit,0.051080283
69243923,0,NewHeight,0.120000394
69243923,0,NewRound,0.181027096
69243923,0,Propose,0.000089458
69243923,0,Prevote,0.377555253
69243923,0,PrevoteWait,0.045122058
69243923,0,Precommit,0.016350624
69243923,0,Commit,0.05173711
69243924,0,NewHeight,0.117801141
69243924,0,NewRound,0.182957201
69243924,0,Propose,0.000077465
69243924,0,Prevote,0.037888811
69243924,0,Precommit,0.07590454
69243924,0,Commit,0.064901301
69243925,0,NewHeight,0.089116621
69243925,0,NewRound,0.21169467
69243925,0,Propose,0.000092304
69243925,0,Prevote,0.051528567
69243925,0,Precommit,0.075573035
69243925,0,Commit,0.050444344
69243926,0,NewHeight,0.102122423
69243926,0,NewRound,0.201371683
69243926,0,Propose,0.000096462
69243926,0,Prevote,0.267132583
69243926,0,Precommit,0.054090553
69243926,0,Commit,0.058533274
69243927,0,NewHeight,0.092153923
69243927,0,NewRound,0.208478952
69243927,0,Propose,0.00009031
69243927,0,Prevote,0.096395214
69243927,0,Precommit,0.072600695
69243927,0,Commit,0.053310134
69243928,0,NewHeight,0.105363479
69243928,0,NewRound,0.19485151
69243928,0,Propose,0.000091743
69243928,0,Prevote,0.764882586
69243928,0,PrevoteWait,0.076260441
69243928,0,Precommit,0.006083241
69243928,0,Commit,0.093912506
69243929,0,NewHeight,0.121490601
69243929,0,NewRound,0.178671788
69243929,0,Propose,0.000086433
69243929,0,Prevote,0.025055974
69243929,0,Precommit,0.075720173
69243929,0,Commit,0.070994489
69243930,0,NewHeight,0.108415319
69243930,0,NewRound,0.192279494
69243930,0,Propose,0.000083026
69243930,0,Prevote,0.332614327
69243930,0,PrevoteWait,0.081854449
69243930,0,Precommit,0.006400948
69243930,0,Commit,0.081232798
69243931,0,NewHeight,0.68957361
69243931,0,NewRound,0.000317498
69243931,0,Propose,0.000098616
69243931,0,Precommit,0.061225966
69243931,0,Commit,0.000038262
69243932,0,NewHeight,0.171968659
69243932,0,NewRound,0.128298277
69243932,0,Propose,0.000087364
69243932,0,Prevote,0.031788688
69243932,0,Precommit,0.008230776
69243932,0,Commit,0.028937196
69243933,0,NewHeight,0.07054345
69243933,0,NewRound,0.230015356
69243933,0,Propose,0.000102062
69243933,0,Prevote,0.045295846
69243933,0,Precommit,0.06486376
69243933,0,Commit,0.060905673
69243934,0,NewHeight,0.08359063
69243934,0,NewRound,0.217313758
69243934,0,Propose,0.000112682
69243934,0,Prevote,0.332595693
69243934,0,PrevoteWait,0.048961531
69243934,0,Precommit,0.012878854
69243934,0,Commit,0.069835676
69243935,0,NewHeight,0.073097141
69243935,0,NewRound,0.227355276
69243935,0,Propose,0.000075392
69243935,0,Prevote,0.111225172
69243935,0,Precommit,0.015864068
69243935,0,Commit,0.045328567
69243936,0,NewHeight,0.082819448
69243936,0,NewRound,0.217380974
69243936,0,Propose,0.000080772
69243936,0,Prevote,0.223531752
69243936,0,Precommit,0.046542654
69243936,0,Commit,0.069998162
69243937,0,NewHeight,0.077452046
69243937,0,NewRound,0.223445038
69243937,0,Propose,0.000111751
69243937,0,Prevote,0.068406474
69243937,0,Precommit,0.049931369
69243937,0,Commit,0.056963035
69243938,0,NewHeight,0.078501192
69243938,0,NewRound,0.222574669
69243938,0,Propose,0.000118433
69243938,0,Prevote,0.329755141
69243938,0,PrevoteWait,0.045082283
69243938,0,Precommit,0.006439171
69243938,0,Commit,0.063094376
69243939,0,NewHeight,0.073732328
69243939,0,NewRound,0.227046394
69243939,0,Propose,0.000116549
69243939,0,Prevote,0.355100702
69243939,0,Precommit,0.061983904
69243939,0,Commit,0.072054577
69243940,0,NewHeight,9.818656337
69252105,0,NewHeight,1857.015378309
69252105,0,NewRound,0.240086902
69252105,0,Propose,0.000067787
69252105,0,Precommit,0.000010209
69252105,0,Commit,0.00004236
69252106,0,NewHeight,0.183907453
69252106,0,NewRound,0.119752919
69252106,0,Propose,0.000089088
69252106,0,Precommit,0.203026402
69252106,0,Commit,0.0000425
69252107,0,NewHeight,0.177456851
69252107,0,NewRound,0.122746148
69252107,0,Propose,0.000099707
69252107,0,Precommit,0.232684987
69252107,0,Commit,0.000046818
69252108,0,NewHeight,0.115586509
69252108,0,NewRound,0.185862727
69252108,0,Propose,0.000221477
69252108,0,Precommit,0.003421776
69252108,0,Commit,0.000059121
69252109,0,NewHeight,0.250007742
69252109,0,NewRound,0.050283692
69252109,0,Propose,0.000088146
69252109,0,Precommit,0.068075351
69252109,0,Commit,0.000039755
69252110,0,NewHeight,0.139752367
69252110,0,NewRound,0.116987018
69252110,0,Propose,0.00011132
69252110,0,Precommit,0.000014408
69252110,0,Commit,0.000068759
69252111,0,NewHeight,0.807250001
69252111,0,NewRound,0.000631309
69252111,0,Propose,0.00009047
69252111,0,Precommit,0.026151939
69252111,0,Commit,0.000047579
69252112,0,NewHeight,0.261969388
69252112,0,NewRound,0.039163482
69252112,0,Propose,0.000082996
69252112,0,Precommit,0.091289345
69252112,0,Commit,0.000042881
69252113,0,NewHeight,0.169291928
69252113,0,NewRound,0.131782292
69252113,0,Propose,0.0000958
69252113,0,Precommit,0.010676233
69252113,0,Commit,0.000051436
69252114,0,NewHeight,0.052720343
69252114,0,NewRound,0.074797415
69252114,0,Propose,0.000073057
69252114,0,Precommit,0.000009899
69252114,0,Commit,0.000042961
69252115,0,NewHeight,0.202555244
69252115,0,NewRound,0.097625221
69252115,0,Propose,0.000108414
69252115,0,Precommit,0.027934327
69252115,0,Commit,0.000050996
69252116,0,NewHeight,0.102010693
69252116,0,NewRound,0.198801002
69252116,0,Propose,0.000104126
69252116,0,Precommit,0.010438345
69252116,0,Commit,0.000060914
69252117,0,NewHeight,0.093518835
69252117,0,NewRound,0.122118155
69252117,0,Propose,0.000076414
69252117,0,Precommit,0.00001557
69252117,0,Commit,0.000064281
69252118,0,NewHeight,0.106252144
69252118,0,NewRound,0.122908033
69252118,0,Propose,0.000087524
69252118,0,Precommit,0.000011822
69252118,0,Commit,0.000040246
69252119,0,NewHeight,0.134060744
69252119,0,NewRound,0.12145705
69252119,0,Propose,0.000086693
69252119,0,Precommit,0.000011923
69252119,0,Commit,0.000039224
69252120,0,NewHeight,0.155151778
69252120,0,NewRound,0.12297509
69252120,0,Propose,0.000089749
69252120,0,Precommit,0.000011081
69252120,0,Commit,0.000053851
69252121,0,NewHeight,0.817252124
69252121,0,NewRound,0.00028687
69252121,0,Propose,0.000144242
69252121,0,Precommit,0.122346315
69252121,0,Commit,0.000041438
69252122,0,NewHeight,0.187410452
69252122,0,NewRound,0.061076114
69252122,0,Propose,0.000084289
69252122,0,Precommit,0.000280148
69252122,0,Commit,0.000050775
69252123,0,NewHeight,0.190383033
69252123,0,NewRound,0.11074074
69252123,0,Propose,0.000116519
69252123,0,Precommit,0.066759882
69252123,0,Commit,0.000044744
69252124,0,NewHeight,0.091112121
69252124,0,NewRound,0.160299718
69252124,0,Propose,0.00009564
69252124,0,Precommit,0.000135576
69252124,0,Commit,0.000041889
69252125,0,NewHeight,0.194482535
69252125,0,NewRound,0.10668023
69252125,0,Propose,0.000120267
69252125,0,Precommit,0.012869536
69252125,0,Commit,0.000046999
69252126,0,NewHeight,0.120385219
69252126,0,NewRound,0.121926413
69252126,0,Propose,0.000135465
69252126,0,Precommit,0.00002107
69252126,0,Commit,0.000056336
69252127,0,NewHeight,0.122723105
69252127,0,NewRound,0.117696315
69252127,0,Propose,0.000124955
69252127,0,Precommit,0.000027632
69252127,0,Commit,0.000070202
69252128,0,NewHeight,0.100550853
69252128,0,NewRound,0.120409295
69252128,0,Propose,0.00010053
69252128,0,Precommit,0.000011131
69252128,0,Commit,0.000060474
69252129,0,NewHeight,0.113249277
69252129,0,NewRound,0.12549669
69252129,0,Propose,0.000166584
69252129,0,Precommit,0.000018735
69252129,0,Commit,0.000057438
69252130,0,NewHeight,0.162773296
69252130,0,NewRound,0.123552267
69252130,0,Propose,0.000098525
69252130,0,Precommit,0.000012283
69252130,0,Commit,0.000050606
69252131,0,NewHeight,0.890839128
69252131,0,NewRound,0.000203744
69252131,0,Propose,0.000085271
69252131,0,Precommit,0.123563428
69252131,0,Commit,0.000038612
69252132,0,NewHeight,0.163657894
69252132,0,NewRound,0.122267486
69252132,0,Propose,0.000108965
69252132,0,Precommit,0.000160884
69252132,0,Commit,0.000036649
69252133,0,NewHeight,0.111999041
69252133,0,NewRound,0.137539588
69252133,0,Propose,0.000067467
69252133,0,Precommit,0.000009608
69252133,0,Commit,0.000041118
69252134,0,NewHeight,0.115606086
69252134,0,NewRound,0.185283475
69252134,0,Propose,0.000132269
69252134,0,Prevote,0.134695961
69252134,0,Precommit,0.0634152
69252134,0,Commit,0.061594451
69252135,0,NewHeight,0.099166855
69252135,0,NewRound,0.201085114
69252135,0,Propose,0.000080011
69252135,0,Prevote,0.728385504
69252135,0,PrevoteWait,0.045755501
69252135,0,Precommit,0.015914672
69252135,0,Commit,0.059768772
69252136,0,NewHeight,0.102685966
69252136,0,NewRound,0.197677425
69252136,0,Propose,0.000117722
69252136,0,Prevote,0.363377796
69252136,0,PrevoteWait,0.044186615
69252136,0,Precommit,0.00636411
69252136,0,Commit,0.066951733
69252137,0,NewHeight,0.175063501
69252137,0,Prevote,0.123346709
69252137,0,Precommit,0.089547824
69252137,0,Commit,0.079101072
69252138,0,NewHeight,0.107544268
69252138,0,NewRound,0.193326477
69252138,0,Propose,0.000104958
69252138,0,Prevote,0.025288081
69252138,0,Precommit,0.104098636
69252138,0,Commit,0.057831853
69252139,0,NewHeight,0.099007625
69252139,0,NewRound,0.201589855
69252139,0,Propose,0.000073268
69252139,0,Prevote,0.250708733
69252139,0,Precommit,0.067565461
69252139,0,Commit,0.05995899
69252140,0,NewHeight,0.120302244
69252140,0,NewRound,0.179986516
69252140,0,Propose,0.000106921
69252140,0,Prevote,0.273749351
69252140,0,Precommit,0.058761283
69252140,0,Commit,0.059181084
69252141,0,NewHeight,0.737846217
69252141,0,NewRound,0.000234672
69252141,0,Propose,0.000080481
69252141,0,Prevote,0.13658002
69252141,0,PrevoteWait,0.00425699
69252141,0,Precommit,0.00426248
69252141,0,Commit,0.006587441
69252142,0,NewHeight,0.218863809
69252142,0,NewRound,0.082248322
69252142,0,Propose,0.000172094
69252142,0,Prevote,0.057153354
69252142,0,Precommit,0.02878496
69252142,0,Commit,0.07919502
69252143,0,NewHeight,0.108574549
69252143,0,NewRound,0.192925512
69252143,0,Propose,0.000100139
69252143,0,Prevote,0.02185846
69252143,0,Precommit,0.075849928
69252143,0,Commit,0.075694956
69252144,0,NewHeight,0.093741275
69252144,0,NewRound,0.206534441
69252144,0,Propose,0.000094057
69252144,0,Prevote,0.067498764
69252144,0,Precommit,0.060986224
69252144,0,Commit,0.07278818
69252145,0,NewHeight,0.067106285
69252145,0,NewRound,0.233710159
69252145,0,Propose,0.000091713
69252145,0,Prevote,0.050163215
69252145,0,Precommit,0.077060198
69252145,0,Commit,0.070636305
69252146,0,NewHeight,0.092480329
69252146,0,NewRound,0.208472241
69252146,0,Propose,0.000093787
69252146,0,Prevote,0.34950415
69252146,0,PrevoteWait,0.067238374
69252146,0,Precommit,0.006222744
69252146,0,Commit,0.067469258
69252147,0,NewHeight,0.100817856
69252147,0,NewRound,0.199855158
69252147,0,Propose,0.000107122
69252147,0,Prevote,0.06596736
69252147,0,Precommit,0.039751429
69252147,0,Commit,0.071068179
69252148,0,NewHeight,0.11093149
69252148,0,NewRound,0.189485212
69252148,0,Propose,0.000095229
69252148,0,Prevote,0.234747654
69252148,0,Precommit,0.097166206
69252148,0,Commit,0.068304923
69252149,0,NewHeight,0.093233196
69252149,0,NewRound,0.207007392
69252149,0,Propose,0.000140905
69252149,0,Prevote,0.460811046
69252149,0,Precommit,0.059568245
69252149,0,Commit,0.089104949
69252150,0,NewHeight,0.221715772
69252150,0,NewRound,0.079229725
69252150,0,Propose,0.000092464
69252150,0,Prevote,0.071975749
69252150,0,Precommit,0.106512945
69252150,0,Commit,0.087362016
69252151,0,NewHeight,0.813186755
69252151,0,NewRound,0.000537382
69252151,0,Propose,0.000184678
69252151,0,Precommit,0.112102716
69252151,0,Commit,0.000044323
69252152,0,NewHeight,0.202272021
69252152,0,NewRound,0.098183173
69252152,0,Propose,0.000081033
69252152,0,Prevote,0.021164723
69252152,0,Precommit,0.009392886
69252152,0,Commit,0.007011919
69252153,0,NewHeight,0.15870912
69252153,0,NewRound,0.142477962
69252153,0,Propose,0.000106471
69252153,0,Prevote,0.008956203
69252153,0,Precommit,0.088937525
69252153,0,Commit,0.071109927
69252154,0,NewHeight,0.112588992
69252154,0,NewRound,0.187699977
69252154,0,Propose,0.000112452
69252154,0,Prevote,0.262898339
69252154,0,Precommit,0.070531206
69252154,0,Commit,0.068375266
69252155,0,NewHeight,0.167159981
69252155,0,NewRound,0.133955526
69252155,0,Propose,0.000092495
69252155,0,Prevote,0.981046214
69252155,0,PrevoteWait,0.049585877
69252155,0,Precommit,0.016976232
69252155,0,Commit,0.082569566
69252156,0,NewHeight,0.20477179
69252156,0,NewRound,0.095430276
69252156,0,Propose,0.000094398
69252156,0,Prevote,0.806313827
69252156,0,PrevoteWait,0.071867584
69252156,0,Precommit,0.007913769
69252156,0,Commit,0.089307551
69252157,0,NewHeight,0.244959412
69252157,0,NewRound,0.055391565
69252157,0,Propose,0.000090852
69252157,0,Prevote,0.315182739
69252157,0,PrevoteWait,0.088138189
69252157,0,Precommit,0.006010433
69252157,0,Commit,0.085594166
69252158,0,NewHeight,0.235793093
69252158,0,NewRound,0.064527977
69252158,0,Propose,0.000141446
69252158,0,Prevote,0.266992672
69252158,0,Precommit,0.081193664
69252158,0,Commit,0.058299053
69252159,0,NewHeight,0.104199026
69252159,0,NewRound,0.196575719
69252159,0,Propose,0.00008471
69252159,0,Prevote,0.266664373
69252159,0,Precommit,0.073851142
69252159,0,Commit,0.056495154
69252160,0,NewHeight,0.10398906
69252160,0,NewRound,0.19714437
69252160,0,Propose,0.000085792
69252160,0,Prevote,0.319467772
69252160,0,PrevoteWait,0.067476623
69252160,0,Precommit,0.006150407
69252160,0,Commit,0.055704485
69252161,0,NewHeight,0.819401253
69252161,0,NewRound,0.000345651
69252161,0,Propose,0.000110648
69252161,0,Precommit,0.031353999
69252161,0,Commit,0.000038152
69252162,0,NewHeight,0.214454302
69252162,0,NewRound,0.086479854
69252162,0,Propose,0.000101842
69252162,0,Precommit,0.036341166
69252162,0,Commit,0.000039695
69252163,0,NewHeight,0.171702279
69252163,0,Prevote,0.063141004
69252163,0,Precommit,0.015276421
69252163,0,Commit,0.063824031
69252164,0,NewHeight,0.089460109
69252164,0,NewRound,0.211318965
69252164,0,Propose,0.000091693
69252164,0,Prevote,1.367159764
69252164,0,PrevoteWait,0.065462929
69252164,0,Precommit,0.007260889
69252164,0,Commit,0.067322924
69252165,0,NewHeight,0.22194822
69252165,0,NewRound,0.0785634
69252165,0,Propose,0.000124304
69252165,0,Prevote,0.027652526
69252165,0,Precommit,0.0960477
69252165,0,Commit,0.080879112
69252166,0,NewHeight,0.083810034
69252166,0,NewRound,0.216471362
69252166,0,Propose,0.000117011
69252166,0,Prevote,0.067135169
69252166,0,Precommit,0.050511752
69252166,0,Commit,0.074127482
69252167,0,NewHeight,0.112562463
69252167,0,NewRound,0.187656115
69252167,0,Propose,0.000135235
69252167,0,Prevote,0.067623549
69252167,0,Precommit,0.068853115
69252167,0,Commit,0.083092402
69252168,0,NewHeight,0.135795321
69252168,0,NewRound,0.165207924
69252168,0,Propose,0.000121589
69252168,0,Prevote,0.389711888
69252168,0,Precommit,0.079408241
69252168,0,Commit,0.067460833
69252169,0,NewHeight,0.071174128
69252169,0,NewRound,0.22966604
69252169,0,Propose,0.000082606
69252169,0,Prevote,0.387736568
69252169,0,PrevoteWait,0.090839227
69252169,0,Precommit,0.006229346
69252169,0,Commit,0.067421869
69252170,0,NewHeight,0.142312821
69252170,0,NewRound,0.158360072
69252170,0,Propose,0.000101952
69252170,0,Prevote,0.053219002
69252170,0,Precommit,0.06222023
69252170,0,Commit,0.07328233
69252171,0,NewHeight,0.837058799
69252171,0,NewRound,0.000173848
69252171,0,Propose,0.000124645
69252171,0,Precommit,0.131649
69252171,0,Commit,0.0000478
69252172,0,NewHeight,0.261334943
69252172,0,NewRound,0.039793238
69252172,0,Propose,0.000112832
69252172,0,Prevote,0.096280468
69252172,0,PrevoteWait,0.058809254
69252172,0,Precommit,0.004759777
69252172,0,Commit,0.070538432
69252173,0,NewHeight,0.105181587
69252173,0,NewRound,0.195951844
69252173,0,Propose,0.000105298
69252173,0,Prevote,0.246046771
69252173,0,Precommit,0.060517001
69252173,0,Commit,0.068049081
69252174,0,NewHeight,0.100673804
69252174,0,NewRound,0.199669558
69252174,0,Propose,0.000138571
69252174,0,Prevote,0.068514047
69252174,0,Precommit,0.063527593
69252174,0,Commit,0.047947842
69252175,0,NewHeight,0.073878744
69252175,0,NewRound,0.22715027
69252175,0,Propose,0.000081975
69252175,0,Prevote,0.159771692
69252175,0,Precommit,0.070475172
69252175,0,Commit,0.059164843
69252176,0,NewHeight,0.083713171
69252176,0,NewRound,0.216887746
69252176,0,Propose,0.000159491
69252176,0,Prevote,0.0824118
69252176,0,Precommit,0.02672003
69252176,0,Commit,0.06830818
69252177,0,NewHeight,0.101896068
69252177,0,NewRound,0.199239117
69252177,0,Propose,0.000122531
69252177,0,Prevote,0.050929058
69252177,0,Precommit,0.078582325
69252177,0,Commit,0.057859564
69252178,0,NewHeight,0.094882895
69252178,0,NewRound,0.206001397
69252178,0,Propose,0.000130266
69252178,0,Prevote,0.062061701
69252178,0,Precommit,0.041371332
69252178,0,Commit,0.074239243
69252179,0,NewHeight,0.076704348
69252179,0,NewRound,0.223967023
69252179,0,Propose,0.000097213
69252179,0,Prevote,0.297578453
69252179,0,Precommit,0.053279486
69252179,0,Commit,0.059207194
69252180,0,NewHeight,0.099230836
69252180,0,NewRound,0.201017828
69252180,0,Propose,0.000117251
69252180,0,Prevote,0.079773279
69252180,0,Precommit,0.06523532
69252180,0,Commit,0.050950167
69252181,0,NewHeight,0.827225274
69252181,0,NewRound,0.000236826
69252181,0,Propose,0.000125877
69252181,0,Precommit,0.117632383
69252181,0,Commit,0.000051877
69252182,0,NewHeight,0.092975341
69252182,0,Prevote,0.034633498
69252182,0,Precommit,0.054387824
69252182,0,Commit,0.061148671
69252183,0,NewHeight,0.08704593
69252183,0,NewRound,0.213289328
69252183,0,Propose,0.000133041
69252183,0,Prevote,0.370796643
69252183,0,PrevoteWait,0.067154016
69252183,0,Precommit,0.003925515
69252183,0,Commit,0.079464067
69252184,0,NewHeight,0.141103152
69252184,0,NewRound,0.159222617
69252184,0,Propose,0.000082355
69252184,0,Prevote,0.776855769
69252184,0,PrevoteWait,0.034696577
69252184,0,Precommit,0.003818834
69252184,0,Commit,0.070635394
69252185,0,NewHeight,0.134178225
69252185,0,NewRound,0.16616114
69252185,0,Propose,0.000115859
69252185,0,Prevote,0.035795817
69252185,0,Precommit,0.090981184
69252185,0,Commit,0.067644819
69252186,0,NewHeight,0.10578755
69252186,0,NewRound,0.194594797
69252186,0,Propose,0.000086974
69252186,0,Prevote,0.064472334
69252186,0,Precommit,0.057008481
69252186,0,Commit,0.06624928
69252187,0,NewHeight,0.118631657
69252187,0,NewRound,0.182516973
69252187,0,Propose,0.000123663
69252187,0,Prevote,0.087318465
69252187,0,Precommit,0.065928616
69252187,0,Commit,0.068155812
69252188,0,NewHeight,0.09942418
69252188,0,NewRound,0.201487863
69252188,0,Propose,0.000125276
69252188,0,Prevote,0.258942665
69252188,0,Precommit,0.086098747
69252188,0,Commit,0.066614469
69252189,0,NewHeight,0.130567252
69252189,0,NewRound,0.169900805
69252189,0,Propose,0.000120818
69252189,0,Prevote,0.258708724
69252189,0,Precommit,0.076368274
69252189,0,Commit,0.066867546
69252190,0,NewHeight,0.137924323
69252190,0,NewRound,0.162393182
69252190,0,Propose,0.000098867
69252190,0,Prevote,0.105138566
69252190,0,Precommit,0.067796285
69252190,0,Commit,0.068386978
69252191,0,NewHeight,0.778368249
69252191,0,NewRound,0.000273716
69252191,0,Propose,0.000161575
69252191,0,Precommit,0.148041363
69252191,0,Commit,0.000045245
69252192,0,NewHeight,0.121603314
69252192,0,NewRound,0.141965116
69252192,0,Propose,0.000082846
69252192,0,Precommit,0.000012434
69252192,0,Commit,0.000038994
69252193,0,NewHeight,0.218632243
69252193,0,NewRound,0.082128276
69252193,0,Propose,0.000083908
69252193,0,Prevote,0.462990101
69252193,0,Precommit,0.058851023
69252193,0,Commit,0.068464854
69252194,0,NewHeight,0.103358904
69252194,0,NewRound,0.197717871
69252194,0,Propose,0.000187594
69252194,0,Prevote,0.390447274
69252194,0,PrevoteWait,0.061520351
69252194,0,Precommit,0.003905818
69252194,0,Commit,0.08270406
69252195,0,NewHeight,0.169727528
69252195,0,NewRound,0.131330671
69252195,0,Propose,0.00009006
69252195,0,Prevote,0.261902952
69252195,0,Precommit,0.052083323
69252195,0,Commit,0.076549115
69252196,0,NewHeight,0.114426315
69252196,0,NewRound,0.185998051
69252196,0,Propose,0.00012735
69252196,0,Prevote,0.249851658
69252196,0,Precommit,0.048221928
69252196,0,Commit,0.121286929
69252197,0,NewHeight,0.121387097
69252197,0,NewRound,0.179770209
69252197,0,Propose,0.000132991
69252197,0,Prevote,0.263496315
69252197,0,Precommit,0.054597268
69252197,0,Commit,0.067877448
69252198,0,NewHeight,0.092025872
69252198,0,NewRound,0.208905207
69252198,0,Propose,0.000090711
69252198,0,Prevote,0.26868538
69252198,0,Precommit,0.053676554
69252198,0,Commit,0.068668198
69252199,0,NewHeight,0.057276616
69252199,0,NewRound,0.243912951
69252199,0,Propose,0.000130786
69252199,0,Prevote,0.038937336
69252199,0,Precommit,0.08232076
69252199,0,Commit,0.059899918
69252200,0,NewHeight,0.093626708
69252200,0,NewRound,0.207604336
69252200,0,Propose,0.000121218
69252200,0,Prevote,0.087675656
69252200,0,Precommit,0.072907314
69252200,0,Commit,0.057342641
69252201,0,NewHeight,0.860346693
69252201,0,NewRound,0.000399313
69252201,0,Propose,0.000092585
69252201,0,Prevote,0.12663284
69252201,0,Precommit,0.010913831
69252201,0,Commit,0.022902838
69252202,0,NewHeight,0.082954332
69252202,0,NewRound,0.217613684
69252202,0,Propose,0.000079369
69252202,0,Prevote,0.055333236
69252202,0,Precommit,0.05853166
69252202,0,Commit,0.071426053
69252203,0,NewHeight,0.090293859
69252203,0,NewRound,0.210557291
69252203,0,Propose,0.000130636
69252203,0,Prevote,0.034007548
69252203,0,Precommit,0.074106042
69252203,0,Commit,0.059404655
69252204,0,NewHeight,0.068009497
69252204,0,Prevote,0.220945181
69252204,0,Precommit,0.064606746
69252204,0,Commit,0.066166154
69252205,0,NewHeight,0.058533404
69252205,0,NewRound,0.24243129
69252205,0,Propose,0.000086402
69252205,0,Prevote,0.110688993
69252205,0,Precommit,0.043946814
69252205,0,Commit,0.073098614
69252206,0,NewHeight,0.072030812
69252206,0,NewRound,0.229125652
69252206,0,Propose,0.000092474
69252206,0,Prevote,0.045269956
69252206,0,Precommit,0.064318513
69252206,0,Commit,0.049150918
69252207,0,NewHeight,0.081572499
69252207,0,NewRound,0.219021456
69252207,0,Propose,0.000085371
69252207,0,Prevote,0.102614892
69252207,0,Precommit,0.046479324
69252207,0,Commit,0.079395498
69252208,0,NewHeight,0.079268669
69252208,0,NewRound,0.220984073
69252208,0,Propose,0.00012249
69252208,0,Prevote,0.030732549
69252208,0,Precommit,0.083802019
69252208,0,Commit,0.05582955
69252209,0,NewHeight,0.099828202
69252209,0,NewRound,0.200570185
69252209,0,Propose,0.000091041
69252209,0,Prevote,0.796952921
69252209,0,PrevoteWait,0.03936384
69252209,0,Precommit,0.006394236
69252209,0,Commit,0.059517077
69252210,0,NewHeight,0.098242564
69252210,0,NewRound,0.202136867
69252210,0,Propose,0.000145644
69252210,0,Prevote,0.30351112
69252210,0,Precommit,0.059028498
69252210,0,Commit,0.071409441
69252211,0,NewHeight,0.724332338
69252211,0,NewRound,0.000354287
69252211,0,Propose,0.000141256
69252211,0,Precommit,0.190915485
69252211,0,Commit,0.000067607
69252212,0,NewHeight,0.133424005
69252212,0,Prevote,0.147702013
69252212,0,Precommit,0.018765964
69252212,0,Commit,0.137735547
69252213,0,NewHeight,0.108351589
69252213,0,Prevote,0.159788604
69252213,0,Precommit,0.06405113
69252213,0,Commit,0.068971289
69252214,0,NewHeight,0.106227367
69252214,0,NewRound,0.194630193
69252214,0,Propose,0.000100129
69252214,0,Prevote,0.057132685
69252214,0,Precommit,0.073893181
69252214,0,Commit,0.067629871
69252215,0,NewHeight,0.099402199
69252215,0,NewRound,0.20169808
69252215,0,Propose,0.000125376
69252215,0,Prevote,0.234459861
69252215,0,Precommit,0.055151854
69252215,0,Commit,0.048131908
69252216,0,NewHeight,0.10267222
69252216,0,NewRound,0.197820935
69252216,0,Propose,0.000083257
69252216,0,Prevote,0.069103178
69252216,0,Precommit,0.047852792
69252216,0,Commit,0.089150726
69252217,0,NewHeight,0.094263719
69252217,0,NewRound,0.206532107
69252217,0,Propose,0.000093025
69252217,0,Prevote,0.359843939
69252217,0,PrevoteWait,0.025056836
69252217,0,Precommit,0.015204455
69252217,0,Commit,0.07213026
69252218,0,NewHeight,0.164400693
69252218,0,NewRound,0.13624487
69252218,0,Propose,0.000097744
69252218,0,Prevote,0.060005727
69252218,0,Precommit,0.102568214
69252218,0,Commit,0.077851679
69252219,0,NewHeight,0.096617933
69252219,0,NewRound,0.204288359
69252219,0,Propose,0.000135114
69252219,0,Prevote,0.037353732
69252219,0,Precommit,0.070563358
69252219,0,Commit,0.058437624
69252220,0,NewHeight,0.081571787
69252220,0,NewRound,0.219465243
69252220,0,Propose,0.000127029
69252220,0,Prevote,0.027489509
69252220,0,Precommit,0.073614706
69252220,0,Commit,0.073035595
69252221,0,NewHeight,0.72737515
69252221,0,NewRound,0.000442473
69252221,0,Propose,0.000094909
69252221,0,Precommit,0.138663095
69252221,0,Commit,0.000061656
69252222,0,NewHeight,0.124662287
69252222,0,Prevote,0.161833377
69252222,0,Precommit,0.039121062
69252222,0,Commit,0.067341949
69252223,0,NewHeight,0.137012254
69252223,0,NewRound,0.164058869
69252223,0,Propose,0.000083898
69252223,0,Prevote,0.352635268
69252223,0,PrevoteWait,0.065141423
69252223,0,Precommit,0.006132744
69252223,0,Commit,0.076073639
69252224,0,NewHeight,0.08173247
69252224,0,NewRound,0.218452103
69252224,0,Propose,0.000118924
69252224,0,Prevote,0.022860468
69252224,0,Precommit,0.065506101
69252224,0,Commit,0.07024604
69252225,0,NewHeight,0.08108482
69252225,0,NewRound,0.21911373
69252225,0,Propose,0.000081653
69252225,0,Prevote,0.246552844
69252225,0,Precommit,0.063089578
69252225,0,Commit,0.0536109
69252226,0,NewHeight,0.116731586
69252226,0,NewRound,0.183891012
69252226,0,Propose,0.000087995
69252226,0,Prevote,0.323060381
69252226,0,PrevoteWait,0.068160701
69252226,0,Precommit,0.006954383
69252226,0,Commit,0.081082896
69252227,0,NewHeight,0.080121636
69252227,0,NewRound,0.220297399
69252227,0,Propose,0.000102112
69252227,0,Prevote,0.205892422
69252227,0,Precommit,0.06750724
69252227,0,Commit,0.061213363
69252228,0,NewHeight,0.057058505
69252228,0,NewRound,0.243709096
69252228,0,Propose,0.00011675
69252228,0,Prevote,0.066793015
69252228,0,Precommit,0.063617813
69252228,0,Commit,0.059594814
69252229,0,NewHeight,0.086486928
69252229,0,NewRound,0.214201997
69252229,0,Propose,0.000145675
69252229,0,Prevote,0.056268477
69252229,0,Precommit,0.066687657
69252229,0,Commit,0.056512868
69252230,0,NewHeight,0.080710485
69252230,0,NewRound,0.22027598
69252230,0,Propose,0.000083387
69252230,0,Prevote,0.342830266
69252230,0,PrevoteWait,0.047952359
69252230,0,Precommit,0.01426758
69252230,0,Commit,0.057706396
69252231,0,NewHeight,0.724183368
69252231,0,NewRound,0.00056781
69252231,0,Propose,0.000067647
69252231,0,Precommit,0.122114448
69252231,0,Commit,0.000044975
69252232,0,NewHeight,0.077085756
69252232,0,Prevote,0.17261624
69252232,0,Precommit,0.067728187
69252232,0,Commit,0.051786172
69252233,0,NewHeight,0.130494565
69252233,0,NewRound,0.169871951
69252233,0,Propose,0.000101542
69252233,0,Prevote,0.012457049
69252233,0,Precommit,0.075604936
69252233,0,Commit,0.059128615
69252234,0,NewHeight,0.076223902
69252234,0,NewRound,0.224838635
69252234,0,Propose,0.000105439
69252234,0,Prevote,0.018902842
69252234,0,Precommit,0.08085124
69252234,0,Commit,0.060019303
69252235,0,NewHeight,0.072831581
69252235,0,NewRound,0.227878151
69252235,0,Propose,0.000081123
69252235,0,Prevote,0.052284531
69252235,0,Precommit,0.05906703
69252235,0,Commit,0.060838468
69252236,0,NewHeight,0.075684717
69252236,0,NewRound,0.225371219
69252236,0,Propose,0.00008469
69252236,0,Prevote,0.241565517
69252236,0,Precommit,0.061782425
69252236,0,Commit,0.076461459
69252237,0,NewHeight,0.091085119
69252237,0,NewRound,0.210073819
69252237,0,Propose,0.000107403
69252237,0,Prevote,0.223649595
69252237,0,Precommit,0.069812734
69252237,0,Commit,0.04707653
69252238,0,NewHeight,0.053729764
69252238,0,NewRound,0.246699771
69252238,0,Propose,0.000124856
69252238,0,Prevote,0.780336717
69252238,0,PrevoteWait,0.056585705
69252238,0,Precommit,0.007867512
69252238,0,Commit,0.062518362
69252239,0,NewHeight,0.106325071
69252239,0,NewRound,0.194857412
69252239,0,Propose,0.000127901
69252239,0,Prevote,0.332323581
69252239,0,PrevoteWait,0.064496939
69252239,0,Precommit,0.003808765
69252239,0,Commit,0.061178047
69252240,0,NewHeight,0.10253492
69252240,0,NewRound,0.197710948
69252240,0,Propose,0.00010606
69252240,0,Prevote,0.252099192
69252240,0,Precommit,0.071367322
69252240,0,Commit,0.058306397
69252241,0,NewHeight,0.997181022
69252241,0,NewRound,0.000292191
69252241,0,Propose,0.000117191
69252241,0,Precommit,0.087290481
69252241,0,Commit,0.000051317
69252242,0,NewHeight,0.121392007
69252242,0,NewRound,0.071002596
69252242,0,Propose,0.000076785
69252242,0,Precommit,0.000011001
69252242,0,Commit,0.000078919
69252243,0,NewHeight,0.103075409
69252243,0,Prevote,0.125153544
69252243,0,Precommit,0.059862719
69252243,0,Commit,0.054541794
69252244,0,NewHeight,0.124815747
69252244,0,NewRound,0.175597818
69252244,0,Propose,0.00013792
69252244,0,Prevote,0.34737089
69252244,0,PrevoteWait,0.063137228
69252244,0,Precommit,0.006226841
69252244,0,Commit,0.063105889
69252245,0,NewHeight,0.139779608
69252245,0,NewRound,0.161177651
69252245,0,Propose,0.000091643
69252245,0,Prevote,0.052205353
69252245,0,Precommit,0.076622714
69252245,0,Commit,0.059574084
69252246,0,NewHeight,0.071675904
69252246,0,NewRound,0.228573221
69252246,0,Propose,0.000098465
69252246,0,Prevote,0.392405624
69252246,0,PrevoteWait,0.05379622
69252246,0,Precommit,0.009252472
69252246,0,Commit,0.079217442
69252247,0,NewHeight,0.155847199
69252247,0,NewRound,0.145190953
69252247,0,Propose,0.000106911
69252247,0,Prevote,0.278682795
69252247,0,Precommit,0.06689161
69252247,0,Commit,0.06054239
69252248,0,NewHeight,0.095487815
69252248,0,Prevote,0.126398108
69252248,0,Precommit,0.086506835
69252248,0,Commit,0.05783571
69252249,0,NewHeight,0.109936054
69252249,0,NewRound,0.190847307
69252249,0,Propose,0.000138591
69252249,0,Prevote,0.346649993
69252249,0,PrevoteWait,0.065277429
69252249,0,Precommit,0.004026466
69252249,0,Commit,0.060265568
69252250,0,NewHeight,0.059909286
69252250,0,NewRound,0.241161146
69252250,0,Propose,0.000112102
69252250,0,Prevote,0.319467622
69252250,0,PrevoteWait,0.067104161
69252250,0,Precommit,0.003814085
69252250,0,Commit,0.067571081
69252251,0,NewHeight,0.755189641
69252251,0,NewRound,0.000192593
69252251,0,Propose,0.000113915
69252251,0,Precommit,0.120362277
69252251,0,Commit,0.000040326
69252252,0,NewHeight,0.11435549
69252252,0,NewRound,0.185814796
69252252,0,Propose,0.000094899
69252252,0,Prevote,0.397175681
69252252,0,PrevoteWait,0.074406508
69252252,0,Precommit,0.00399655
69252252,0,Commit,0.076418258
69252253,0,NewHeight,0.085447659
69252253,0,NewRound,0.21494721
69252253,0,Propose,0.00011141
69252253,0,Prevote,0.07915321
69252253,0,Precommit,0.066978574
69252253,0,Commit,0.087225098
69252254,0,NewHeight,0.082666591
69252254,0,NewRound,0.217716337
69252254,0,Propose,0.000096552
69252254,0,Prevote,0.090386394
69252254,0,Precommit,0.034069204
69252254,0,Commit,0.041144485
69252255,0,NewHeight,0.094978204
69252255,0,NewRound,0.205353546
69252255,0,Propose,0.000114306
69252255,0,Prevote,0.025261471
69252255,0,Precommit,0.066313441
69252255,0,Commit,0.060239278
69252256,0,NewHeight,0.084477131
69252256,0,NewRound,0.21635318
69252256,0,Propose,0.000098125
69252256,0,Prevote,0.049534049
69252256,0,Precommit,0.063959967
69252256,0,Commit,0.077886023
69252257,0,NewHeight,0.088403758
69252257,0,NewRound,0.212852073
69252257,0,Propose,0.000129013
69252257,0,Prevote,0.232653217
69252257,0,Precommit,0.07282016
69252257,0,Commit,0.067109141
69252258,0,NewHeight,0.1493615
69252258,0,NewRound,0.151059529
69252258,0,Propose,0.000087725
69252258,0,Prevote,0.437299422
69252258,0,PrevoteWait,0.053731878
69252258,0,Precommit,0.003899507
69252258,0,Commit,0.062778352
69252259,0,NewHeight,0.120846278
69252259,0,NewRound,0.179835372
69252259,0,Propose,0.000096422
69252259,0,Prevote,0.027752044
69252259,0,Precommit,0.099719116
69252259,0,Commit,0.059490347
69252260,0,NewHeight,0.083678076
69252260,0,NewRound,0.217258345
69252260,0,Propose,0.000100739
69252260,0,Prevote,0.070441649
69252260,0,Precommit,0.075328576
69252260,0,Commit,0.050448543
69252261,0,NewHeight,0.748698592
69252261,0,NewRound,0.000191821
69252261,0,Propose,0.000108044
69252261,0,Precommit,0.116289864
69252261,0,Commit,0.000060915
69252262,0,NewHeight,0.205035397
69252262,0,NewRound,0.09565518
69252262,0,Propose,0.0001012
69252262,0,Precommit,0.021719399
69252262,0,Commit,0.000042279
69252263,0,NewHeight,0.104787544
69252263,0,Prevote,0.198526584
69252263,0,Precommit,0.085795063
69252263,0,Commit,0.049691587
69252264,0,NewHeight,0.095788642
69252264,0,NewRound,0.20438946
69252264,0,Propose,0.000141116
69252264,0,Prevote,0.04047373
69252264,0,Precommit,0.073800036
69252264,0,Commit,0.063569813
69252265,0,NewHeight,0.070189323
69252265,0,NewRound,0.230468973
69252265,0,Propose,0.000103224
69252265,0,Prevote,0.761231674
69252265,0,PrevoteWait,0.058252765
69252265,0,Precommit,0.004212035
69252265,0,Commit,0.061972243
69252266,0,NewHeight,0.110097238
69252266,0,NewRound,0.19009997
69252266,0,Propose,0.000096151
69252266,0,Prevote,0.037635092
69252266,0,Precommit,0.064333362
69252266,0,Commit,0.065241832
69252267,0,NewHeight,0.06849394
69252267,0,NewRound,0.231802274
69252267,0,Propose,0.000097314
69252267,0,Prevote,0.346705116
69252267,0,Precommit,0.067108069
69252267,0,Commit,0.056621693
69252268,0,NewHeight,0.108980805
69252268,0,NewRound,0.191954925
69252268,0,Propose,0.000122851
69252268,0,Prevote,0.06730597
69252268,0,Precommit,0.053625648
69252268,0,Commit,0.057223847
69252269,0,NewHeight,0.107601746
69252269,0,NewRound,0.192691372
69252269,0,Propose,0.000141947
69252269,0,Prevote,0.069114909
69252269,0,Precommit,0.070247183
69252269,0,Commit,0.086634075
69252270,0,NewHeight,0.135087308
69252270,0,NewRound,0.166101617
69252270,0,Propose,0.000079169
69252270,0,Prevote,0.335156629
69252270,0,Precommit,0.072863711
69252270,0,Commit,0.072508933
69252271,0,NewHeight,0.854167531
69252271,0,NewRound,0.000226256
69252271,0,Propose,0.000103745
69252271,0,Precommit,0.11723752
69252271,0,Commit,0.000043322
69252272,0,NewHeight,0.121816006
69252272,0,NewRound,0.150763452
69252272,0,Propose,0.000117702
69252272,0,Precommit,0.000024967
69252272,0,Commit,0.000053451
69252273,0,NewHeight,0.101675682
69252273,0,NewRound,0.198716572
69252273,0,Propose,0.00007973
69252273,0,Prevote,0.582552972
69252273,0,PrevoteWait,0.060560473
69252273,0,Precommit,0.004663776
69252273,0,Commit,0.076907029
69252274,0,NewHeight,0.086893043
69252274,0,NewRound,0.21406058
69252274,0,Propose,0.000124514
69252274,0,Prevote,0.400447364
69252274,0,PrevoteWait,0.060493026
69252274,0,Precommit,0.006493774
69252274,0,Commit,0.057667112
69252275,0,NewHeight,0.092022526
69252275,0,Prevote,0.208210468
69252275,0,Precommit,0.067656222
69252275,0,Commit,0.072017758
69252276,0,NewHeight,0.072306822
69252276,0,NewRound,0.227907167
69252276,0,Propose,0.00014848
69252276,0,Prevote,0.149021379
69252276,0,Precommit,0.087184111
69252276,0,Commit,0.056042281
69252277,0,NewHeight,0.083513826
69252277,0,NewRound,0.217620857
69252277,0,Propose,0.000132921
69252277,0,Prevote,0.34363389
69252277,0,Precommit,0.050497815
69252277,0,Commit,0.085730312
69252278,0,NewHeight,0.079032593
69252278,0,NewRound,0.221595315
69252278,0,Propose,0.000118534
69252278,0,Prevote,0.216298005
69252278,0,Precommit,0.066756015
69252278,0,Commit,0.047944024
69252279,0,NewHeight,0.067322622
69252279,0,NewRound,0.233091002
69252279,0,Propose,0.000127611
69252279,0,Prevote,0.070884533
69252279,0,Precommit,0.063938506
69252279,0,Commit,0.04580231
69252280,0,NewHeight,0.070350367
69252280,0,NewRound,0.230558651
69252280,0,Propose,0.00009583
69252280,0,Prevote,0.073953745
69252280,0,Precommit,0.0462699
69252280,0,Commit,0.064420044
69252281,0,NewHeight,0.796327223
69252281,0,NewRound,0.000263867
69252281,0,Propose,0.00011649
69252281,0,Precommit,0.117219185
69252281,0,Commit,0.0000428
69252282,0,NewHeight,0.071829232
69252282,0,Prevote,0.045371708
69252282,0,Precommit,0.003330554
69252282,0,Commit,0.025380636
69252283,0,NewHeight,0.066291169
69252283,0,NewRound,0.234689363
69252283,0,Propose,0.000087906
69252283,0,Prevote,0.240816267
69252283,0,Precommit,0.084495105
69252283,0,Commit,0.07240654
69252284,0,NewHeight,0.0672634
69252284,0,Prevote,0.235173806
69252284,0,Precommit,0.071152819
69252284,0,Commit,0.058845161
69252285,0,NewHeight,0.06156226
69252285,0,NewRound,0.238960601
69252285,0,Propose,0.000099848
69252285,0,Prevote,0.025542451
69252285,0,Precommit,0.054786996
69252285,0,Commit,0.053890698
69252286,0,NewHeight,0.060657727
69252286,0,NewRound,0.240357562
69252286,0,Propose,0.000105348
69252286,0,Prevote,0.347918903
69252286,0,PrevoteWait,0.049165445
69252286,0,Precommit,0.005898162
69252286,0,Commit,0.05908831
69252287,0,NewHeight,0.068433105
69252287,0,NewRound,0.232055882
69252287,0,Propose,0.000128251
69252287,0,Prevote,0.233989145
69252287,0,Precommit,0.064571038
69252287,0,Commit,0.082097598
69252288,0,NewHeight,0.084795892
69252288,0,NewRound,0.215803874
69252288,0,Propose,0.000141967
69252288,0,Prevote,0.235182333
69252288,0,Precommit,0.060351038
69252288,0,Commit,0.077733807
69252289,0,NewHeight,0.092624771
69252289,0,Prevote,0.143545373
69252289,0,Precommit,0.075593755
69252289,0,Commit,0.044254884
69252290,0,NewHeight,0.067252571
69252290,0,NewRound,0.23339737
69252290,0,Propose,0.000100258
69252290,0,Prevote,0.045354556
69252290,0,Precommit,0.068508186
69252290,0,Commit,0.071105038
69252291,0,NewHeight,0.785189861
69252291,0,NewRound,0.000703726
69252291,0,Propose,0.000093797
69252291,0,Precommit,0.125936659
69252291,0,Commit,0.000066775
69252292,0,NewHeight,0.073094336
69252292,0,Prevote,0.042816855
69252292,0,Precommit,0.047403837
69252292,0,Commit,0.058577487
69252293,0,NewHeight,0.082771618
69252293,0,NewRound,0.217694966
69252293,0,Propose,0.000085011
69252293,0,Prevote,0.806551365
69252293,0,PrevoteWait,0.010445029
69252293,0,Precommit,0.004615445
69252293,0,Commit,0.057433331
69252294,0,NewHeight,0.073193373
69252294,0,NewRound,0.227087993
69252294,0,Propose,0.00009565
69252294,0,Prevote,0.389228077
69252294,0,PrevoteWait,0.041243872
69252294,0,Precommit,0.008585375
69252294,0,Commit,0.086853949
69252295,0,NewHeight,0.065757254
69252295,0,NewRound,0.234510998
69252295,0,Propose,0.000086513
69252295,0,Prevote,0.22997947
69252295,0,Precommit,0.067746581
69252295,0,Commit,0.059061619
69252296,0,NewHeight,0.069729928
69252296,0,NewRound,0.231946947
69252296,0,Propose,0.00012245
69252296,0,Prevote,0.314926667
69252296,0,PrevoteWait,0.068188544
69252296,0,Precommit,0.003302933
69252296,0,Commit,0.080058777
69252297,0,NewHeight,0.136745863
69252297,0,NewRound,0.163508091
69252297,0,Propose,0.000100659
69252297,0,Prevote,0.318801147
69252297,0,PrevoteWait,0.054918053
69252297,0,Precommit,0.0064652
69252297,0,Commit,0.066811019
69252298,0,NewHeight,0.070036606
69252298,0,NewRound,0.230994722
69252298,0,Propose,0.000105238
69252298,0,Prevote,0.052212436
69252298,0,Precommit,0.058621219
69252298,0,Commit,0.05031398
69252299,0,NewHeight,0.069972355
69252299,0,NewRound,0.230486305
69252299,0,Propose,0.000158689
69252299,0,Prevote,0.245735414
69252299,0,Precommit,0.059206602
69252299,0,Commit,0.054258231
69252300,0,NewHeight,0.084100001
69252300,0,NewRound,0.216341366
69252300,0,Propose,0.000122651
69252300,0,Prevote,0.028223432
69252300,0,Precommit,0.092647693
69252300,0,Commit,0.056552683
69252302,0,NewHeight,10.026529251
69281014,0,NewHeight,6696.006603561
69281014,0,NewRound,0.172473823
69281014,0,Propose,0.000097093
69281014,0,Precommit,0.000015439
69281014,0,Commit,0.000236075
69281015,0,NewHeight,0.274342479
69281015,0,NewRound,0.025835267
69281015,0,Propose,0.000084639
69281015,0,Precommit,0.115739609
69281015,0,Commit,0.000043252
69281016,0,NewHeight,0.264920115
69281016,0,NewRound,0.035406541
69281016,0,Propose,0.000097584
69281016,0,Precommit,0.106927786
69281016,0,Commit,0.000040747
69281017,0,NewHeight,0.328761161
69281017,0,NewRound,0.000283454
69281017,0,Propose,0.005034416
69281017,0,Precommit,0.154503816
69281017,0,Commit,0.000051988
69281018,0,NewHeight,0.236528983
69281018,0,NewRound,0.063695421
69281018,0,Propose,0.0001805
69281018,0,Precommit,0.087118192
69281018,0,Commit,0.000075252
69281019,0,NewHeight,0.186852786
69281019,0,NewRound,0.113917677
69281019,0,Propose,0.000319972
69281019,0,Precommit,0.029324591
69281019,0,Commit,0.000055114
69281020,0,NewHeight,0.193811788
69281020,0,NewRound,0.106438685
69281020,0,Propose,0.000184899
69281020,0,Precommit,0.039005983
69281020,0,Commit,0.000150554
69281021,0,NewHeight,1.147991561
69281021,0,NewRound,0.00015369
69281021,0,Propose,0.000111721
69281021,0,Precommit,0.142776721
69281021,0,Commit,0.000045536
69281022,0,NewHeight,0.365514037
69281022,0,NewRound,0.000253377
69281022,0,Propose,0.000096943
69281022,0,Precommit,0.144795614
69281022,0,Commit,0.00005337
69281023,0,NewHeight,0.192918906
69281023,0,NewRound,0.107807585
69281023,0,Propose,0.000134383
69281023,0,Precommit,0.031227556
69281023,0,Commit,0.000055815
69281024,0,NewHeight,0.140222678
69281024,0,NewRound,0.16093871
69281024,0,Propose,0.000138962
69281024,0,Precommit,0.026712931
69281024,0,Commit,0.00007967
69281025,0,NewHeight,0.210359245
69281025,0,NewRound,0.090357095
69281025,0,Propose,0.000207922
69281025,0,Precommit,0.058693476
69281025,0,Commit,0.000070132
69281026,0,NewHeight,0.239578828
69281026,0,NewRound,0.060594127
69281026,0,Propose,0.000124615
69281026,0,Precommit,0.08298764
69281026,0,Commit,0.000049984
69281027,0,NewHeight,0.158465009
69281027,0,NewRound,0.141746971
69281027,0,Propose,0.000106561
69281027,0,Precommit,0.034379154
69281027,0,Commit,0.000046738
69281028,0,NewHeight,0.300825566
69281028,0,NewRound,0.00013266
69281028,0,Propose,0.000095149
69281028,0,Precommit,0.145706862
69281028,0,Commit,0.000046949
69281029,0,NewHeight,0.337414614
69281029,0,NewRound,0.002875208
69281029,0,Propose,0.000184407
69281029,0,Precommit,0.150163979
69281029,0,Commit,0.000071514
69281030,0,NewHeight,0.300322127
69281030,0,NewRound,0.00016465
69281030,0,Propose,0.00011158
69281030,0,Precommit,0.173565129
69281030,0,Commit,0.000043311
69281031,0,NewHeight,1.399304336
69281031,0,NewRound,0.000190669
69281031,0,Propose,0.000109897
69281031,0,Precommit,0.14595034
69281031,0,Commit,0.00004206
69281032,0,NewHeight,0.446201414
69281032,0,NewRound,0.000364096
69281032,0,Propose,0.000158208
69281032,0,Precommit,0.139080496
69281032,0,Commit,0.000064291
69281033,0,NewHeight,0.132207707
69281033,0,NewRound,0.13753786
69281033,0,Propose,0.000120778
69281033,0,Precommit,0.000017623
69281033,0,Commit,0.000049433
69281034,0,NewHeight,0.16475495
69281034,0,NewRound,0.136278697
69281034,0,Propose,0.0001434
69281034,0,Precommit,0.007724143
69281034,0,Commit,0.000241586
69281035,0,NewHeight,0.311530495
69281035,0,NewRound,0.000239652
69281035,0,Propose,0.000173787
69281035,0,Precommit,0.139310329
69281035,0,Commit,0.000094658
69281036,0,NewHeight,0.168711645
69281036,0,NewRound,0.1325168
69281036,0,Propose,0.000173987
69281036,0,Precommit,0.009473529
69281036,0,Commit,0.000034074
69281037,0,NewHeight,0.116340381
69281037,0,NewRound,0.137058255
69281037,0,Propose,0.000130385
69281037,0,Precommit,0.000019898
69281037,0,Commit,0.000060464
69281038,0,NewHeight,0.133993191
69281038,0,NewRound,0.166784775
69281038,0,Propose,0.000088868
69281038,0,Precommit,0.049007668
69281038,1,NewRound,1.000958278
69281038,1,Propose,0.000099398
69281038,1,Prevote,0.168601468
69281038,1,Precommit,0.012229222
69281038,1,Commit,0.099936453
