69243204,0,NewHeight,0,0
69243837,0,NewRound,56752793,0
69243837,0,Propose,0,0
69243837,0,Precommit,0,0
69243837,0,Commit,0,0
69243838,0,NewHeight,56752793,0
69243838,0,NewRound,56752793,0
69243838,0,Propose,0,0
69243838,0,Precommit,0,0
69243838,0,Commit,0,0
69243839,0,NewHeight,56752793,0
69243839,0,NewRound,56752793,0
69243839,0,Propose,0,0
69243839,0,Precommit,0,0
69243839,0,Commit,0,0
69243840,0,NewHeight,56752793,0
69243840,0,NewRound,56752793,0
69243840,0,Propose,0,0
69243840,0,Precommit,56752793,0
69243840,0,Commit,0,0
69243841,0,NewHeight,56752793,0
69243841,0,NewRound,0,0
69243841,0,Propose,0,0
69243841,0,Precommit,56752793,0
69243841,0,Commit,0,0
69243842,0,NewHeight,56752793,0
69243842,0,NewRound,56752793,0
69243842,0,Propose,0,0
69243842,0,Precommit,0,0
69243842,0,Commit,0,0
69243843,0,NewHeight,56752793,0
69243843,0,NewRound,56752793,0
69243843,0,Propose,0,0
69243843,0,Precommit,0,0
69243843,0,Commit,0,0
69243844,0,NewHeight,56752793,0
69243844,0,NewRound,0,0
69243844,0,Propose,0,0
69243844,0,Precommit,56752793,0
69243844,0,Commit,0,0
69243845,0,NewHeight,56752793,0
69243845,0,NewRound,56752793,0
69243845,0,Propose,0,0
69243845,0,Precommit,0,0
69243845,0,Commit,0,0
69243846,0,NewHeight,56752793,0
69243846,0,NewRound,0,0
69243846,0,Propose,0,0
69243846,0,Precommit,56752793,0
69243846,0,Commit,0,0
69243847,0,NewHeight,56752793,0
69243847,0,NewRound,0,0
69243847,0,Propose,0,0
69243847,0,Precommit,56752793,0
69243847,0,Commit,0,0
69243848,0,NewHeight,56752793,0
69243848,0,NewRound,0,0
69243848,0,Propose,0,0
69243848,0,Precommit,56752793,0
69243848,0,Commit,0,0
69243849,0,NewHeight,56752793,0
69243849,0,NewRound,0,0
69243849,0,Propose,0,0
69243849,0,Precommit,56752793,0
69243849,0,Commit,0,0
69243850,0,NewHeight,56752793,0
69243850,0,NewRound,56752793,0
69243850,0,Propose,0,0
69243850,0,Precommit,0,0
69243850,0,Commit,0,0
69243851,0,NewHeight,56752793,0
69243851,0,NewRound,0,0
69243851,0,Propose,0,0
69243851,0,Precommit,56752793,0
69243851,0,Commit,0,0
69243852,0,NewHeight,56752793,0
69243852,0,NewRound,0,0
69243852,0,Propose,0,0
69243852,0,Precommit,56752793,0
69243852,0,Commit,0,0
69243853,0,NewHeight,56752793,0
69243853,0,NewRound,56752793,0
69243853,0,Propose,0,0
69243853,0,Precommit,0,0
69243853,0,Commit,0,0
69243854,0,NewHeight,56752793,0
69243854,0,NewRound,56752793,0
69243854,0,Propose,0,0
69243854,0,Precommit,0,0
69243854,0,Commit,0,0
69243855,0,NewHeight,56752793,0
69243855,0,NewRound,0,0
69243855,0,Propose,0,0
69243855,0,Precommit,56752793,0
69243855,0,Commit,0,0
69243856,0,NewHeight,56752793,0
69243856,0,NewRound,56752793,0
69243856,0,Propose,0,0
69243856,0,Precommit,0,0
69243856,0,Commit,0,0
69243857,0,NewHeight,56752793,0
69243857,0,NewRound,56752793,0
69243857,0,Propose,0,0
69243857,0,Precommit,0,0
69243857,0,Commit,0,0
69243858,0,NewHeight,56752793,0
69243858,0,NewRound,56752793,0
69243858,0,Propose,0,0
69243858,0,Precommit,0,0
69243858,0,Commit,0,0
69243859,0,NewHeight,56752793,0
69243859,0,NewRound,56752793,0
69243859,0,Propose,0,0
69243859,0,Precommit,0,0
69243859,0,Commit,0,0
69243860,0,NewHeight,56752793,0
69243860,0,NewRound,0,0
69243860,0,Propose,0,0
69243860,0,Precommit,56752793,0
69243860,0,Commit,0,0
69243861,0,NewHeight,56752793,0
69243861,0,NewRound,0,0
69243861,0,Propose,0,0
69243861,0,Precommit,56752793,0
69243861,0,Commit,0,0
69243862,0,NewHeight,56752793,0
69243862,0,NewRound,0,0
69243862,0,Propose,0,0
69243862,0,Precommit,56752793,0
69243862,0,Commit,0,0
69243863,0,NewHeight,56752793,0
69243863,0,NewRound,56752794,0
69243863,0,Propose,0,0
69243863,0,Precommit,56752794,0
69243863,0,Commit,0,0
69243864,0,NewHeight,56752794,0
69243864,0,NewRound,0,0
69243864,0,Propose,0,0
69243864,0,Precommit,56752794,0
69243864,0,Commit,0,0
69243865,0,NewHeight,56752794,0
69243865,0,NewRound,56752794,0
69243865,0,Propose,0,0
69243865,0,Precommit,0,0
69243865,0,Commit,0,0
69243866,0,NewHeight,56752794,0
69243866,0,NewRound,56752794,0
69243866,0,Propose,0,0
69243866,0,Precommit,0,0
69243866,0,Commit,0,0
69243867,0,NewHeight,56752794,0
69243867,0,NewRound,0,0
69243867,0,Propose,0,0
69243867,0,Prevote,0,523135
69243867,0,Precommit,56752794,0
69243867,0,Commit,56752794,0
69243868,0,NewHeight,56752794,0
69243868,0,NewRound,0,0
69243868,0,Propose,0,0
69243868,0,Prevote,0,523135
69243868,0,Precommit,56752794,0
69243868,0,Commit,56752794,0
69243869,0,NewHeight,56752794,0
69243869,0,NewRound,0,0
69243869,0,Propose,0,0
69243869,0,Prevote,56752794,523135
69243869,0,Precommit,56752794,0
69243869,0,Commit,56752794,0
69243870,0,NewHeight,56752794,0
69243870,0,Prevote,56752794,1695669
69243870,0,Precommit,56752794,0
69243870,0,Commit,56752794,0
69243871,0,NewHeight,56752794,0
69243871,0,NewRound,0,0
69243871,0,Propose,0,0
69243871,0,Precommit,56752794,0
69243871,0,Commit,0,0
69243872,0,NewHeight,56752794,0
69243872,0,NewRound,0,0
69243872,0,Propose,0,0
69243872,0,Prevote,56752794,523135
69243872,0,PrevoteWait,56752794,0
69243872,0,Precommit,56752794,0
69243872,0,Commit,56752794,0
69243873,0,NewHeight,56752794,0
69243873,0,NewRound,0,0
69243873,0,Propose,0,0
69243873,0,Prevote,56752794,1017957
69243873,0,Precommit,56752794,0
69243873,0,Commit,56752794,0
69243874,0,NewHeight,56752794,0
69243874,0,NewRound,0,0
69243874,0,Propose,0,0
69243874,0,Prevote,0,523135
69243874,0,Precommit,56752794,0
69243874,0,Commit,56752794,0
69243875,0,NewHeight,56752794,0
69243875,0,NewRound,0,0
69243875,0,Propose,0,0
69243875,0,Prevote,56752794,523135
69243875,0,Precommit,56752794,0
69243875,0,Commit,56752794,0
69243876,0,NewHeight,56752794,0
69243876,0,NewRound,0,0
69243876,0,Propose,0,0
69243876,0,Prevote,0,1848472
69243876,0,Precommit,56752794,0
69243876,0,Commit,56752794,0
69243877,0,NewHeight,56752794,0
69243877,0,NewRound,0,0
69243877,0,Propose,0,0
69243877,0,Prevote,0,2109476
69243877,0,Precommit,56752794,0
69243877,0,Commit,56752794,0
69243878,0,NewHeight,56752794,0
69243878,0,NewRound,0,0
69243878,0,Propose,0,0
69243878,0,Prevote,56752794,843637
69243878,0,PrevoteWait,56752794,0
69243878,0,Precommit,56752794,0
69243878,0,Commit,56752794,0
69243879,0,NewHeight,56752794,0
69243879,0,NewRound,0,0
69243879,0,Propose,0,0
69243879,0,Prevote,56752794,1246243
69243879,0,Precommit,56752794,0
69243879,0,Commit,56752794,0
69243880,0,NewHeight,56752794,0
69243880,0,NewRound,0,0
69243880,0,Propose,0,0
69243880,0,Prevote,56752794,523135
69243880,0,Precommit,56752794,0
69243880,0,Commit,56752794,0
69243881,0,NewHeight,56752794,0
69243881,0,NewRound,0,0
69243881,0,Propose,0,0
69243881,0,Precommit,56752794,0
69243881,0,Commit,0,0
69243882,0,NewHeight,56752794,0
69243882,0,NewRound,0,0
69243882,0,Propose,0,0
69243882,0,Prevote,56752794,523135
69243882,0,PrevoteWait,56752794,0
69243882,0,Precommit,56752794,0
69243882,0,Commit,56752794,0
69243883,0,NewHeight,56752794,0
69243883,0,NewRound,0,0
69243883,0,Propose,0,0
69243883,0,Prevote,56752794,523135
69243883,0,Precommit,56752794,0
69243883,0,Commit,56752794,0
69243884,0,NewHeight,56752794,0
69243884,0,NewRound,0,0
69243884,0,Propose,0,0
69243884,0,Prevote,56752794,523135
69243884,0,Precommit,56752794,0
69243884,0,Commit,56752794,0
69243885,0,NewHeight,56752794,0
69243885,0,NewRound,0,0
69243885,0,Propose,0,0
69243885,0,Prevote,0,523135
69243885,0,Precommit,56752794,0
69243885,0,Commit,56752794,0
69243886,0,NewHeight,56752794,0
69243886,0,NewRound,0,0
69243886,0,Propose,0,0
69243886,0,Prevote,0,523135
69243886,0,Precommit,56752794,0
69243886,0,Commit,56752794,0
69243887,0,NewHeight,56752794,0
69243887,0,NewRound,0,0
69243887,0,Propose,0,0
69243887,0,Prevote,56752794,523135
69243887,0,Precommit,56752794,0
69243887,0,Commit,56752794,0
69243888,0,NewHeight,56752794,0
69243888,0,NewRound,0,0
69243888,0,Propose,0,0
69243888,0,Prevote,0,523135
69243888,0,Precommit,56752794,0
69243888,0,Commit,56752794,0
69243889,0,NewHeight,56752794,0
69243889,0,NewRound,0,0
69243889,0,Propose,0,0
69243889,0,Prevote,56752794,523135
69243889,0,Precommit,56752794,0
69243889,0,Commit,56752794,0
69243890,0,NewHeight,56752794,0
69243890,0,NewRound,0,0
69243890,0,Propose,0,0
69243890,0,Prevote,0,523135
69243890,0,Precommit,56752794,0
69243890,0,Commit,56752794,0
69243891,0,NewHeight,56752794,0
69243891,0,NewRound,0,0
69243891,0,Propose,0,0
69243891,0,Precommit,56752794,0
69243891,0,Commit,0,0
69243892,0,NewHeight,56752794,0
69243892,0,NewRound,0,0
69243892,0,Propose,0,0
69243892,0,Prevote,56752794,523135
69243892,0,Precommit,56752794,0
69243892,0,Commit,56752794,0
69243893,0,NewHeight,56752794,0
69243893,0,NewRound,0,0
69243893,0,Propose,0,0
69243893,0,Prevote,0,523135
69243893,0,Precommit,56752794,0
69243893,0,Commit,56752794,0
69243894,0,NewHeight,56752794,0
69243894,0,NewRound,0,0
69243894,0,Propose,0,0
69243894,0,Prevote,56752794,1684245
69243894,0,Precommit,56752794,0
69243894,0,Commit,56752794,0
69243895,0,NewHeight,56752794,0
69243895,0,NewRound,0,0
69243895,0,Propose,0,0
69243895,0,Prevote,0,523135
69243895,0,PrevoteWait,56752794,0
69243895,0,Precommit,56752794,0
69243895,0,Commit,56752794,0
69243896,0,NewHeight,56752794,0
69243896,0,NewRound,0,0
69243896,0,Propose,0,0
69243896,0,Prevote,56752794,523135
69243896,0,Precommit,56752794,0
69243896,0,Commit,56752794,0
69243897,0,NewHeight,56752794,0
69243897,0,NewRound,0,0
69243897,0,Propose,0,0
69243897,0,Prevote,0,523135
69243897,0,Precommit,56752794,0
69243897,0,Commit,56752794,0
69243898,0,NewHeight,56752794,0
69243898,0,NewRound,0,0
69243898,0,Propose,0,0
69243898,0,Prevote,56752794,523135
69243898,0,PrevoteWait,56752794,0
69243898,0,Precommit,56752794,0
69243898,0,Commit,56752794,0
69243899,0,NewHeight,56752794,0
69243899,0,NewRound,0,0
69243899,0,Propose,0,0
69243899,0,Prevote,0,523135
69243899,0,Precommit,56752794,0
69243899,0,Commit,56752794,0
69243900,0,NewHeight,56752794,0
69243900,0,NewRound,0,0
69243900,0,Propose,0,0
69243900,0,Prevote,0,523135
69243900,0,PrevoteWait,56752794,0
69243900,0,Precommit,56752794,0
69243900,0,Commit,56752794,0
69243901,0,NewHeight,56752794,0
69243901,0,NewRound,0,0
69243901,0,Propose,0,0
69243901,0,Precommit,56752794,0
69243901,0,Commit,0,0
69243902,0,NewHeight,56752794,0
69243902,0,NewRound,56752794,0
69243902,0,Propose,0,0
69243902,0,Precommit,0,0
69243902,0,Commit,0,0
69243903,0,NewHeight,56752794,0
69243903,0,NewRound,0,0
69243903,0,Propose,0,0
69243903,0,Prevote,56752794,523135
69243903,0,PrevoteWait,56752794,0
69243903,0,Precommit,56752794,0
69243903,0,Commit,56752794,0
69243904,0,NewHeight,56752794,0
69243904,0,NewRound,0,0
69243904,0,Propose,0,0
69243904,0,Prevote,0,523135
69243904,0,Precommit,56752794,0
69243904,0,Commit,56752794,0
69243905,0,NewHeight,56752794,0
69243905,0,NewRound,0,0
69243905,0,Propose,0,0
69243905,0,Prevote,0,523135
69243905,0,Precommit,56752794,0
69243905,0,Commit,56752794,0
69243906,0,NewHeight,56752794,0
69243906,0,NewRound,0,0
69243906,0,Propose,0,0
69243906,0,Prevote,0,8172607
69243906,0,Precommit,56752793,0
69243906,0,Commit,56752793,0
69243907,0,NewHeight,56752793,0
69243907,0,NewRound,0,0
69243907,0,Propose,0,0
69243907,0,Prevote,0,523135
69243907,0,Precommit,56752793,0
69243907,0,Commit,56752793,0
69243908,0,NewHeight,56752793,0
69243908,0,NewRound,0,0
69243908,0,Propose,0,0
69243908,0,Prevote,0,797958
69243908,0,Precommit,56752793,0
69243908,0,Commit,56752793,0
69243909,0,NewHeight,56752793,0
69243909,0,NewRound,0,0
69243909,0,Propose,0,0
69243909,0,Prevote,0,523135
69243909,0,Precommit,56752793,0
69243909,0,Commit,56752793,0
69243910,0,NewHeight,56752793,0
69243910,0,NewRound,0,0
69243910,0,Propose,0,0
69243910,0,Prevote,0,523135
69243910,0,Precommit,56752793,0
69243910,0,Commit,56752793,0
69243911,0,NewHeight,56752793,0
69243911,0,NewRound,0,0
69243911,0,Propose,0,0
69243911,0,Precommit,56752793,0
69243911,0,Commit,0,0
69243912,0,NewHeight,56752793,0
69243912,0,NewRound,0,0
69243912,0,Propose,0,0
69243912,0,Precommit,56752793,0
69243912,0,Commit,0,0
69243913,0,NewHeight,56752793,0
69243913,0,NewRound,0,0
69243913,0,Propose,0,0
69243913,0,Prevote,56752793,843637
69243913,0,PrevoteWait,56752793,0
69243913,0,Precommit,56752793,0
69243913,0,Commit,56752793,0
69243914,0,NewHeight,56752793,0
69243914,0,NewRound,0,0
69243914,0,Propose,0,0
69243914,0,Prevote,56752794,523135
69243914,0,Precommit,56752794,0
69243914,0,Commit,56752794,0
69243915,0,NewHeight,56752794,0
69243915,0,NewRound,0,0
69243915,0,Propose,0,0
69243915,0,Prevote,0,523135
69243915,0,Precommit,56752794,0
69243915,0,Commit,56752794,0
69243916,0,NewHeight,56752794,0
69243916,0,NewRound,0,0
69243916,0,Propose,0,0
69243916,0,Prevote,0,523135
69243916,0,Precommit,56752794,0
69243916,0,Commit,56752794,0
69243917,0,NewHeight,56752794,0
69243917,0,NewRound,0,0
69243917,0,Propose,0,0
69243917,0,Prevote,56752794,823901
69243917,0,Precommit,56752794,0
69243917,0,Commit,56752794,0
69243918,0,NewHeight,56752794,0
69243918,0,NewRound,0,0
69243918,0,Propose,0,0
69243918,0,Prevote,0,823901
69243918,0,Precommit,56752794,0
69243918,0,Commit,56752794,0
69243919,0,NewHeight,56752794,0
69243919,0,NewRound,0,0
69243919,0,Propose,0,0
69243919,0,Prevote,0,523135
69243919,0,Precommit,56752794,0
69243919,0,Commit,56752794,0
69243920,0,NewHeight,56752794,0
69243920,0,NewRound,0,0
69243920,0,Propose,0,0
69243920,0,Prevote,56752794,523135
69243920,0,PrevoteWait,56752794,0
69243920,0,Precommit,56752794,0
69243920,0,Commit,56752794,0
69243921,0,NewHeight,56752794,0
69243921,0,NewRound,0,0
69243921,0,Propose,0,0
69243921,0,Precommit,56752794,0
69243921,0,Commit,0,0
69243922,0,NewHeight,56752794,0
69243922,0,Prevote,0,523135
69243922,0,Precommit,56752794,0
69243922,0,Commit,56752794,0
69243923,0,NewHeight,56752794,0
69243923,0,NewRound,0,0
69243923,0,Propose,0,0
69243923,0,Prevote,56752794,523135
69243923,0,PrevoteWait,56752794,0
69243923,0,Precommit,56752794,0
69243923,0,Commit,56752794,0
69243924,0,NewHeight,56752794,0
69243924,0,NewRound,0,0
69243924,0,Propose,0,0
69243924,0,Prevote,0,1226507
69243924,0,Precommit,56752794,0
69243924,0,Commit,56752794,0
69243925,0,NewHeight,56752794,0
69243925,0,NewRound,0,0
69243925,0,Propose,0,0
69243925,0,Prevote,0,2231342
69243925,0,Precommit,56752794,0
69243925,0,Commit,56752794,0
69243926,0,NewHeight,56752794,0
69243926,0,NewRound,0,0
69243926,0,Propose,0,0
69243926,0,Prevote,0,2231342
69243926,0,Precommit,56752794,0
69243926,0,Commit,56752794,0
69243927,0,NewHeight,56752794,0
69243927,0,NewRound,0,0
69243927,0,Propose,0,0
69243927,0,Prevote,56752794,2231342
69243927,0,Precommit,56752794,0
69243927,0,Commit,56752794,0
69243928,0,NewHeight,56752794,0
69243928,0,NewRound,0,0
69243928,0,Propose,0,0
69243928,0,Prevote,56752794,823901
69243928,0,PrevoteWait,56752794,0
69243928,0,Precommit,56752794,0
69243928,0,Commit,56752794,0
69243929,0,NewHeight,56752794,0
69243929,0,NewRound,0,0
69243929,0,Propose,0,0
69243929,0,Prevote,56752794,823901
69243929,0,Precommit,56752794,0
69243929,0,Commit,56752794,0
69243930,0,NewHeight,56752794,0
69243930,0,NewRound,0,0
69243930,0,Propose,0,0
69243930,0,Prevote,56752794,823901
69243930,0,PrevoteWait,56752794,0
69243930,0,Precommit,56752794,0
69243930,0,Commit,56752794,0
69243931,0,NewHeight,56752794,0
69243931,0,NewRound,0,0
69243931,0,Propose,0,0
69243931,0,Precommit,56752794,0
69243931,0,Commit,0,0
69243932,0,NewHeight,56752794,0
69243932,0,NewRound,0,0
69243932,0,Propose,0,0
69243932,0,Prevote,56752794,523135
69243932,0,Precommit,56752794,0
69243932,0,Commit,56752794,0
69243933,0,NewHeight,56752794,0
69243933,0,NewRound,0,0
69243933,0,Propose,0,0
69243933,0,Prevote,0,523135
69243933,0,Precommit,56752794,0
69243933,0,Commit,56752794,0
69243934,0,NewHeight,56752794,0
69243934,0,NewRound,0,0
69243934,0,Propose,0,0
69243934,0,Prevote,56752794,523135
69243934,0,PrevoteWait,56752794,0
69243934,0,Precommit,56752794,0
69243934,0,Commit,56752794,0
69243935,0,NewHeight,56752794,0
69243935,0,NewRound,0,0
69243935,0,Propose,0,0
69243935,0,Prevote,56752794,523135
69243935,0,Precommit,56752794,0
69243935,0,Commit,56752794,0
69243936,0,NewHeight,56752794,0
69243936,0,NewRound,0,0
69243936,0,Propose,0,0
69243936,0,Prevote,56752794,1082290
69243936,0,Precommit,56752794,0
69243936,0,Commit,56752794,0
69243937,0,NewHeight,56752794,0
69243937,0,NewRound,0,0
69243937,0,Propose,0,0
69243937,0,Prevote,0,523135
69243937,0,Precommit,56752794,0
69243937,0,Commit,56752794,0
69243938,0,NewHeight,56752794,0
69243938,0,NewRound,0,0
69243938,0,Propose,0,0
69243938,0,Prevote,56752794,523135
69243938,0,PrevoteWait,56752794,0
69243938,0,Precommit,56752794,0
69243938,0,Commit,56752794,0
69243939,0,NewHeight,56752794,0
69243939,0,NewRound,0,0
69243939,0,Propose,0,0
69243939,0,Prevote,56752794,523135
69243939,0,Precommit,56752794,0
69243939,0,Commit,56752794,0
69243940,0,NewHeight,0,0
69252105,0,NewRound,56758206,0
69252105,0,Propose,0,0
69252105,0,Precommit,0,0
69252105,0,Commit,0,0
69252106,0,NewHeight,56758206,0
69252106,0,NewRound,0,0
69252106,0,Propose,0,0
69252106,0,Precommit,56758206,0
69252106,0,Commit,0,0
69252107,0,NewHeight,56758206,0
69252107,0,NewRound,0,0
69252107,0,Propose,0,0
69252107,0,Precommit,56758206,0
69252107,0,Commit,0,0
69252108,0,NewHeight,56758206,0
69252108,0,NewRound,56758206,0
69252108,0,Propose,0,0
69252108,0,Precommit,56758206,0
69252108,0,Commit,0,0
69252109,0,NewHeight,56758206,0
69252109,0,NewRound,0,0
69252109,0,Propose,0,0
69252109,0,Precommit,56758206,0
69252109,0,Commit,0,0
69252110,0,NewHeight,56758206,0
69252110,0,NewRound,56758206,0
69252110,0,Propose,0,0
69252110,0,Precommit,0,0
69252110,0,Commit,0,0
69252111,0,NewHeight,56758206,0
69252111,0,NewRound,0,0
69252111,0,Propose,0,0
69252111,0,Precommit,56758206,0
69252111,0,Commit,0,0
69252112,0,NewHeight,56758206,0
69252112,0,NewRound,0,0
69252112,0,Propose,0,0
69252112,0,Precommit,56758206,0
69252112,0,Commit,0,0
69252113,0,NewHeight,56758206,0
69252113,0,NewRound,0,0
69252113,0,Propose,0,0
69252113,0,Precommit,56758206,0
69252113,0,Commit,0,0
69252114,0,NewHeight,56758206,0
69252114,0,NewRound,56758206,0
69252114,0,Propose,0,0
69252114,0,Precommit,0,0
69252114,0,Commit,0,0
69252115,0,NewHeight,56758206,0
69252115,0,NewRound,0,0
69252115,0,Propose,0,0
69252115,0,Precommit,56758206,0
69252115,0,Commit,0,0
69252116,0,NewHeight,56758206,0
69252116,0,NewRound,0,0
69252116,0,Propose,0,0
69252116,0,Precommit,56758206,0
69252116,0,Commit,0,0
69252117,0,NewHeight,56758206,0
69252117,0,NewRound,56758206,0
69252117,0,Propose,0,0
69252117,0,Precommit,0,0
69252117,0,Commit,0,0
69252118,0,NewHeight,56758206,0
69252118,0,NewRound,56758206,0
69252118,0,Propose,0,0
69252118,0,Precommit,0,0
69252118,0,Commit,0,0
69252119,0,NewHeight,56758206,0
69252119,0,NewRound,56758206,0
69252119,0,Propose,0,0
69252119,0,Precommit,0,0
69252119,0,Commit,0,0
69252120,0,NewHeight,56758206,0
69252120,0,NewRound,56758206,0
69252120,0,Propose,0,0
69252120,0,Precommit,0,0
69252120,0,Commit,0,0
69252121,0,NewHeight,56758206,0
69252121,0,NewRound,0,0
69252121,0,Propose,0,0
69252121,0,Precommit,56758206,0
69252121,0,Commit,0,0
69252122,0,NewHeight,56758206,0
69252122,0,NewRound,56758206,0
69252122,0,Propose,0,0
69252122,0,Precommit,56758206,0
69252122,0,Commit,0,0
69252123,0,NewHeight,56758206,0
69252123,0,NewRound,0,0
69252123,0,Propose,0,0
69252123,0,Precommit,56758206,0
69252123,0,Commit,0,0
69252124,0,NewHeight,56758206,0
69252124,0,NewRound,56758206,0
69252124,0,Propose,0,0
69252124,0,Precommit,56758206,0
69252124,0,Commit,0,0
69252125,0,NewHeight,56758206,0
69252125,0,NewRound,0,0
69252125,0,Propose,0,0
69252125,0,Precommit,56758206,0
69252125,0,Commit,0,0
69252126,0,NewHeight,56758206,0
69252126,0,NewRound,56758206,0
69252126,0,Propose,0,0
69252126,0,Precommit,0,0
69252126,0,Commit,0,0
69252127,0,NewHeight,56758206,0
69252127,0,NewRound,56758206,0
69252127,0,Propose,0,0
69252127,0,Precommit,0,0
69252127,0,Commit,0,0
69252128,0,NewHeight,56758206,0
69252128,0,NewRound,56758206,0
69252128,0,Propose,0,0
69252128,0,Precommit,0,0
69252128,0,Commit,0,0
69252129,0,NewHeight,56758206,0
69252129,0,NewRound,56758206,0
69252129,0,Propose,0,0
69252129,0,Precommit,0,0
69252129,0,Commit,0,0
69252130,0,NewHeight,56758206,0
69252130,0,NewRound,56758206,0
69252130,0,Propose,0,0
69252130,0,Precommit,0,0
69252130,0,Commit,0,0
69252131,0,NewHeight,56758206,0
69252131,0,NewRound,0,0
69252131,0,Propose,0,0
69252131,0,Precommit,56758206,0
69252131,0,Commit,0,0
69252132,0,NewHeight,56758206,0
69252132,0,NewRound,56758206,0
69252132,0,Propose,0,0
69252132,0,Precommit,56758206,0
69252132,0,Commit,0,0
69252133,0,NewHeight,56758206,0
69252133,0,NewRound,56758206,0
69252133,0,Propose,0,0
69252133,0,Precommit,0,0
69252133,0,Commit,0,0
69252134,0,NewHeight,56758206,0
69252134,0,NewRound,0,0
69252134,0,Propose,0,0
69252134,0,Prevote,56758206,0
69252134,0,Precommit,56758206,0
69252134,0,Commit,56758206,0
69252135,0,NewHeight,56758206,0
69252135,0,NewRound,0,0
69252135,0,Propose,0,0
69252135,0,Prevote,56758206,0
69252135,0,PrevoteWait,56758206,0
69252135,0,Precommit,56758206,0
69252135,0,Commit,56758206,0
69252136,0,NewHeight,56758206,0
69252136,0,NewRound,0,0
69252136,0,Propose,0,0
69252136,0,Prevote,56758206,0
69252136,0,PrevoteWait,56758206,0
69252136,0,Precommit,56758206,0
69252136,0,Commit,56758206,0
69252137,0,NewHeight,56758206,0
69252137,0,Prevote,0,0
69252137,0,Precommit,56758206,0
69252137,0,Commit,56758206,0
69252138,0,NewHeight,56758206,0
69252138,0,NewRound,0,0
69252138,0,Propose,0,0
69252138,0,Prevote,0,885294
69252138,0,Precommit,56758206,0
69252138,0,Commit,56758206,0
69252139,0,NewHeight,56758206,0
69252139,0,NewRound,0,0
69252139,0,Propose,0,0
69252139,0,Prevote,0,0
69252139,0,Precommit,56758206,0
69252139,0,Commit,56758206,0
69252140,0,NewHeight,56758206,0
69252140,0,NewRound,0,0
69252140,0,Propose,0,0
69252140,0,Prevote,56758206,0
69252140,0,Precommit,56758206,0
69252140,0,Commit,56758206,0
69252141,0,NewHeight,56758206,0
69252141,0,NewRound,0,0
69252141,0,Propose,0,0
69252141,0,Prevote,56758206,1004843
69252141,0,PrevoteWait,56758206,0
69252141,0,Precommit,56758206,0
69252141,0,Commit,56758206,0
69252142,0,NewHeight,56758206,0
69252142,0,NewRound,0,0
69252142,0,Propose,0,0
69252142,0,Prevote,0,1004843
69252142,0,Precommit,56758206,0
69252142,0,Commit,56758206,0
69252143,0,NewHeight,56758206,0
69252143,0,NewRound,0,0
69252143,0,Propose,0,0
69252143,0,Prevote,56758206,7055953
69252143,0,Precommit,56758206,0
69252143,0,Commit,56758206,0
69252144,0,NewHeight,56758206,0
69252144,0,NewRound,0,0
69252144,0,Propose,0,0
69252144,0,Prevote,56758206,6051110
69252144,0,Precommit,56758206,0
69252144,0,Commit,56758206,0
69252145,0,NewHeight,56758206,0
69252145,0,NewRound,0,0
69252145,0,Propose,0,0
69252145,0,Prevote,0,0
69252145,0,Precommit,56758206,0
69252145,0,Commit,56758206,0
69252146,0,NewHeight,56758206,0
69252146,0,NewRound,0,0
69252146,0,Propose,0,0
69252146,0,Prevote,56758206,0
69252146,0,PrevoteWait,56758206,0
69252146,0,Precommit,56758206,0
69252146,0,Commit,56758206,0
69252147,0,NewHeight,56758206,0
69252147,0,NewRound,0,0
69252147,0,Propose,0,0
69252147,0,Prevote,56758206,0
69252147,0,Precommit,56758206,0
69252147,0,Commit,56758206,0
69252148,0,NewHeight,56758206,0
69252148,0,NewRound,0,0
69252148,0,Propose,0,0
69252148,0,Prevote,0,0
69252148,0,Precommit,56758206,0
69252148,0,Commit,56758206,0
69252149,0,NewHeight,56758206,0
69252149,0,NewRound,0,0
69252149,0,Propose,0,0
69252149,0,Prevote,56758206,0
69252149,0,Precommit,56758206,0
69252149,0,Commit,56758206,0
69252150,0,NewHeight,56758206,0
69252150,0,NewRound,0,0
69252150,0,Propose,0,0
69252150,0,Prevote,56758206,0
69252150,0,Precommit,56758206,0
69252150,0,Commit,56758206,0
69252151,0,NewHeight,56758206,0
69252151,0,NewRound,0,0
69252151,0,Propose,0,0
69252151,0,Precommit,56758217,0
69252151,0,Commit,0,0
69252152,0,NewHeight,56758217,0
69252152,0,NewRound,0,0
69252152,0,Propose,0,0
69252152,0,Prevote,0,8732606
69252152,0,Precommit,56758217,0
69252152,0,Commit,56758217,0
69252153,0,NewHeight,56758217,0
69252153,0,NewRound,0,0
69252153,0,Propose,0,0
69252153,0,Prevote,0,7373427
69252153,0,Precommit,56758217,0
69252153,0,Commit,56758217,0
69252154,0,NewHeight,56758217,0
69252154,0,NewRound,0,0
69252154,0,Propose,0,0
69252154,0,Prevote,56758217,8568586
69252154,0,Precommit,56758217,0
69252154,0,Commit,56758217,0
69252155,0,NewHeight,56758217,0
69252155,0,NewRound,0,0
69252155,0,Propose,0,0
69252155,0,Prevote,56758217,1958324
69252155,0,PrevoteWait,56758217,0
69252155,0,Precommit,56758217,0
69252155,0,Commit,56758217,0
69252156,0,NewHeight,56758217,0
69252156,0,NewRound,0,0
69252156,0,Propose,0,0
69252156,0,Prevote,56758217,6051110
69252156,0,PrevoteWait,56758217,0
69252156,0,Precommit,56758217,0
69252156,0,Commit,56758217,0
69252157,0,NewHeight,56758217,0
69252157,0,NewRound,0,0
69252157,0,Propose,0,0
69252157,0,Prevote,56758217,6494430
69252157,0,PrevoteWait,56758217,0
69252157,0,Precommit,56758217,0
69252157,0,Commit,56758217,0
69252158,0,NewHeight,56758217,0
69252158,0,NewRound,0,0
69252158,0,Propose,0,0
69252158,0,Prevote,0,7223299
69252158,0,Precommit,56758217,0
69252158,0,Commit,56758217,0
69252159,0,NewHeight,56758217,0
69252159,0,NewRound,0,0
69252159,0,Propose,0,0
69252159,0,Prevote,56758217,6371612
69252159,0,Precommit,56758217,0
69252159,0,Commit,56758217,0
69252160,0,NewHeight,56758217,0
69252160,0,NewRound,0,0
69252160,0,Propose,0,0
69252160,0,Prevote,0,6051110
69252160,0,PrevoteWait,56758217,0
69252160,0,Precommit,56758217,0
69252160,0,Commit,56758217,0
69252161,0,NewHeight,56758217,0
69252161,0,NewRound,0,0
69252161,0,Propose,0,0
69252161,0,Precommit,56758217,0
69252161,0,Commit,0,0
69252162,0,NewHeight,56758217,0
69252162,0,NewRound,0,0
69252162,0,Propose,0,0
69252162,0,Precommit,56758217,0
69252162,0,Commit,0,0
69252163,0,NewHeight,56758217,0
69252163,0,Prevote,0,8676042
69252163,0,Precommit,56758217,0
69252163,0,Commit,56758217,0
69252164,0,NewHeight,56758217,0
69252164,0,NewRound,0,0
69252164,0,Propose,0,0
69252164,0,Prevote,56758217,0
69252164,0,PrevoteWait,56758217,0
69252164,0,Precommit,56758217,0
69252164,0,Commit,56758217,0
69252165,0,NewHeight,56758217,0
69252165,0,NewRound,0,0
69252165,0,Propose,0,0
69252165,0,Prevote,0,0
69252165,0,Precommit,56758217,0
69252165,0,Commit,56758217,0
69252166,0,NewHeight,56758217,0
69252166,0,NewRound,0,0
69252166,0,Propose,0,0
69252166,0,Prevote,56758217,2292864
69252166,0,Precommit,56758217,0
69252166,0,Commit,56758217,0
69252167,0,NewHeight,56758217,0
69252167,0,NewRound,0,0
69252167,0,Propose,0,0
69252167,0,Prevote,56758217,2407632
69252167,0,Precommit,56758217,0
69252167,0,Commit,56758217,0
69252168,0,NewHeight,56758217,0
69252168,0,NewRound,0,0
69252168,0,Propose,0,0
69252168,0,Prevote,56758217,1004843
69252168,0,Precommit,56758217,0
69252168,0,Commit,56758217,0
69252169,0,NewHeight,56758217,0
69252169,0,NewRound,0,0
69252169,0,Propose,0,0
69252169,0,Prevote,56758217,0
69252169,0,PrevoteWait,56758217,0
69252169,0,Precommit,56758217,0
69252169,0,Commit,56758217,0
69252170,0,NewHeight,56758217,0
69252170,0,NewRound,0,0
69252170,0,Propose,0,0
69252170,0,Prevote,0,0
69252170,0,Precommit,56758217,0
69252170,0,Commit,56758217,0
69252171,0,NewHeight,56758217,0
69252171,0,NewRound,0,0
69252171,0,Propose,0,0
69252171,0,Precommit,56758217,0
69252171,0,Commit,0,0
69252172,0,NewHeight,56758217,0
69252172,0,NewRound,0,0
69252172,0,Propose,0,0
69252172,0,Prevote,56758217,0
69252172,0,PrevoteWait,56758217,0
69252172,0,Precommit,56758217,0
69252172,0,Commit,56758217,0
69252173,0,NewHeight,56758217,0
69252173,0,NewRound,0,0
69252173,0,Propose,0,0
69252173,0,Prevote,56758217,0
69252173,0,Precommit,56758217,0
69252173,0,Commit,56758217,0
69252174,0,NewHeight,56758217,0
69252174,0,NewRound,0,0
69252174,0,Propose,0,0
69252174,0,Prevote,56758217,0
69252174,0,Precommit,56758217,0
69252174,0,Commit,56758217,0
69252175,0,NewHeight,56758217,0
69252175,0,NewRound,0,0
69252175,0,Propose,0,0
69252175,0,Prevote,0,0
69252175,0,Precommit,56758217,0
69252175,0,Commit,56758217,0
69252176,0,NewHeight,56758217,0
69252176,0,NewRound,0,0
69252176,0,Propose,0,0
69252176,0,Prevote,56758217,320502
69252176,0,Precommit,56758217,0
69252176,0,Commit,56758217,0
69252177,0,NewHeight,56758217,0
69252177,0,NewRound,0,0
69252177,0,Propose,0,0
69252177,0,Prevote,0,6371612
69252177,0,Precommit,56758217,0
69252177,0,Commit,56758217,0
69252178,0,NewHeight,56758217,0
69252178,0,NewRound,0,0
69252178,0,Propose,0,0
69252178,0,Prevote,0,6371612
69252178,0,Precommit,56758217,0
69252178,0,Commit,56758217,0
69252179,0,NewHeight,56758217,0
69252179,0,NewRound,0,0
69252179,0,Propose,0,0
69252179,0,Prevote,0,6371612
69252179,0,Precommit,56758217,0
69252179,0,Commit,56758217,0
69252180,0,NewHeight,56758217,0
69252180,0,NewRound,0,0
69252180,0,Propose,0,0
69252180,0,Prevote,56758217,320502
69252180,0,Precommit,56758217,0
69252180,0,Commit,56758217,0
69252181,0,NewHeight,56758217,0
69252181,0,NewRound,0,0
69252181,0,Propose,0,0
69252181,0,Precommit,56758217,0
69252181,0,Commit,0,0
69252182,0,NewHeight,56758217,0
69252182,0,Prevote,0,1004843
69252182,0,Precommit,56758217,0
69252182,0,Commit,56758217,0
69252183,0,NewHeight,56758217,0
69252183,0,NewRound,0,0
69252183,0,Propose,0,0
69252183,0,Prevote,56758217,0
69252183,0,PrevoteWait,56758217,0
69252183,0,Precommit,56758217,0
69252183,0,Commit,56758217,0
69252184,0,NewHeight,56758217,0
69252184,0,NewRound,0,0
69252184,0,Propose,0,0
69252184,0,Prevote,56758217,0
69252184,0,PrevoteWait,56758217,0
69252184,0,Precommit,56758217,0
69252184,0,Commit,56758217,0
69252185,0,NewHeight,56758217,0
69252185,0,NewRound,0,0
69252185,0,Propose,0,0
69252185,0,Prevote,56758217,0
69252185,0,Precommit,56758217,0
69252185,0,Commit,56758217,0
69252186,0,NewHeight,56758217,0
69252186,0,NewRound,0,0
69252186,0,Propose,0,0
69252186,0,Prevote,0,6051110
69252186,0,Precommit,56758217,0
69252186,0,Commit,56758217,0
69252187,0,NewHeight,56758217,0
69252187,0,NewRound,0,0
69252187,0,Propose,0,0
69252187,0,Prevote,0,6610262
69252187,0,Precommit,56758217,0
69252187,0,Commit,56758217,0
69252188,0,NewHeight,56758217,0
69252188,0,NewRound,0,0
69252188,0,Propose,0,0
69252188,0,Prevote,0,0
69252188,0,Precommit,56758217,0
69252188,0,Commit,56758217,0
69252189,0,NewHeight,56758217,0
69252189,0,NewRound,0,0
69252189,0,Propose,0,0
69252189,0,Prevote,0,0
69252189,0,Precommit,56758217,0
69252189,0,Commit,56758217,0
69252190,0,NewHeight,56758217,0
69252190,0,NewRound,0,0
69252190,0,Propose,0,0
69252190,0,Prevote,0,502001
69252190,0,Precommit,56758217,0
69252190,0,Commit,56758217,0
69252191,0,NewHeight,56758217,0
69252191,0,NewRound,0,0
69252191,0,Propose,0,0
69252191,0,Precommit,56758217,0
69252191,0,Commit,0,0
69252192,0,NewHeight,56758217,0
69252192,0,NewRound,56758217,0
69252192,0,Propose,0,0
69252192,0,Precommit,0,0
69252192,0,Commit,0,0
69252193,0,NewHeight,56758217,0
69252193,0,NewRound,0,0
69252193,0,Propose,0,0
69252193,0,Prevote,56758217,18792636
69252193,0,Precommit,56758217,0
69252193,0,Commit,56758217,0
69252194,0,NewHeight,56758217,0
69252194,0,NewRound,0,0
69252194,0,Propose,0,0
69252194,0,Prevote,56758217,0
69252194,0,PrevoteWait,56758217,0
69252194,0,Precommit,56758217,0
69252194,0,Commit,56758217,0
69252195,0,NewHeight,56758217,0
69252195,0,NewRound,0,0
69252195,0,Propose,0,0
69252195,0,Prevote,56758217,0
69252195,0,Precommit,56758217,0
69252195,0,Commit,56758217,0
69252196,0,NewHeight,56758217,0
69252196,0,NewRound,0,0
69252196,0,Propose,0,0
69252196,0,Prevote,0,0
69252196,0,Precommit,56758217,0
69252196,0,Commit,56758217,0
69252197,0,NewHeight,56758217,0
69252197,0,NewRound,0,0
69252197,0,Propose,0,0
69252197,0,Prevote,0,0
69252197,0,Precommit,56758217,0
69252197,0,Commit,56758217,0
69252198,0,NewHeight,56758217,0
69252198,0,NewRound,0,0
69252198,0,Propose,0,0
69252198,0,Prevote,56758217,0
69252198,0,Precommit,56758217,0
69252198,0,Commit,56758217,0
69252199,0,NewHeight,56758217,0
69252199,0,NewRound,0,0
69252199,0,Propose,0,0
69252199,0,Prevote,56758217,0
69252199,0,Precommit,56758217,0
69252199,0,Commit,56758217,0
69252200,0,NewHeight,56758217,0
69252200,0,NewRound,0,0
69252200,0,Propose,0,0
69252200,0,Prevote,0,0
69252200,0,Precommit,56758217,0
69252200,0,Commit,56758217,0
69252201,0,NewHeight,56758217,0
69252201,0,NewRound,0,0
69252201,0,Propose,0,0
69252201,0,Prevote,56758217,0
69252201,0,Precommit,56758217,0
69252201,0,Commit,56758217,0
69252202,0,NewHeight,56758217,0
69252202,0,NewRound,0,0
69252202,0,Propose,0,0
69252202,0,Prevote,56758217,0
69252202,0,Precommit,56758217,0
69252202,0,Commit,56758217,0
69252203,0,NewHeight,56758217,0
69252203,0,NewRound,0,0
69252203,0,Propose,0,0
69252203,0,Prevote,0,443320
69252203,0,Precommit,56758217,0
69252203,0,Commit,56758217,0
69252204,0,NewHeight,56758217,0
69252204,0,Prevote,0,0
69252204,0,Precommit,56758217,0
69252204,0,Commit,56758217,0
69252205,0,NewHeight,56758217,0
69252205,0,NewRound,0,0
69252205,0,Propose,0,0
69252205,0,Prevote,56758217,0
69252205,0,Precommit,56758217,0
69252205,0,Commit,56758217,0
69252206,0,NewHeight,56758217,0
69252206,0,NewRound,0,0
69252206,0,Propose,0,0
69252206,0,Prevote,0,502001
69252206,0,Precommit,56758217,0
69252206,0,Commit,56758217,0
69252207,0,NewHeight,56758217,0
69252207,0,NewRound,0,0
69252207,0,Propose,0,0
69252207,0,Prevote,0,0
69252207,0,Precommit,56758217,0
69252207,0,Commit,56758217,0
69252208,0,NewHeight,56758217,0
69252208,0,NewRound,0,0
69252208,0,Propose,0,0
69252208,0,Prevote,0,0
69252208,0,Precommit,56758217,0
69252208,0,Commit,56758217,0
69252209,0,NewHeight,56758217,0
69252209,0,NewRound,0,0
69252209,0,Propose,0,0
69252209,0,Prevote,56758217,0
69252209,0,PrevoteWait,56758217,0
69252209,0,Precommit,56758217,0
69252209,0,Commit,56758217,0
69252210,0,NewHeight,56758217,0
69252210,0,NewRound,0,0
69252210,0,Propose,0,0
69252210,0,Prevote,0,0
69252210,0,Precommit,56758217,0
69252210,0,Commit,56758217,0
69252211,0,NewHeight,56758217,0
69252211,0,NewRound,0,0
69252211,0,Propose,0,0
69252211,0,Precommit,56758217,0
69252211,0,Commit,0,0
69252212,0,NewHeight,56758217,0
69252212,0,Prevote,56758217,0
69252212,0,Precommit,56758217,0
69252212,0,Commit,56758217,0
69252213,0,NewHeight,56758217,0
69252213,0,Prevote,0,0
69252213,0,Precommit,56758217,0
69252213,0,Commit,56758217,0
69252214,0,NewHeight,56758217,0
69252214,0,NewRound,0,0
69252214,0,Propose,0,0
69252214,0,Prevote,0,1041457
69252214,0,Precommit,56758217,0
69252214,0,Commit,56758217,0
69252215,0,NewHeight,56758217,0
69252215,0,NewRound,0,0
69252215,0,Propose,0,0
69252215,0,Prevote,0,502001
69252215,0,Precommit,56758217,0
69252215,0,Commit,56758217,0
69252216,0,NewHeight,56758217,0
69252216,0,NewRound,0,0
69252216,0,Propose,0,0
69252216,0,Prevote,56758217,0
69252216,0,Precommit,56758217,0
69252216,0,Commit,56758217,0
69252217,0,NewHeight,56758217,0
69252217,0,NewRound,0,0
69252217,0,Propose,0,0
69252217,0,Prevote,56758217,6051110
69252217,0,PrevoteWait,56758217,0
69252217,0,Precommit,56758217,0
69252217,0,Commit,56758217,0
69252218,0,NewHeight,56758217,0
69252218,0,NewRound,0,0
69252218,0,Propose,0,0
69252218,0,Prevote,0,0
69252218,0,Precommit,56758217,0
69252218,0,Commit,56758217,0
69252219,0,NewHeight,56758217,0
69252219,0,NewRound,0,0
69252219,0,Propose,0,0
69252219,0,Prevote,0,0
69252219,0,Precommit,56758217,0
69252219,0,Commit,56758217,0
69252220,0,NewHeight,56758217,0
69252220,0,NewRound,0,0
69252220,0,Propose,0,0
69252220,0,Prevote,0,1799508
69252220,0,Precommit,56758217,0
69252220,0,Commit,56758217,0
69252221,0,NewHeight,56758217,0
69252221,0,NewRound,0,0
69252221,0,Propose,0,0
69252221,0,Precommit,56758217,0
69252221,0,Commit,0,0
69252222,0,NewHeight,56758217,0
69252222,0,Prevote,56758217,0
69252222,0,Precommit,56758217,0
69252222,0,Commit,56758217,0
69252223,0,NewHeight,56758217,0
69252223,0,NewRound,0,0
69252223,0,Propose,0,0
69252223,0,Prevote,56758217,0
69252223,0,PrevoteWait,56758217,0
69252223,0,Precommit,56758217,0
69252223,0,Commit,56758217,0
69252224,0,NewHeight,56758217,0
69252224,0,NewRound,0,0
69252224,0,Propose,0,0
69252224,0,Prevote,0,0
69252224,0,Precommit,56758217,0
69252224,0,Commit,56758217,0
69252225,0,NewHeight,56758217,0
69252225,0,NewRound,0,0
69252225,0,Propose,0,0
69252225,0,Prevote,0,1004843
69252225,0,Precommit,56758217,0
69252225,0,Commit,56758217,0
69252226,0,NewHeight,56758217,0
69252226,0,NewRound,0,0
69252226,0,Propose,0,0
69252226,0,Prevote,56758217,6051110
69252226,0,PrevoteWait,56758217,0
69252226,0,Precommit,56758217,0
69252226,0,Commit,56758217,0
69252227,0,NewHeight,56758217,0
69252227,0,NewRound,0,0
69252227,0,Propose,0,0
69252227,0,Prevote,0,0
69252227,0,Precommit,56758217,0
69252227,0,Commit,56758217,0
69252228,0,NewHeight,56758217,0
69252228,0,NewRound,0,0
69252228,0,Propose,0,0
69252228,0,Prevote,0,0
69252228,0,Precommit,56758217,0
69252228,0,Commit,56758217,0
69252229,0,NewHeight,56758217,0
69252229,0,NewRound,0,0
69252229,0,Propose,0,0
69252229,0,Prevote,56758217,0
69252229,0,Precommit,56758217,0
69252229,0,Commit,56758217,0
69252230,0,NewHeight,56758217,0
69252230,0,NewRound,0,0
69252230,0,Propose,0,0
69252230,0,Prevote,56758217,0
69252230,0,PrevoteWait,56758217,0
69252230,0,Precommit,56758217,0
69252230,0,Commit,56758217,0
69252231,0,NewHeight,56758217,0
69252231,0,NewRound,0,0
69252231,0,Propose,0,0
69252231,0,Precommit,56758217,0
69252231,0,Commit,0,0
69252232,0,NewHeight,56758217,0
69252232,0,Prevote,0,0
69252232,0,Precommit,56758217,0
69252232,0,Commit,56758217,0
69252233,0,NewHeight,56758217,0
69252233,0,NewRound,0,0
69252233,0,Propose,0,0
69252233,0,Prevote,0,0
69252233,0,Precommit,56758217,0
69252233,0,Commit,56758217,0
69252234,0,NewHeight,56758217,0
69252234,0,NewRound,0,0
69252234,0,Propose,0,0
69252234,0,Prevote,0,502001
69252234,0,Precommit,56758217,0
69252234,0,Commit,56758217,0
69252235,0,NewHeight,56758217,0
69252235,0,NewRound,0,0
69252235,0,Propose,0,0
69252235,0,Prevote,56758217,502001
69252235,0,Precommit,56758217,0
69252235,0,Commit,56758217,0
69252236,0,NewHeight,56758217,0
69252236,0,NewRound,0,0
69252236,0,Propose,0,0
69252236,0,Prevote,56758217,0
69252236,0,Precommit,56758217,0
69252236,0,Commit,56758217,0
69252237,0,NewHeight,56758217,0
69252237,0,NewRound,0,0
69252237,0,Propose,0,0
69252237,0,Prevote,0,0
69252237,0,Precommit,56758217,0
69252237,0,Commit,56758217,0
69252238,0,NewHeight,56758217,0
69252238,0,NewRound,0,0
69252238,0,Propose,0,0
69252238,0,Prevote,56758217,0
69252238,0,PrevoteWait,56758217,0
69252238,0,Precommit,56758217,0
69252238,0,Commit,56758217,0
69252239,0,NewHeight,56758217,0
69252239,0,NewRound,0,0
69252239,0,Propose,0,0
69252239,0,Prevote,56758217,0
69252239,0,PrevoteWait,56758217,0
69252239,0,Precommit,56758217,0
69252239,0,Commit,56758217,0
69252240,0,NewHeight,56758217,0
69252240,0,NewRound,0,0
69252240,0,Propose,0,0
69252240,0,Prevote,56758217,0
69252240,0,Precommit,56758217,0
69252240,0,Commit,56758217,0
69252241,0,NewHeight,56758217,0
69252241,0,NewRound,0,0
69252241,0,Propose,0,0
69252241,0,Precommit,56758217,0
69252241,0,Commit,0,0
69252242,0,NewHeight,56758217,0
69252242,0,NewRound,56758217,0
69252242,0,Propose,0,0
69252242,0,Precommit,0,0
69252242,0,Commit,0,0
69252243,0,NewHeight,56758217,0
69252243,0,Prevote,56758217,0
69252243,0,Precommit,56758217,0
69252243,0,Commit,56758217,0
69252244,0,NewHeight,56758217,0
69252244,0,NewRound,0,0
69252244,0,Propose,0,0
69252244,0,Prevote,56758217,0
69252244,0,PrevoteWait,56758217,0
69252244,0,Precommit,56758217,0
69252244,0,Commit,56758217,0
69252245,0,NewHeight,56758217,0
69252245,0,NewRound,0,0
69252245,0,Propose,0,0
69252245,0,Prevote,0,0
69252245,0,Precommit,56758217,0
69252245,0,Commit,56758217,0
69252246,0,NewHeight,56758217,0
69252246,0,NewRound,0,0
69252246,0,Propose,0,0
69252246,0,Prevote,56758217,0
69252246,0,PrevoteWait,56758217,0
69252246,0,Precommit,56758217,0
69252246,0,Commit,56758217,0
69252247,0,NewHeight,56758217,0
69252247,0,NewRound,0,0
69252247,0,Propose,0,0
69252247,0,Prevote,0,0
69252247,0,Precommit,56758217,0
69252247,0,Commit,56758217,0
69252248,0,NewHeight,56758217,0
69252248,0,Prevote,56758217,0
69252248,0,Precommit,56758217,0
69252248,0,Commit,56758217,0
69252249,0,NewHeight,56758217,0
69252249,0,NewRound,0,0
69252249,0,Propose,0,0
69252249,0,Prevote,56758217,0
69252249,0,PrevoteWait,56758217,0
69252249,0,Precommit,56758217,0
69252249,0,Commit,56758217,0
69252250,0,NewHeight,56758217,0
69252250,0,NewRound,0,0
69252250,0,Propose,0,0
69252250,0,Prevote,0,320502
69252250,0,PrevoteWait,56758217,0
69252250,0,Precommit,56758217,0
69252250,0,Commit,56758217,0
69252251,0,NewHeight,56758217,0
69252251,0,NewRound,0,0
69252251,0,Propose,0,0
69252251,0,Precommit,56758217,0
69252251,0,Commit,0,0
69252252,0,NewHeight,56758217,0
69252252,0,NewRound,0,0
69252252,0,Propose,0,0
69252252,0,Prevote,56758217,0
69252252,0,PrevoteWait,56758217,0
69252252,0,Precommit,56758217,0
69252252,0,Commit,56758217,0
69252253,0,NewHeight,56758217,0
69252253,0,NewRound,0,0
69252253,0,Propose,0,0
69252253,0,Prevote,56758217,0
69252253,0,Precommit,56758217,0
69252253,0,Commit,56758217,0
69252254,0,NewHeight,56758217,0
69252254,0,NewRound,0,0
69252254,0,Propose,0,0
69252254,0,Prevote,56758217,0
69252254,0,Precommit,56758217,0
69252254,0,Commit,56758217,0
69252255,0,NewHeight,56758217,0
69252255,0,NewRound,56758217,0
69252255,0,Propose,0,0
69252255,0,Prevote,0,0
69252255,0,Precommit,56758217,0
69252255,0,Commit,56758217,0
69252256,0,NewHeight,56758217,0
69252256,0,NewRound,0,0
69252256,0,Propose,0,0
69252256,0,Prevote,0,1506844
69252256,0,Precommit,56758221,0
69252256,0,Commit,56758221,0
69252257,0,NewHeight,56758221,0
69252257,0,NewRound,0,0
69252257,0,Propose,0,0
69252257,0,Prevote,56758221,1004843
69252257,0,Precommit,56758221,0
69252257,0,Commit,56758221,0
69252258,0,NewHeight,56758221,0
69252258,0,NewRound,0,0
69252258,0,Propose,0,0
69252258,0,Prevote,56758221,0
69252258,0,PrevoteWait,56758221,0
69252258,0,Precommit,56758221,0
69252258,0,Commit,56758221,0
69252259,0,NewHeight,56758221,0
69252259,0,NewRound,0,0
69252259,0,Propose,0,0
69252259,0,Prevote,56758221,0
69252259,0,Precommit,56758221,0
69252259,0,Commit,56758221,0
69252260,0,NewHeight,56758221,0
69252260,0,NewRound,0,0
69252260,0,Propose,0,0
69252260,0,Prevote,0,411949
69252260,0,Precommit,56758221,0
69252260,0,Commit,56758221,0
69252261,0,NewHeight,56758221,0
69252261,0,NewRound,0,0
69252261,0,Propose,0,0
69252261,0,Precommit,56758221,0
69252261,0,Commit,0,0
69252262,0,NewHeight,56758221,0
69252262,0,NewRound,0,0
69252262,0,Propose,0,0
69252262,0,Precommit,56758221,0
69252262,0,Commit,0,0
69252263,0,NewHeight,56758221,0
69252263,0,Prevote,0,320502
69252263,0,Precommit,56758221,0
69252263,0,Commit,56758221,0
69252264,0,NewHeight,56758221,0
69252264,0,NewRound,0,0
69252264,0,Propose,0,0
69252264,0,Prevote,0,320502
69252264,0,Precommit,56758221,0
69252264,0,Commit,56758221,0
69252265,0,NewHeight,56758221,0
69252265,0,NewRound,0,0
69252265,0,Propose,0,0
69252265,0,Prevote,56758221,0
69252265,0,PrevoteWait,56758221,0
69252265,0,Precommit,56758221,0
69252265,0,Commit,56758221,0
69252266,0,NewHeight,56758221,0
69252266,0,NewRound,0,0
69252266,0,Propose,0,0
69252266,0,Prevote,0,502001
69252266,0,Precommit,56758221,0
69252266,0,Commit,56758221,0
69252267,0,NewHeight,56758221,0
69252267,0,NewRound,0,0
69252267,0,Propose,0,0
69252267,0,Prevote,56758221,0
69252267,0,Precommit,56758221,0
69252267,0,Commit,56758221,0
69252268,0,NewHeight,56758221,0
69252268,0,NewRound,0,0
69252268,0,Propose,0,0
69252268,0,Prevote,56758221,0
69252268,0,Precommit,56758221,0
69252268,0,Commit,56758221,0
69252269,0,NewHeight,56758221,0
69252269,0,NewRound,0,0
69252269,0,Propose,0,0
69252269,0,Prevote,0,0
69252269,0,Precommit,56758221,0
69252269,0,Commit,56758221,0
69252270,0,NewHeight,56758221,0
69252270,0,NewRound,0,0
69252270,0,Propose,0,0
69252270,0,Prevote,56758221,6051110
69252270,0,Precommit,56758221,0
69252270,0,Commit,56758221,0
69252271,0,NewHeight,56758221,0
69252271,0,NewRound,0,0
69252271,0,Propose,0,0
69252271,0,Precommit,56758221,0
69252271,0,Commit,0,0
69252272,0,NewHeight,56758221,0
69252272,0,NewRound,56758221,0
69252272,0,Propose,0,0
69252272,0,Precommit,0,0
69252272,0,Commit,0,0
69252273,0,NewHeight,56758221,0
69252273,0,NewRound,0,0
69252273,0,Propose,0,0
69252273,0,Prevote,56758221,0
69252273,0,PrevoteWait,56758221,0
69252273,0,Precommit,56758221,0
69252273,0,Commit,56758221,0
69252274,0,NewHeight,56758221,0
69252274,0,NewRound,0,0
69252274,0,Propose,0,0
69252274,0,Prevote,56758221,0
69252274,0,PrevoteWait,56758221,0
69252274,0,Precommit,56758221,0
69252274,0,Commit,56758221,0
69252275,0,NewHeight,56758221,0
69252275,0,Prevote,0,0
69252275,0,Precommit,56758221,0
69252275,0,Commit,56758221,0
69252276,0,NewHeight,56758221,0
69252276,0,NewRound,0,0
69252276,0,Propose,0,0
69252276,0,Prevote,0,320502
69252276,0,Precommit,56758221,0
69252276,0,Commit,56758221,0
69252277,0,NewHeight,56758221,0
69252277,0,NewRound,0,0
69252277,0,Propose,0,0
69252277,0,Prevote,56758221,0
69252277,0,Precommit,56758221,0
69252277,0,Commit,56758221,0
69252278,0,NewHeight,56758221,0
69252278,0,NewRound,0,0
69252278,0,Propose,0,0
69252278,0,Prevote,56758225,402606
69252278,0,Precommit,56758225,0
69252278,0,Commit,56758225,0
69252279,0,NewHeight,56758225,0
69252279,0,NewRound,0,0
69252279,0,Propose,0,0
69252279,0,Prevote,56758225,402606
69252279,0,Precommit,56758225,0
69252279,0,Commit,56758225,0
69252280,0,NewHeight,56758225,0
69252280,0,NewRound,0,0
69252280,0,Propose,0,0
69252280,0,Prevote,56758225,402606
69252280,0,Precommit,56758225,0
69252280,0,Commit,56758225,0
69252281,0,NewHeight,56758225,0
69252281,0,NewRound,0,0
69252281,0,Propose,0,0
69252281,0,Precommit,56758225,0
69252281,0,Commit,0,0
69252282,0,NewHeight,56758225,0
69252282,0,Prevote,56758225,411949
69252282,0,Precommit,56758225,0
69252282,0,Commit,56758225,0
69252283,0,NewHeight,56758225,0
69252283,0,NewRound,0,0
69252283,0,Propose,0,0
69252283,0,Prevote,0,0
69252283,0,Precommit,56758225,0
69252283,0,Commit,56758225,0
69252284,0,NewHeight,56758225,0
69252284,0,Prevote,56758225,0
69252284,0,Precommit,56758225,0
69252284,0,Commit,56758225,0
69252285,0,NewHeight,56758225,0
69252285,0,NewRound,0,0
69252285,0,Propose,0,0
69252285,0,Prevote,0,0
69252285,0,Precommit,56758225,0
69252285,0,Commit,56758225,0
69252286,0,NewHeight,56758225,0
69252286,0,NewRound,0,0
69252286,0,Propose,0,0
69252286,0,Prevote,56758225,0
69252286,0,PrevoteWait,56758225,0
69252286,0,Precommit,56758225,0
69252286,0,Commit,56758225,0
69252287,0,NewHeight,56758225,0
69252287,0,NewRound,0,0
69252287,0,Propose,0,0
69252287,0,Prevote,56758225,0
69252287,0,Precommit,56758225,0
69252287,0,Commit,56758225,0
69252288,0,NewHeight,56758225,0
69252288,0,NewRound,0,0
69252288,0,Propose,0,0
69252288,0,Prevote,0,0
69252288,0,Precommit,56758225,0
69252288,0,Commit,56758225,0
69252289,0,NewHeight,56758225,0
69252289,0,Prevote,56758225,0
69252289,0,Precommit,56758225,0
69252289,0,Commit,56758225,0
69252290,0,NewHeight,56758225,0
69252290,0,NewRound,0,0
69252290,0,Propose,0,0
69252290,0,Prevote,0,1004843
69252290,0,Precommit,56758225,0
69252290,0,Commit,56758225,0
69252291,0,NewHeight,56758225,0
69252291,0,NewRound,0,0
69252291,0,Propose,0,0
69252291,0,Precommit,56758225,0
69252291,0,Commit,0,0
69252292,0,NewHeight,56758225,0
69252292,0,Prevote,0,0
69252292,0,Precommit,56758225,0
69252292,0,Commit,56758225,0
69252293,0,NewHeight,56758225,0
69252293,0,NewRound,0,0
69252293,0,Propose,0,0
69252293,0,Prevote,56758225,0
69252293,0,PrevoteWait,56758225,0
69252293,0,Precommit,56758225,0
69252293,0,Commit,56758225,0
69252294,0,NewHeight,56758225,0
69252294,0,NewRound,0,0
69252294,0,Propose,0,0
69252294,0,Prevote,56758225,0
69252294,0,PrevoteWait,56758225,0
69252294,0,Precommit,56758225,0
69252294,0,Commit,56758225,0
69252295,0,NewHeight,56758225,0
69252295,0,NewRound,0,0
69252295,0,Propose,0,0
69252295,0,Prevote,0,0
69252295,0,Precommit,56758225,0
69252295,0,Commit,56758225,0
69252296,0,NewHeight,56758225,0
69252296,0,NewRound,0,0
69252296,0,Propose,0,0
69252296,0,Prevote,0,0
69252296,0,PrevoteWait,56758225,0
69252296,0,Precommit,56758225,0
69252296,0,Commit,56758225,0
69252297,0,NewHeight,56758225,0
69252297,0,NewRound,0,0
69252297,0,Propose,0,0
69252297,0,Prevote,56758225,0
69252297,0,PrevoteWait,56758225,0
69252297,0,Precommit,56758225,0
69252297,0,Commit,56758225,0
69252298,0,NewHeight,56758225,0
69252298,0,NewRound,0,0
69252298,0,Propose,0,0
69252298,0,Prevote,0,300766
69252298,0,Precommit,56758225,0
69252298,0,Commit,56758225,0
69252299,0,NewHeight,56758225,0
69252299,0,NewRound,0,0
69252299,0,Propose,0,0
69252299,0,Prevote,56758225,300766
69252299,0,Precommit,56758225,0
69252299,0,Commit,56758225,0
69252300,0,NewHeight,56758225,0
69252300,0,NewRound,0,0
69252300,0,Propose,0,0
69252300,0,Prevote,0,300766
69252300,0,Precommit,56758225,0
69252300,0,Commit,56758225,0
69252302,0,NewHeight,0,0
69281014,0,NewRound,56756704,0
69281014,0,Propose,0,0
69281014,0,Precommit,0,0
69281014,0,Commit,0,0
69281015,0,NewHeight,56756704,0
69281015,0,NewRound,0,0
69281015,0,Propose,0,0
69281015,0,Precommit,56756704,0
69281015,0,Commit,0,0
69281016,0,NewHeight,56756704,0
69281016,0,NewRound,0,0
69281016,0,Propose,0,0
69281016,0,Precommit,56756704,0
69281016,0,Commit,0,0
69281017,0,NewHeight,56756704,0
69281017,0,NewRound,0,0
69281017,0,Propose,0,0
69281017,0,Precommit,56756704,0
69281017,0,Commit,0,0
69281018,0,NewHeight,56756704,0
69281018,0,NewRound,0,0
69281018,0,Propose,0,0
69281018,0,Precommit,56756704,0
69281018,0,Commit,0,0
69281019,0,NewHeight,56756704,0
69281019,0,NewRound,0,0
69281019,0,Propose,0,0
69281019,0,Precommit,56756704,0
69281019,0,Commit,0,0
69281020,0,NewHeight,56756704,0
69281020,0,NewRound,0,0
69281020,0,Propose,0,0
69281020,0,Precommit,56756704,0
69281020,0,Commit,0,0
69281021,0,NewHeight,56756704,0
69281021,0,NewRound,0,0
69281021,0,Propose,0,0
69281021,0,Precommit,56756704,0
69281021,0,Commit,0,0
69281022,0,NewHeight,56756704,0
69281022,0,NewRound,0,0
69281022,0,Propose,0,0
69281022,0,Precommit,56756704,0
69281022,0,Commit,0,0
69281023,0,NewHeight,56756704,0
69281023,0,NewRound,0,0
69281023,0,Propose,0,0
69281023,0,Precommit,56756704,0
69281023,0,Commit,0,0
69281024,0,NewHeight,56756704,0
69281024,0,NewRound,0,0
69281024,0,Propose,0,0
69281024,0,Precommit,56756704,0
69281024,0,Commit,0,0
69281025,0,NewHeight,56756704,0
69281025,0,NewRound,0,0
69281025,0,Propose,0,0
69281025,0,Precommit,56756704,0
69281025,0,Commit,0,0
69281026,0,NewHeight,56756704,0
69281026,0,NewRound,0,0
69281026,0,Propose,0,0
69281026,0,Precommit,56756704,0
69281026,0,Commit,0,0
69281027,0,NewHeight,56756704,0
69281027,0,NewRound,0,0
69281027,0,Propose,0,0
69281027,0,Precommit,56756704,0
69281027,0,Commit,0,0
69281028,0,NewHeight,56756704,0
69281028,0,NewRound,0,0
69281028,0,Propose,0,0
69281028,0,Precommit,56756704,0
69281028,0,Commit,0,0
69281029,0,NewHeight,56756704,0
69281029,0,NewRound,0,0
69281029,0,Propose,0,0
69281029,0,Precommit,56756704,0
69281029,0,Commit,0,0
69281030,0,NewHeight,56756704,0
69281030,0,NewRound,0,0
69281030,0,Propose,0,0
69281030,0,Precommit,56756704,0
69281030,0,Commit,0,0
69281031,0,NewHeight,56756704,0
69281031,0,NewRound,0,0
69281031,0,Propose,0,0
69281031,0,Precommit,56756704,0
69281031,0,Commit,0,0
69281032,0,NewHeight,56756704,0
69281032,0,NewRound,0,0
69281032,0,Propose,0,0
69281032,0,Precommit,56756704,0
69281032,0,Commit,0,0
69281033,0,NewHeight,56756704,0
69281033,0,NewRound,56756704,0
69281033,0,Propose,0,0
69281033,0,Precommit,0,0
69281033,0,Commit,0,0
69281034,0,NewHeight,56756704,0
69281034,0,NewRound,56756704,0
69281034,0,Propose,0,0
69281034,0,Precommit,56756704,0
69281034,0,Commit,0,0
69281035,0,NewHeight,56756704,0
69281035,0,NewRound,0,0
69281035,0,Propose,0,0
69281035,0,Precommit,56756710,0
69281035,0,Commit,0,0
69281036,0,NewHeight,56756710,0
69281036,0,NewRound,0,0
69281036,0,Propose,0,0
69281036,0,Precommit,56756710,0
69281036,0,Commit,0,0
69281037,0,NewHeight,56756710,0
69281037,0,NewRound,56756710,0
69281037,0,Propose,0,0
69281037,0,Precommit,0,0
69281037,0,Commit,0,0
69281038,0,NewHeight,56756710,0
69281038,0,NewRound,56756710,0
69281038,0,Propose,0,0
69281038,0,Precommit,56756710,0
69281038,1,NewRound,56756710,0
69281038,1,Propose,0,0
69281038,1,Prevote,56756710,408367
69281038,1,Precommit,56756710,0
69281038,1,Commit,56756710,0
