72661354,true,0,NewHeight,0,0,0,0
72661354,true,0,NewRound,20,0,0,0
72661354,true,0,Propose,0,0,0,0
72661354,true,0,Prevote,2,0,0,57544795
72661354,true,0,Precommit,41,0,0,57544795
72661354,true,1,NewRound,72,0,0,57544795
72661354,true,1,Propose,0,0,0,0
72661354,true,1,Prevote,5,0,3239515,57544795
72661354,true,1,Precommit,35,0,0,57544795
72661354,true,1,Commit,55,0,0,57544795
72661379,true,0,NewHeight,0,0,0,0
72661379,true,0,NewRound,19,0,0,0
72661379,true,0,Propose,0,0,0,0
72661379,true,0,Prevote,2,0,0,57544796
72661379,true,0,Precommit,40,0,0,57544796
72661379,true,1,NewRound,73,0,0,57544796
72661379,true,1,Propose,0,0,0,0
72661379,true,1,Prevote,18,0,2286511,57544796
72661379,true,1,Precommit,24,0,0,57544796
72661379,true,1,Commit,53,0,0,57544796
72674080,true,0,NewHeight,0,0,0,0
72674080,true,0,NewRound,14,0,0,0
72674080,true,0,Propose,0,0,0,0
72674080,true,0,Prevote,9,0,0,57543588
72674080,true,0,Precommit,31,0,0,57543588
72674080,true,1,NewRound,74,0,0,57543588
72674080,true,1,Propose,0,0,0,0
72674080,true,1,Prevote,3,0,5562503,57543588
72674080,true,1,Precommit,39,0,0,57543588
72674080,true,1,Commit,45,0,0,57543588
72674376,true,0,NewHeight,0,0,0,0
72674376,true,0,NewRound,17,0,0,0
72674376,true,0,Propose,0,0,0,0
72674376,true,0,Prevote,1,0,0,57543589
72674376,true,0,Precommit,42,0,0,57543589
72674376,true,1,NewRound,69,0,0,57543589
72674376,true,1,Propose,0,0,0,0
72674376,true,1,Prevote,2,0,3231274,57543589
72674376,true,1,Precommit,37,0,0,57543589
72674376,true,1,Commit,52,0,0,57543589
72675548,true,0,NewHeight,0,0,0,0
72675548,true,0,NewRound,15,0,0,0
72675548,true,0,Propose,0,0,0,0
72675548,true,0,Prevote,2,0,0,57543734
72675548,true,0,Precommit,43,0,0,57543734
72675548,true,1,NewRound,70,0,0,57543734
72675548,true,1,Propose,0,0,0,0
72675548,true,1,Prevote,2,0,978409,57543734
72675548,true,1,Precommit,36,0,0,57543734
72675548,true,1,Commit,55,0,0,57543734
72677807,true,0,NewHeight,0,0,0,0
72677807,true,0,NewRound,17,0,0,0
72677807,true,0,Propose,0,0,0,0
72677807,true,0,Prevote,1,0,0,57544222
72677807,true,0,Precommit,43,0,0,57544222
72677807,true,1,NewRound,69,0,0,57544222
72677807,true,1,Propose,0,0,0,0
72677807,true,1,Prevote,2,0,8474900,57544222
72677807,true,1,Precommit,39,0,0,57544222
72677807,true,1,Commit,50,0,0,57544222
72677835,true,0,NewHeight,0,0,0,0
72677835,true,0,NewRound,20,0,0,0
72677835,true,0,Propose,0,0,0,0
72677835,true,0,Prevote,2,0,0,57544222
72677835,true,0,Precommit,43,0,0,57544222
72677835,true,1,NewRound,69,0,0,57544222
72677835,true,1,Propose,0,0,0,0
72677835,true,1,Prevote,2,0,4068764,57544222
72677835,true,1,Precommit,36,0,0,57544222
72677835,true,1,Commit,56,0,0,57544222
72677850,true,0,NewHeight,0,0,0,0
72677850,true,0,NewRound,18,0,0,0
72677850,true,0,Propose,0,0,0,0
72677850,true,0,Prevote,2,0,0,57544222
72677850,true,0,Precommit,39,0,0,57544222
72677850,true,1,NewRound,69,0,0,57544222
72677850,true,1,Propose,0,0,0,0
72677850,true,1,Prevote,8,0,8824624,57544222
72677850,true,1,Precommit,30,0,0,57544222
72677850,true,1,Commit,59,0,0,57544222
72678116,true,0,NewHeight,0,0,0,0
72678116,true,0,NewRound,17,0,0,0
72678116,true,0,Propose,0,0,0,0
72678116,true,0,Prevote,1,0,0,57544225
72678116,true,0,Precommit,41,0,0,57544225
72678116,true,1,NewRound,71,0,0,57544225
72678116,true,1,Propose,0,0,0,0
72678116,true,1,Prevote,2,0,2528646,57544225
72678116,true,1,Precommit,37,0,0,57544225
72678116,true,1,Commit,55,0,0,57544225
72679259,true,0,NewHeight,0,0,0,0
72679259,true,0,NewRound,19,0,0,0
72679259,true,0,Propose,0,0,0,0
72679259,true,0,Prevote,1,0,0,57542845
72679259,true,0,Precommit,40,0,0,57542845
72679259,true,1,NewRound,69,0,0,57542845
72679259,true,1,Propose,0,0,0,0
72679259,true,1,Prevote,14,0,978413,57542845
72679259,true,1,Precommit,24,0,0,57542845
72679259,true,1,Commit,60,0,0,57542845
72679314,true,0,NewHeight,0,0,0,0
72679314,true,0,NewRound,19,0,0,0
72679314,true,0,Propose,0,0,0,0
72679314,true,0,Prevote,1,0,0,57542845
72679314,true,0,Precommit,41,0,0,57542845
72679314,true,1,NewRound,73,0,0,57542845
72679314,true,1,Propose,0,0,0,0
72679314,true,1,Prevote,37,0,978413,57542845
72679314,true,1,Precommit,2,0,0,57542845
72679314,true,1,Commit,49,0,0,57542845
72685253,true,0,NewHeight,0,0,0,0
72685253,true,0,NewRound,20,0,0,0
72685253,true,0,Propose,0,0,0,0
72685253,true,0,Prevote,1,0,0,57594535
72685253,true,0,Precommit,40,0,0,57594535
72685253,true,1,NewRound,73,0,0,57594535
72685253,true,1,Propose,0,0,0,0
72685253,true,1,Prevote,2,0,978410,57594535
72685253,true,1,Precommit,36,0,0,57594535
72685253,true,1,Commit,56,0,0,57594535
72686375,true,0,NewHeight,0,0,0,0
72686375,true,0,NewRound,18,0,0,0
72686375,true,0,Propose,0,0,0,0
72686375,true,0,Prevote,2,0,0,57594604
72686375,true,0,Precommit,41,0,0,57594604
72686375,true,1,NewRound,72,0,0,57594604
72686375,true,1,Propose,0,0,0,0
72686375,true,1,Prevote,4,0,1921027,57594604
72686375,true,1,Precommit,35,0,0,57594604
72686375,true,1,Commit,51,0,0,57594604
72686847,true,0,NewHeight,0,0,0,0
72686847,true,0,NewRound,23,0,0,0
72686847,true,0,Propose,0,0,0,0
72686847,true,0,Prevote,2,0,0,57594345
72686847,true,0,Precommit,39,0,0,57594345
72686847,true,1,NewRound,73,0,0,57594345
72686847,true,1,Propose,0,0,0,0
72686847,true,1,Prevote,3,0,978417,57594345
72686847,true,1,Precommit,37,0,0,57594345
72686847,true,1,Commit,57,0,0,57594345
72688667,true,0,NewHeight,0,0,0,0
72688667,true,0,NewRound,20,0,0,0
72688667,true,0,Propose,0,0,0,0
72688667,true,0,Prevote,1,0,0,57595065
72688667,true,0,Precommit,42,0,0,57595065
72688667,true,1,NewRound,72,0,0,57595065
72688667,true,1,Propose,0,0,0,0
72688667,true,1,Prevote,3,0,978413,57595065
72688667,true,1,Precommit,37,0,0,57595065
72688667,true,1,Commit,51,0,0,57595065
72688759,true,0,NewHeight,0,0,0,0
72688759,true,0,NewRound,18,0,0,0
72688759,true,0,Propose,0,0,0,0
72688759,true,0,Prevote,2,0,0,57595089
72688759,true,0,Precommit,39,0,0,57595089
72688759,true,1,NewRound,74,0,0,57595089
72688759,true,1,Propose,0,0,0,0
72688759,true,1,Prevote,3,0,4068765,57595089
72688759,true,1,Precommit,38,0,0,57595089
72688759,true,1,Commit,53,0,0,57595089
72688772,true,0,NewHeight,13,0,0,57595104
72688772,true,0,NewRound,1,0,0,0
72688772,true,0,Propose,0,0,0,0
72688772,true,0,Prevote,30,0,0,57595104
72688772,true,0,Precommit,10,0,0,57595104
72688772,true,1,NewRound,73,0,0,57595104
72688772,true,1,Propose,0,0,0,0
72688772,true,1,Prevote,1,0,5021778,57595104
72688772,true,1,Precommit,40,0,0,57595104
72688772,true,1,Commit,51,0,0,57595104
72691543,true,0,NewHeight,0,0,0,0
72691543,true,0,NewRound,21,0,0,0
72691543,true,0,Propose,0,0,0,0
72691543,true,0,Prevote,2,0,0,57595240
72691543,true,0,Precommit,39,0,0,57595240
72691543,true,1,NewRound,73,0,0,57595240
72691543,true,1,Propose,0,0,0,0
72691543,true,1,Prevote,1,0,891600,57595240
72691543,true,1,Precommit,38,0,0,57595240
72691543,true,1,Commit,55,0,0,57595240
72693262,true,0,NewHeight,0,0,0,0
72693262,true,0,NewRound,20,0,0,0
72693262,true,0,Propose,0,0,0,0
72693262,true,0,Prevote,1,0,0,57595162
72693262,true,0,Precommit,41,0,0,57595162
72693262,true,1,NewRound,73,0,0,57595162
72693262,true,1,Propose,0,0,0,0
72693262,true,1,Prevote,1,0,978434,57595162
72693262,true,1,Precommit,40,0,0,57595162
72693262,true,1,Commit,52,0,0,57595162
72693317,true,0,NewHeight,0,0,0,0
72693317,true,0,NewRound,20,0,0,0
72693317,true,0,Propose,0,0,0,0
72693317,true,0,Prevote,2,0,0,57595162
72693317,true,0,Precommit,41,0,0,57595162
72693317,true,1,NewRound,72,0,0,57595162
72693317,true,1,Propose,0,0,0,0
72693317,true,1,Prevote,3,0,978434,57595162
72693317,true,1,Precommit,34,0,0,57595162
72693317,true,1,Commit,56,0,0,57595162
72693495,true,0,NewHeight,0,0,0,0
72693495,true,0,NewRound,18,0,0,0
72693495,true,0,Propose,0,0,0,0
72693495,true,0,Prevote,2,0,0,57595165
72693495,true,0,Precommit,40,0,0,57595165
72693495,true,1,NewRound,73,0,0,57595165
72693495,true,1,Propose,0,0,0,0
72693495,true,1,Prevote,1,0,978435,57595165
72693495,true,1,Precommit,40,0,0,57595165
72693495,true,1,Commit,53,0,0,57595165
72697500,true,0,NewHeight,0,0,0,0
72697500,true,0,NewRound,15,0,0,0
72697500,true,0,Propose,0,0,0,0
72697500,true,0,Prevote,2,0,0,57594590
72697500,true,0,Precommit,42,0,0,57594590
72697500,true,1,NewRound,68,0,0,57594590
72697500,true,1,Propose,0,0,0,0
72697500,true,1,Prevote,8,0,2511816,57594590
72697500,true,1,Precommit,32,0,0,57594590
72697500,true,1,Commit,51,0,0,57594590
72697615,true,0,NewHeight,0,0,0,0
72697615,true,0,NewRound,21,0,0,0
72697615,true,0,Propose,0,0,0,0
72697615,true,0,Prevote,1,0,0,57594590
72697615,true,0,Precommit,41,0,0,57594590
72697615,true,1,NewRound,71,0,0,57594590
72697615,true,1,Propose,0,0,0,0
72697615,true,1,Prevote,1,0,1931433,57594590
72697615,true,1,Precommit,39,0,0,57594590
72697615,true,1,Commit,51,0,0,57594590
72697680,true,0,NewHeight,0,0,0,0
72697680,true,0,NewRound,19,0,0,0
72697680,true,0,Propose,0,0,0,0
72697680,true,0,Prevote,2,0,0,57594590
72697680,true,0,Precommit,39,0,0,57594590
72697680,true,1,NewRound,70,0,0,57594590
72697680,true,1,Propose,0,0,0,0
72697680,true,1,Prevote,1,0,978438,57594590
72697680,true,1,Precommit,40,0,0,57594590
72697680,true,1,Commit,54,0,0,57594590
72697736,true,0,NewHeight,0,0,0,0
72697736,true,0,NewRound,20,0,0,0
72697736,true,0,Propose,0,0,0,0
72697736,true,0,Prevote,1,0,0,57594590
72697736,true,0,Precommit,42,0,0,57594590
72697736,true,1,NewRound,70,0,0,57594590
72697736,true,1,Propose,0,0,0,0
72697736,true,1,Prevote,1,0,978438,57594590
72697736,true,1,Precommit,39,0,0,57594590
72697736,true,1,Commit,57,0,0,57594590
72699984,true,0,NewHeight,0,0,0,0
72699984,true,0,NewRound,22,0,0,0
72699984,true,0,Propose,0,0,0,0
72699984,true,0,Prevote,1,0,0,57599729
72699984,true,0,Precommit,42,0,0,57599729
72699984,true,1,NewRound,68,0,0,57599729
72699984,true,1,Propose,0,0,0,0
72699984,true,1,Prevote,1,0,4068768,57599729
72699984,true,1,Precommit,41,0,0,57599729
72699984,true,1,Commit,54,0,0,57599729
72702978,true,0,NewHeight,0,0,0,0
72702978,true,0,NewRound,21,0,0,0
72702978,true,0,Propose,0,0,0,0
72702978,true,0,Prevote,1,0,0,57599796
72702978,true,0,Precommit,40,0,0,57599796
72702978,true,1,NewRound,72,0,0,57599796
72702978,true,1,Propose,0,0,0,0
72702978,true,1,Prevote,0,0,1279827,0
72702978,true,1,Precommit,42,0,0,57599796
72702978,true,1,Commit,48,0,0,57599796
72703090,true,0,NewHeight,0,0,0,0
72703090,true,0,NewRound,20,0,0,0
72703090,true,0,Propose,0,0,0,0
72703090,true,0,Prevote,1,0,0,57599864
72703090,true,0,Precommit,41,0,0,57599864
72703090,true,1,NewRound,73,0,0,57599864
72703090,true,1,Propose,0,0,0,0
72703090,true,1,Prevote,2,0,978457,57599864
72703090,true,1,Precommit,38,0,0,57599864
72703090,true,1,Commit,56,0,0,57599864
72703327,true,0,NewHeight,0,0,0,0
72703327,true,0,NewRound,20,0,0,0
72703327,true,0,Propose,0,0,0,0
72703327,true,0,Prevote,1,0,0,57599798
72703327,true,0,Precommit,41,0,0,57599798
72703327,true,1,NewRound,74,0,0,57599798
72703327,true,1,Propose,0,0,0,0
72703327,true,1,Prevote,7,0,978457,57599798
72703327,true,1,Precommit,35,0,0,57599798
72703327,true,1,Commit,58,0,0,57599798
72722520,true,0,NewHeight,0,0,0,0
72722520,true,0,NewRound,21,0,0,0
72722520,true,0,Propose,0,0,0,0
72722520,true,0,Prevote,1,0,0,57614172
72722520,true,0,Precommit,37,0,0,57614172
72722520,true,1,NewRound,79,0,0,57614172
72722520,true,1,Propose,0,0,0,0
72722520,true,1,Prevote,0,0,978157,0
72722520,true,1,Precommit,40,0,0,57614172
72722520,true,1,Commit,51,0,0,57614172
72722585,true,0,NewHeight,0,0,0,0
72722585,true,0,NewRound,20,0,0,0
72722585,true,0,Propose,0,0,0,0
72722585,true,0,Prevote,1,0,0,57614175
72722585,true,0,Precommit,40,0,0,57614175
72722585,true,1,NewRound,74,0,0,57614175
72722585,true,1,Propose,0,0,0,0
72722585,true,1,Prevote,17,0,978157,57614175
72722585,true,1,Precommit,22,0,0,57614175
72722585,true,1,Commit,43,0,0,57614175
72722644,true,0,NewHeight,0,0,0,0
72722644,true,0,NewRound,20,0,0,0
72722644,true,0,Propose,0,0,0,0
72722644,true,0,Prevote,1,0,0,57614258
72722644,true,0,Precommit,38,0,0,57614258
72722644,true,1,NewRound,71,0,0,57614258
72722644,true,1,Propose,0,0,0,0
72722644,true,1,Prevote,16,0,1408665,57614258
72722644,true,1,Precommit,21,0,0,57614258
72722644,true,1,Commit,50,0,0,57614258
72722653,true,0,NewHeight,0,0,0,0
72722653,true,0,NewRound,17,0,0,0
72722653,true,0,Propose,0,0,0,0
72722653,true,0,Prevote,21,0,0,57614258
72722653,true,0,Precommit,20,0,0,57614258
72722653,true,1,NewRound,69,0,0,57614258
72722653,true,1,Propose,0,0,0,0
72722653,true,1,Prevote,1,0,6401980,57614258
72722653,true,1,Precommit,41,0,0,57614258
72722653,true,1,Commit,49,0,0,57614258
72722667,true,0,NewHeight,0,0,0,0
72722667,true,0,NewRound,19,0,0,0
72722667,true,0,Propose,0,0,0,0
72722667,true,0,Prevote,19,0,0,57614260
72722667,true,0,Precommit,22,0,0,57614260
72722667,true,1,NewRound,72,0,0,57614260
72722667,true,1,Propose,0,0,0,0
72722667,true,1,Prevote,7,0,5046557,57614260
72722667,true,1,Precommit,37,0,0,57614260
72722667,true,1,Commit,52,0,0,57614260
72722700,true,0,NewHeight,0,0,0,0
72722700,true,0,NewRound,19,0,0,0
72722700,true,0,Propose,0,0,0,0
72722700,true,0,Prevote,4,0,0,57614260
72722700,true,0,Precommit,40,0,0,57614260
72722700,true,1,NewRound,70,0,0,57614260
72722700,true,1,Propose,0,0,0,0
72722700,true,1,Prevote,3,0,2873764,57614260
72722700,true,1,Precommit,35,0,0,57614260
72722700,true,1,Commit,51,0,0,57614260
72722819,true,0,NewHeight,0,0,0,0
72722819,true,0,NewRound,20,0,0,0
72722819,true,0,Propose,0,0,0,0
72722819,true,0,Prevote,1,0,0,57614639
72722819,true,0,Precommit,39,0,0,57614639
72722819,true,1,NewRound,70,0,0,57614639
72722819,true,1,Propose,0,0,0,0
72722819,true,1,Prevote,0,0,1931156,0
72722819,true,1,Precommit,41,0,0,57614639
72722819,true,1,Commit,53,0,0,57614639
72722876,true,0,NewHeight,0,0,0,0
72722876,true,0,NewRound,17,0,0,0
72722876,true,0,Propose,0,0,0,0
72722876,true,0,Prevote,1,0,0,57614939
72722876,true,0,Precommit,42,0,0,57614939
72722876,true,1,NewRound,67,0,0,57614939
72722876,true,1,Propose,0,0,0,0
72722876,true,1,Prevote,2,0,1654845,57614939
72722876,true,1,Precommit,37,0,0,57614939
72722876,true,1,Commit,57,0,0,57614939
72722939,true,0,NewHeight,0,0,0,0
72722939,true,0,NewRound,21,0,0,0
72722939,true,0,Propose,0,0,0,0
72722939,true,0,Prevote,2,0,0,57615239
72722939,true,0,Precommit,39,0,0,57615239
72722939,true,1,NewRound,74,0,0,57615239
72722939,true,1,Propose,0,0,0,0
72722939,true,1,Prevote,7,0,978158,57615239
72722939,true,1,Precommit,34,0,0,57615239
72722939,true,1,Commit,52,0,0,57615239
72722996,true,0,NewHeight,0,0,0,0
72722996,true,0,NewRound,22,0,0,0
72722996,true,0,Propose,0,0,0,0
72722996,true,0,Prevote,1,0,0,57615240
72722996,true,0,Precommit,39,0,0,57615240
72722996,true,1,NewRound,75,0,0,57615240
72722996,true,1,Propose,0,0,0,0
72722996,true,1,Prevote,4,0,978158,57615240
72722996,true,1,Precommit,35,0,0,57615240
72722996,true,1,Commit,51,0,0,57615240
72723113,true,0,NewHeight,0,0,0,0
72723113,true,0,NewRound,19,0,0,0
72723113,true,0,Propose,0,0,0,0
72723113,true,0,Prevote,3,0,0,57615242
72723113,true,0,Precommit,36,0,0,57615242
72723113,true,1,NewRound,75,0,0,57615242
72723113,true,1,Propose,0,0,0,0
72723113,true,1,Prevote,10,0,978158,57615242
72723113,true,1,Precommit,30,0,0,57615242
72723113,true,1,Commit,53,0,0,57615242
72723170,true,0,NewHeight,0,0,0,0
72723170,true,0,NewRound,18,0,0,0
72723170,true,0,Propose,0,0,0,0
72723170,true,0,Prevote,1,0,0,57615242
72723170,true,0,Precommit,41,0,0,57615242
72723170,true,1,NewRound,73,0,0,57615242
72723170,true,1,Propose,0,0,0,0
72723170,true,1,Prevote,1,0,978158,57615242
72723170,true,1,Precommit,38,0,0,57615242
72723170,true,1,Commit,54,0,0,57615242
72723226,true,0,NewHeight,0,0,0,0
72723226,true,0,NewRound,18,0,0,0
72723226,true,0,Propose,0,0,0,0
72723226,true,0,Prevote,1,0,0,57615242
72723226,true,0,Precommit,43,0,0,57615242
72723226,true,1,NewRound,71,0,0,57615242
72723226,true,1,Propose,0,0,0,0
72723226,true,1,Prevote,5,0,3465761,57615242
72723226,true,1,Precommit,34,0,0,57615242
72723226,true,1,Commit,52,0,0,57615242
72723410,true,0,NewHeight,0,0,0,0
72723410,true,0,NewRound,22,0,0,0
72723410,true,0,Propose,0,0,0,0
72723410,true,0,Prevote,2,0,0,57615243
72723410,true,0,Precommit,41,0,0,57615243
72723410,true,1,NewRound,73,0,0,57615243
72723410,true,1,Propose,0,0,0,0
72723410,true,1,Prevote,4,0,978158,57615243
72723410,true,1,Precommit,36,0,0,57615243
72723410,true,1,Commit,55,0,0,57615243
72723469,true,0,NewHeight,0,0,0,0
72723469,true,0,NewRound,20,0,0,0
72723469,true,0,Propose,0,0,0,0
72723469,true,0,Prevote,2,0,0,57615243
72723469,true,0,Precommit,40,0,0,57615243
72723469,true,1,NewRound,73,0,0,57615243
72723469,true,1,Propose,0,0,0,0
72723469,true,1,Prevote,0,0,978158,0
72723469,true,1,Precommit,38,0,0,57615243
72723469,true,1,Commit,56,0,0,57615243
72723524,true,0,NewHeight,0,0,0,0
72723524,true,0,NewRound,17,0,0,0
72723524,true,0,Propose,0,0,0,0
72723524,true,0,Prevote,2,0,0,57615243
72723524,true,0,Precommit,38,0,0,57615243
72723524,true,1,NewRound,73,0,0,57615243
72723524,true,1,Propose,0,0,0,0
72723524,true,1,Prevote,1,0,978158,57615243
72723524,true,1,Precommit,39,0,0,57615243
72723524,true,1,Commit,54,0,0,57615243
72723583,true,0,NewHeight,0,0,0,0
72723583,true,0,NewRound,19,0,0,0
72723583,true,0,Propose,0,0,0,0
72723583,true,0,Prevote,2,0,0,57615240
72723583,true,0,Precommit,39,0,0,57615240
72723583,true,1,NewRound,72,0,0,57615240
72723583,true,1,Propose,0,0,0,0
72723583,true,1,Prevote,4,0,1920766,57615240
72723583,true,1,Precommit,38,0,0,57615240
72723583,true,1,Commit,55,0,0,57615240
72723644,true,0,NewHeight,0,0,0,0
72723644,true,0,NewRound,20,0,0,0
72723644,true,0,Propose,0,0,0,0
72723644,true,0,Prevote,1,0,0,57615240
72723644,true,0,Precommit,40,0,0,57615240
72723644,true,1,NewRound,73,0,0,57615240
72723644,true,1,Propose,0,0,0,0
72723644,true,1,Prevote,3,0,978158,57615240
72723644,true,1,Precommit,33,0,0,57615240
72723644,true,1,Commit,60,0,0,57615240
72724115,true,0,NewHeight,0,0,0,0
72724115,true,0,NewRound,19,0,0,0
72724115,true,0,Propose,0,0,0,0
72724115,true,0,Prevote,3,0,0,57615523
72724115,true,0,Precommit,38,0,0,57615523
72724115,true,1,NewRound,74,0,0,57615523
72724115,true,1,Propose,0,0,0,0
72724115,true,1,Prevote,0,0,978158,0
72724115,true,1,Precommit,41,0,0,57615523
72724115,true,1,Commit,55,0,0,57615523
72724230,true,0,NewHeight,0,0,0,0
72724230,true,0,NewRound,18,0,0,0
72724230,true,0,Propose,0,0,0,0
72724230,true,0,Prevote,2,0,0,57615523
72724230,true,0,Precommit,40,0,0,57615523
72724230,true,1,NewRound,73,0,0,57615523
72724230,true,1,Propose,0,0,0,0
72724230,true,1,Prevote,8,0,1931156,57615523
72724230,true,1,Precommit,33,0,0,57615523
72724230,true,1,Commit,53,0,0,57615523
72724350,true,0,NewHeight,0,0,0,0
72724350,true,0,NewRound,20,0,0,0
72724350,true,0,Propose,0,0,0,0
72724350,true,0,Prevote,1,0,0,57615503
72724350,true,0,Precommit,41,0,0,57615503
72724350,true,1,NewRound,71,0,0,57615503
72724350,true,1,Propose,0,0,0,0
72724350,true,1,Prevote,2,0,978158,57615503
72724350,true,1,Precommit,36,0,0,57615503
72724350,true,1,Commit,58,0,0,57615503
72724408,true,0,NewHeight,0,0,0,0
72724408,true,0,NewRound,21,0,0,0
72724408,true,0,Propose,0,0,0,0
72724408,true,0,Prevote,1,0,0,57615505
72724408,true,0,Precommit,40,0,0,57615505
72724408,true,1,NewRound,73,0,0,57615505
72724408,true,1,Propose,0,0,0,0
72724408,true,1,Prevote,11,0,1931156,57615505
72724408,true,1,Precommit,26,0,0,57615505
72724408,true,1,Commit,58,0,0,57615505
72724584,true,0,NewHeight,0,0,0,0
72724584,true,0,NewRound,17,0,0,0
72724584,true,0,Propose,0,0,0,0
72724584,true,0,Prevote,1,0,0,57615512
72724584,true,0,Precommit,41,0,0,57615512
72724584,true,1,NewRound,73,0,0,57615512
72724584,true,1,Propose,0,0,0,0
72724584,true,1,Prevote,1,0,978158,57615512
72724584,true,1,Precommit,40,0,0,57615512
72724584,true,1,Commit,51,0,0,57615512
72724766,true,0,NewHeight,0,0,0,0
72724766,true,0,NewRound,19,0,0,0
72724766,true,0,Propose,0,0,0,0
72724766,true,0,Prevote,2,0,0,57615513
72724766,true,0,Precommit,40,0,0,57615513
72724766,true,1,NewRound,73,0,0,57615513
72724766,true,1,Propose,0,0,0,0
72724766,true,1,Prevote,1,0,978158,57615513
72724766,true,1,Precommit,39,0,0,57615513
72724766,true,1,Commit,51,0,0,57615513
72724825,true,0,NewHeight,0,0,0,0
72724825,true,0,NewRound,22,0,0,0
72724825,true,0,Propose,0,0,0,0
72724825,true,0,Prevote,1,0,0,57615510
72724825,true,0,Precommit,40,0,0,57615510
72724825,true,1,NewRound,74,0,0,57615510
72724825,true,1,Propose,0,0,0,0
72724825,true,1,Prevote,7,0,978158,57615510
72724825,true,1,Precommit,33,0,0,57615510
72724825,true,1,Commit,50,0,0,57615510
72725297,true,0,NewHeight,0,0,0,0
72725297,true,0,NewRound,19,0,0,0
72725297,true,0,Propose,0,0,0,0
72725297,true,0,Prevote,2,0,0,57615493
72725297,true,0,Precommit,37,0,0,57615493
72725297,true,1,NewRound,75,0,0,57615493
72725297,true,1,Propose,0,0,0,0
72725297,true,1,Prevote,5,0,1931138,57615493
72725297,true,1,Precommit,35,0,0,57615493
72725297,true,1,Commit,53,0,0,57615493
72733446,true,0,NewHeight,0,0,0,0
72733446,true,0,NewRound,24,0,0,0
72733446,true,0,Propose,0,0,0,0
72733446,true,0,Prevote,2,0,0,57610172
72733446,true,0,Precommit,39,0,0,57610172
72733446,true,1,NewRound,73,0,0,57610172
72733446,true,1,Propose,0,0,0,0
72733446,true,1,Prevote,2,0,4068401,57610172
72733446,true,1,Precommit,38,0,0,57610172
72733446,true,1,Commit,53,0,0,57610172
72733458,true,0,NewHeight,0,0,0,0
72733458,true,0,NewRound,18,0,0,0
72733458,true,0,Propose,0,0,0,0
72733458,true,0,Prevote,3,0,0,57610172
72733458,true,0,Precommit,39,0,0,57610172
72733458,true,1,NewRound,71,0,0,57610172
72733458,true,1,Propose,0,0,0,0
72733458,true,1,Prevote,1,0,7241945,57610172
72733458,true,1,Precommit,40,0,0,57610172
72733458,true,1,Commit,50,0,0,57610172
72733473,true,0,NewHeight,0,0,0,0
72733473,true,0,NewRound,19,0,0,0
72733473,true,0,Propose,0,0,0,0
72733473,true,0,Prevote,1,0,0,57610172
72733473,true,0,Precommit,39,0,0,57610172
72733473,true,1,NewRound,74,0,0,57610172
72733473,true,1,Propose,0,0,0,0
72733473,true,1,Prevote,2,0,4068401,57610172
72733473,true,1,Precommit,39,0,0,57610172
72733473,true,1,Commit,54,0,0,57610172
72733486,true,0,NewHeight,0,0,0,0
72733486,true,0,NewRound,20,0,0,0
72733486,true,0,Propose,0,0,0,0
72733486,true,0,Prevote,2,0,0,57610172
72733486,true,0,Precommit,39,0,0,57610172
72733486,true,1,NewRound,73,0,0,57610172
72733486,true,1,Propose,0,0,0,0
72733486,true,1,Prevote,6,0,4068401,57610172
72733486,true,1,Precommit,33,0,0,57610172
72733486,true,1,Commit,54,0,0,57610172
72737199,true,0,NewHeight,0,0,0,0
72737199,true,0,NewRound,19,0,0,0
72737199,true,0,Propose,0,0,0,0
72737199,true,0,Prevote,3,0,0,57565406
72737199,true,0,Precommit,41,0,0,57565406
72737199,true,1,NewRound,76,0,0,57565406
72737199,true,1,Propose,0,0,0,0
72737199,true,1,Prevote,2,0,2109302,57565406
72737199,true,1,Precommit,39,0,0,57565406
72737199,true,1,Commit,49,0,0,57565406
72739813,true,0,NewHeight,0,0,0,0
72739813,true,0,NewRound,20,0,0,0
72739813,true,0,Propose,0,0,0,0
72739813,true,0,Prevote,1,0,0,57565630
72739813,true,0,PrevoteWait,40,0,0,57565630
72739813,true,0,Precommit,19,0,0,57565630
72739813,true,1,NewRound,60,0,0,57565630
72739813,true,1,Propose,0,0,0,0
72739813,true,1,Prevote,4,0,320460,57565630
72739813,true,1,Precommit,35,0,0,57565630
72739813,true,1,Commit,55,0,0,57565630
72744735,true,0,NewHeight,0,0,0,0
72744735,true,0,NewRound,18,0,0,0
72744735,true,0,Propose,0,0,0,0
72744735,true,0,Prevote,1,0,0,57568108
72744735,true,0,Precommit,42,0,0,57568108
72744735,true,1,NewRound,69,0,0,57568108
72744735,true,1,Propose,0,0,0,0
72744735,true,1,Prevote,4,0,6554636,57568108
72744735,true,1,Precommit,36,0,0,57568108
72744735,true,1,Commit,55,0,0,57568108
72744750,true,0,NewHeight,0,0,0,0
72744750,true,0,NewRound,21,0,0,0
72744750,true,0,Propose,0,0,0,0
72744750,true,0,Prevote,2,0,0,57568109
72744750,true,0,Precommit,41,0,0,57568109
72744750,true,1,NewRound,71,0,0,57568109
72744750,true,1,Propose,0,0,0,0
72744750,true,1,Prevote,0,0,4068401,0
72744750,true,1,Precommit,43,0,0,57568109
72744750,true,1,Commit,50,0,0,57568109
72750338,true,0,NewHeight,0,0,0,0
72750338,true,0,NewRound,21,0,0,0
72750338,true,0,Propose,0,0,0,0
72750338,true,0,Prevote,1,0,0,57615376
72750338,true,0,Precommit,41,0,0,57615376
72750338,true,1,NewRound,72,0,0,57615376
72750338,true,1,Propose,0,0,0,0
72750338,true,1,Prevote,2,0,287646,57615376
72750338,true,1,Precommit,37,0,0,57615376
72750338,true,1,Commit,52,0,0,57615376
72750529,true,0,NewHeight,0,0,0,0
72750529,true,0,NewRound,20,0,0,0
72750529,true,0,Propose,0,0,0,0
72750529,true,0,Prevote,1,0,0,57615402
72750529,true,0,Precommit,41,0,0,57615402
72750529,true,1,NewRound,72,0,0,57615402
72750529,true,1,Propose,0,0,0,0
72750529,true,1,Prevote,5,0,1240436,57615402
72750529,true,1,Precommit,34,0,0,57615402
72750529,true,1,Commit,51,0,0,57615402
72750929,true,0,NewHeight,0,0,0,0
72750929,true,0,NewRound,19,0,0,0
72750929,true,0,Propose,0,0,0,0
72750929,true,0,Prevote,1,0,0,57615407
72750929,true,0,Precommit,41,0,0,57615407
72750929,true,1,NewRound,71,0,0,57615407
72750929,true,1,Propose,0,0,0,0
72750929,true,1,Prevote,1,0,1560896,57615407
72750929,true,1,Precommit,39,0,0,57615407
72750929,true,1,Commit,51,0,0,57615407
72752138,true,0,NewHeight,0,0,0,0
72752138,true,0,NewRound,19,0,0,0
72752138,true,0,Propose,0,0,0,0
72752138,true,0,Prevote,2,0,0,57615553
72752138,true,0,Precommit,36,0,0,57615553
72752138,true,1,NewRound,74,0,0,57615553
72752138,true,1,Propose,0,0,0,0
72752138,true,1,Prevote,7,0,3461065,57615553
72752138,true,1,Precommit,30,0,0,57615553
72752138,true,1,Commit,56,0,0,57615553
72752343,true,0,NewHeight,0,0,0,0
72752343,true,0,NewRound,19,0,0,0
72752343,true,0,Propose,0,0,0,0
72752343,true,0,Prevote,6,0,0,57615553
72752343,true,0,Precommit,38,0,0,57615553
72752343,true,1,NewRound,72,0,0,57615553
72752343,true,1,Propose,0,0,0,0
72752343,true,1,Prevote,4,0,964333,57615553
72752343,true,1,Precommit,36,0,0,57615553
72752343,true,1,Commit,55,0,0,57615553
72752526,true,0,NewHeight,0,0,0,0
72752526,true,0,NewRound,22,0,0,0
72752526,true,0,Propose,0,0,0,0
72752526,true,0,Prevote,3,0,0,57615587
72752526,true,0,Precommit,39,0,0,57615587
72752526,true,1,NewRound,72,0,0,57615587
72752526,true,1,Propose,0,0,0,0
72752526,true,1,Prevote,1,0,287646,57615587
72752526,true,1,Precommit,37,0,0,57615587
72752526,true,1,Commit,54,0,0,57615587
72752735,true,0,NewHeight,0,0,0,0
72752735,true,0,NewRound,20,0,0,0
72752735,true,0,Propose,0,0,0,0
72752735,true,0,Prevote,1,0,0,57615588
72752735,true,0,Precommit,42,0,0,57615588
72752735,true,1,NewRound,71,0,0,57615588
72752735,true,1,Propose,0,0,0,0
72752735,true,1,Prevote,2,0,287646,57615588
72752735,true,1,Precommit,34,0,0,57615588
72752735,true,1,Commit,57,0,0,57615588
72753344,true,0,NewHeight,0,0,0,0
72753344,true,0,NewRound,20,0,0,0
72753344,true,0,Propose,0,0,0,0
72753344,true,0,Prevote,2,0,0,57615570
72753344,true,0,Precommit,39,0,0,57615570
72753344,true,1,NewRound,73,0,0,57615570
72753344,true,1,Propose,0,0,0,0
72753344,true,1,Prevote,2,0,287646,57615570
72753344,true,1,Precommit,32,0,0,57615570
72753344,true,1,Commit,60,0,0,57615570
72754330,true,0,NewHeight,0,0,0,0
72754330,true,0,NewRound,20,0,0,0
72754330,true,0,Propose,0,0,0,0
72754330,true,0,Prevote,3,0,0,57615536
72754330,true,0,Precommit,38,0,0,57615536
72754330,true,1,NewRound,72,0,0,57615536
72754330,true,1,Propose,0,0,0,0
72754330,true,1,Prevote,5,0,1821100,57615536
72754330,true,1,Precommit,35,0,0,57615536
72754330,true,1,Commit,53,0,0,57615536
72754475,true,0,NewHeight,0,0,0,0
72754475,true,0,NewRound,18,0,0,0
72754475,true,0,Propose,0,0,0,0
72754475,true,0,Prevote,3,0,0,57615537
72754475,true,0,Precommit,37,0,0,57615537
72754475,true,1,NewRound,70,0,0,57615537
72754475,true,1,Propose,0,0,0,0
72754475,true,1,Prevote,4,0,2754116,57615537
72754475,true,1,Precommit,39,0,0,57615537
72754475,true,1,Commit,53,0,0,57615537
72754530,true,0,NewHeight,0,0,0,0
72754530,true,0,NewRound,19,0,0,0
72754530,true,0,Propose,0,0,0,0
72754530,true,0,Prevote,3,0,0,57615495
72754530,true,0,Precommit,37,0,0,57615495
72754530,true,1,NewRound,69,0,0,57615495
72754530,true,1,Propose,0,0,0,0
72754530,true,1,Prevote,2,0,1811483,57615495
72754530,true,1,Precommit,37,0,0,57615495
72754530,true,1,Commit,52,0,0,57615495
72754580,true,0,NewHeight,0,0,0,0
72754580,true,0,NewRound,19,0,0,0
72754580,true,0,Propose,0,0,0,0
72754580,true,0,Prevote,2,0,0,57615495
72754580,true,0,Precommit,37,0,0,57615495
72754580,true,1,NewRound,73,0,0,57615495
72754580,true,1,Propose,0,0,0,0
72754580,true,1,Prevote,1,0,858693,57615495
72754580,true,1,Precommit,37,0,0,57615495
72754580,true,1,Commit,51,0,0,57615495
72754734,true,0,NewHeight,0,0,0,0
72754734,true,0,NewRound,16,0,0,0
72754734,true,0,Propose,0,0,0,0
72754734,true,0,Prevote,3,0,0,57615491
72754734,true,0,Precommit,38,0,0,57615491
72754734,true,1,NewRound,69,0,0,57615491
72754734,true,1,Propose,0,0,0,0
72754734,true,1,Prevote,1,0,2779458,57615491
72754734,true,1,Precommit,38,0,0,57615491
72754734,true,1,Commit,55,0,0,57615491
72754745,true,0,NewHeight,0,0,0,0
72754745,true,0,NewRound,19,0,0,0
72754745,true,0,Propose,0,0,0,0
72754745,true,0,Prevote,2,0,0,57615491
72754745,true,0,Precommit,38,0,0,57615491
72754745,true,1,NewRound,71,0,0,57615491
72754745,true,1,Propose,0,0,0,0
72754745,true,1,Prevote,4,0,2245149,57615491
72754745,true,1,Precommit,35,0,0,57615491
72754745,true,1,Commit,52,0,0,57615491
72754779,true,0,NewHeight,0,0,0,0
72754779,true,0,NewRound,19,0,0,0
72754779,true,0,Propose,0,0,0,0
72754779,true,0,Prevote,4,0,0,57615491
72754779,true,0,Precommit,37,0,0,57615491
72754779,true,1,NewRound,73,0,0,57615491
72754779,true,1,Propose,0,0,0,0
72754779,true,1,Prevote,2,0,858693,57615491
72754779,true,1,Precommit,39,0,0,57615491
72754779,true,1,Commit,52,0,0,57615491
72755192,true,0,NewHeight,0,0,0,0
72755192,true,0,NewRound,21,0,0,0
72755192,true,0,Propose,0,0,0,0
72755192,true,0,Prevote,12,0,0,57615483
72755192,true,0,Precommit,29,0,0,57615483
72755192,true,1,NewRound,73,0,0,57615483
72755192,true,1,Propose,0,0,0,0
72755192,true,1,Prevote,20,0,858694,57615483
72755192,true,1,Precommit,16,0,0,57615483
72755192,true,1,Commit,54,0,0,57615483
72755287,true,0,NewHeight,0,0,0,0
72755287,true,0,NewRound,22,0,0,0
72755287,true,0,Propose,0,0,0,0
72755287,true,0,Prevote,2,0,0,57615483
72755287,true,0,Precommit,40,0,0,57615483
72755287,true,1,NewRound,72,0,0,57615483
72755287,true,1,Propose,0,0,0,0
72755287,true,1,Prevote,1,0,858694,57615483
72755287,true,1,Precommit,35,0,0,57615483
72755287,true,1,Commit,59,0,0,57615483
72755346,true,0,NewHeight,0,0,0,0
72755346,true,0,NewRound,17,0,0,0
72755346,true,0,Propose,0,0,0,0
72755346,true,0,Prevote,6,0,0,57615484
72755346,true,0,Precommit,35,0,0,57615484
72755346,true,1,NewRound,70,0,0,57615484
72755346,true,1,Propose,0,0,0,0
72755346,true,1,Prevote,3,0,858694,57615484
72755346,true,1,Precommit,39,0,0,57615484
72755346,true,1,Commit,45,0,0,57615484
72755389,true,0,NewHeight,0,0,0,0
72755389,true,0,NewRound,21,0,0,0
72755389,true,0,Propose,0,0,0,0
72755389,true,0,Prevote,2,0,0,57615484
72755389,true,0,Precommit,39,0,0,57615484
72755389,true,1,NewRound,75,0,0,57615484
72755389,true,1,Propose,0,0,0,0
72755389,true,1,Prevote,4,0,571048,57615484
72755389,true,1,Precommit,34,0,0,57615484
72755389,true,1,Commit,54,0,0,57615484
72755690,true,0,NewHeight,0,0,0,0
72755690,true,0,NewRound,16,0,0,0
72755690,true,0,Propose,0,0,0,0
72755690,true,0,Prevote,2,0,0,57615518
72755690,true,0,Precommit,41,0,0,57615518
72755690,true,1,NewRound,73,0,0,57615518
72755690,true,1,Propose,0,0,0,0
72755690,true,1,Prevote,2,0,571048,57615518
72755690,true,1,Precommit,38,0,0,57615518
72755690,true,1,Commit,50,0,0,57615518
72755696,true,0,NewHeight,0,0,0,0
72755696,true,0,NewRound,16,0,0,0
72755696,true,0,Propose,0,0,0,0
72755696,true,0,Prevote,3,0,0,57615530
72755696,true,0,Precommit,38,0,0,57615530
72755696,true,1,NewRound,70,0,0,57615530
72755696,true,1,Propose,0,0,0,0
72755696,true,1,Prevote,1,0,4639454,57615530
72755696,true,1,Precommit,38,0,0,57615530
72755696,true,1,Commit,52,0,0,57615530
72755711,true,0,NewHeight,0,0,0,0
72755711,true,0,NewRound,2,0,0,0
72755711,true,0,Propose,0,0,0,0
72755711,true,0,Prevote,29,0,0,57615530
72755711,true,0,Precommit,12,0,0,57615530
72755711,true,1,NewRound,70,0,0,57615530
72755711,true,1,Propose,0,0,0,0
72755711,true,1,Prevote,0,0,5582087,0
72755711,true,1,Precommit,34,0,0,57615530
72755711,true,1,Commit,58,0,0,57615530
72755724,true,0,NewHeight,0,0,0,0
72755724,true,0,NewRound,17,0,0,0
72755724,true,0,Propose,0,0,0,0
72755724,true,0,Prevote,1,0,0,57615530
72755724,true,0,Precommit,38,0,0,57615530
72755724,true,1,NewRound,72,0,0,57615530
72755724,true,1,Propose,0,0,0,0
72755724,true,1,Prevote,19,0,4639454,57615530
72755724,true,1,Precommit,19,0,0,57615530
72755724,true,1,Commit,56,0,0,57615530
72755739,true,0,NewHeight,0,0,0,0
72755739,true,0,NewRound,16,0,0,0
72755739,true,0,Propose,0,0,0,0
72755739,true,0,Prevote,1,0,0,57615530
72755739,true,0,Precommit,39,0,0,57615530
72755739,true,1,NewRound,70,0,0,57615530
72755739,true,1,Propose,0,0,0,0
72755739,true,1,Prevote,2,0,5902547,57615530
72755739,true,1,Precommit,40,0,0,57615530
72755739,true,1,Commit,50,0,0,57615530
72755753,true,0,NewHeight,0,0,0,0
72755753,true,0,NewRound,16,0,0,0
72755753,true,0,Propose,0,0,0,0
72755753,true,0,Prevote,6,0,0,57615530
72755753,true,0,Precommit,38,0,0,57615530
72755753,true,1,NewRound,71,0,0,57615530
72755753,true,1,Propose,0,0,0,0
72755753,true,1,Prevote,5,0,4639454,57615530
72755753,true,1,Precommit,35,0,0,57615530
72755753,true,1,Commit,49,0,0,57615530
72756193,true,0,NewHeight,0,0,0,0
72756193,true,0,NewRound,20,0,0,0
72756193,true,0,Propose,0,0,0,0
72756193,true,0,Prevote,1,0,0,57615310
72756193,true,0,Precommit,41,0,0,57615310
72756193,true,1,NewRound,73,0,0,57615310
72756193,true,1,Propose,0,0,0,0
72756193,true,1,Prevote,15,0,571048,57615310
72756193,true,1,Precommit,26,0,0,57615310
72756193,true,1,Commit,49,0,0,57615310
72756323,true,0,NewHeight,0,0,0,0
72756323,true,0,NewRound,18,0,0,0
72756323,true,0,Propose,0,0,0,0
72756323,true,0,Prevote,6,0,0,57615307
72756323,true,0,Precommit,36,0,0,57615307
72756323,true,1,NewRound,71,0,0,57615307
72756323,true,1,Propose,0,0,0,0
72756323,true,1,Prevote,7,0,1549178,57615307
72756323,true,1,Precommit,33,0,0,57615307
72756323,true,1,Commit,54,0,0,57615307
72756396,true,0,NewHeight,0,0,0,0
72756396,true,0,NewRound,17,0,0,0
72756396,true,0,Propose,0,0,0,0
72756396,true,0,Prevote,4,0,0,57615308
72756396,true,0,Precommit,36,0,0,57615308
72756396,true,1,NewRound,71,0,0,57615308
72756396,true,1,Propose,0,0,0,0
72756396,true,1,Prevote,32,0,3057292,57615308
72756396,true,1,Precommit,6,0,0,57615308
72756396,true,1,Commit,56,0,0,57615308
72758440,true,0,NewHeight,0,0,0,0
72758440,true,0,NewRound,20,0,0,0
72758440,true,0,Propose,0,0,0,0
72758440,true,0,Prevote,1,0,0,57613799
72758440,true,0,Precommit,38,0,0,57613799
72758440,true,1,NewRound,75,0,0,57613799
72758440,true,1,Propose,0,0,0,0
72758440,true,1,Prevote,15,0,978128,57613799
72758440,true,1,Precommit,26,0,0,57613799
72758440,true,1,Commit,52,0,0,57613799
72759078,true,0,NewHeight,0,0,0,0
72759078,true,0,NewRound,1,0,0,0
72759078,true,0,Propose,0,0,0,0
72759078,true,0,Prevote,27,0,0,57613791
72759078,true,0,PrevoteWait,16,0,0,57613791
72759078,true,0,Precommit,17,0,0,57613791
72759078,true,1,NewRound,58,0,0,57613791
72759078,true,1,Propose,0,0,0,0
72759078,true,1,Prevote,3,0,18933001,57613791
72759078,true,1,Precommit,36,0,0,57613791
72759078,true,1,Commit,50,0,0,57613791
72760033,true,0,NewHeight,0,0,0,0
72760033,true,0,NewRound,21,0,0,0
72760033,true,0,Propose,0,0,0,0
72760033,true,0,Prevote,2,0,0,57614143
72760033,true,0,Precommit,40,0,0,57614143
72760033,true,1,NewRound,74,0,0,57614143
72760033,true,1,Propose,0,0,0,0
72760033,true,1,Prevote,5,0,978130,57614143
72760033,true,1,Precommit,36,0,0,57614143
72760033,true,1,Commit,52,0,0,57614143
72760149,true,0,NewHeight,0,0,0,0
72760149,true,0,NewRound,19,0,0,0
72760149,true,0,Propose,0,0,0,0
72760149,true,0,Prevote,2,0,0,57614144
72760149,true,0,Precommit,40,0,0,57614144
72760149,true,1,NewRound,71,0,0,57614144
72760149,true,1,Propose,0,0,0,0
72760149,true,1,Prevote,6,0,978130,57614144
72760149,true,1,Precommit,34,0,0,57614144
72760149,true,1,Commit,52,0,0,57614144
72760210,true,0,NewHeight,0,0,0,0
72760210,true,0,NewRound,18,0,0,0
72760210,true,0,Propose,0,0,0,0
72760210,true,0,Prevote,2,0,0,57614141
72760210,true,0,Precommit,39,0,0,57614141
72760210,true,1,NewRound,71,0,0,57614141
72760210,true,1,Propose,0,0,0,0
72760210,true,1,Prevote,2,0,1706914,57614141
72760210,true,1,Precommit,37,0,0,57614141
72760210,true,1,Commit,49,0,0,57614141
72760272,true,0,NewHeight,0,0,0,0
72760272,true,0,NewRound,19,0,0,0
72760272,true,0,Propose,0,0,0,0
72760272,true,0,Prevote,2,0,0,57614139
72760272,true,0,Precommit,40,0,0,57614139
72760272,true,1,NewRound,70,0,0,57614139
72760272,true,1,Propose,0,0,0,0
72760272,true,1,Prevote,1,0,1386454,57614139
72760272,true,1,Precommit,39,0,0,57614139
72760272,true,1,Commit,50,0,0,57614139
72760329,true,0,NewHeight,0,0,0,0
72760329,true,0,NewRound,22,0,0,0
72760329,true,0,Propose,0,0,0,0
72760329,true,0,Prevote,2,0,0,57614140
72760329,true,0,Precommit,38,0,0,57614140
72760329,true,1,NewRound,76,0,0,57614140
72760329,true,1,Propose,0,0,0,0
72760329,true,1,Prevote,2,0,978130,57614140
72760329,true,1,Precommit,37,0,0,57614140
72760329,true,1,Commit,53,0,0,57614140
72760388,true,0,NewHeight,0,0,0,0
72760388,true,0,NewRound,20,0,0,0
72760388,true,0,Propose,0,0,0,0
72760388,true,0,Prevote,3,0,0,57614139
72760388,true,0,Precommit,36,0,0,57614139
72760388,true,1,NewRound,76,0,0,57614139
72760388,true,1,Propose,0,0,0,0
72760388,true,1,Prevote,1,0,978129,57614139
72760388,true,1,Precommit,38,0,0,57614139
72760388,true,1,Commit,62,0,0,57614139
72761740,true,0,NewHeight,0,0,0,0
72761740,true,0,NewRound,20,0,0,0
72761740,true,0,Propose,0,0,0,0
72761740,true,0,Prevote,2,0,0,57614183
72761740,true,0,Precommit,38,0,0,57614183
72761740,true,1,NewRound,72,0,0,57614183
72761740,true,1,Propose,0,0,0,0
72761740,true,1,Prevote,1,0,978129,57614183
72761740,true,1,Precommit,39,0,0,57614183
72761740,true,1,Commit,54,0,0,57614183
72761859,true,0,NewHeight,0,0,0,0
72761859,true,0,NewRound,22,0,0,0
72761859,true,0,Propose,0,0,0,0
72761859,true,0,Prevote,2,0,0,57614187
72761859,true,0,Precommit,40,0,0,57614187
72761859,true,1,NewRound,72,0,0,57614187
72761859,true,1,Propose,0,0,0,0
72761859,true,1,Prevote,0,0,978129,0
72761859,true,1,Precommit,37,0,0,57614187
72761859,true,1,Commit,55,0,0,57614187
72761917,true,0,NewHeight,0,0,0,0
72761917,true,0,NewRound,21,0,0,0
72761917,true,0,Propose,0,0,0,0
72761917,true,0,Prevote,2,0,0,57614187
72761917,true,0,Precommit,40,0,0,57614187
72761917,true,1,NewRound,73,0,0,57614187
72761917,true,1,Propose,0,0,0,0
72761917,true,1,Prevote,2,0,978129,57614187
72761917,true,1,Precommit,38,0,0,57614187
72761917,true,1,Commit,59,0,0,57614187
72761978,true,0,NewHeight,0,0,0,0
72761978,true,0,NewRound,21,0,0,0
72761978,true,0,Propose,0,0,0,0
72761978,true,0,Prevote,4,0,0,57614187
72761978,true,0,Precommit,37,0,0,57614187
72761978,true,1,NewRound,74,0,0,57614187
72761978,true,1,Propose,0,0,0,0
72761978,true,1,Prevote,2,0,978129,57614187
72761978,true,1,Precommit,38,0,0,57614187
72761978,true,1,Commit,50,0,0,57614187
72762158,true,0,NewHeight,0,0,0,0
72762158,true,0,NewRound,20,0,0,0
72762158,true,0,Propose,0,0,0,0
72762158,true,0,Prevote,2,0,0,57616105
72762158,true,0,Precommit,38,0,0,57616105
72762158,true,1,NewRound,74,0,0,57616105
72762158,true,1,Propose,0,0,0,0
72762158,true,1,Prevote,1,0,978129,57616105
72762158,true,1,Precommit,42,0,0,57616105
72762158,true,1,Commit,53,0,0,57616105
72762273,true,0,NewHeight,0,0,0,0
72762273,true,0,NewRound,21,0,0,0
72762273,true,0,Propose,0,0,0,0
72762273,true,0,Prevote,1,0,0,57616105
72762273,true,0,Precommit,42,0,0,57616105
72762273,true,1,NewRound,72,0,0,57616105
72762273,true,1,Propose,0,0,0,0
72762273,true,1,Prevote,1,0,978129,57616105
72762273,true,1,Precommit,41,0,0,57616105
72762273,true,1,Commit,49,0,0,57616105
72762330,true,0,NewHeight,0,0,0,0
72762330,true,0,NewRound,22,0,0,0
72762330,true,0,Propose,0,0,0,0
72762330,true,0,Prevote,1,0,0,57616106
72762330,true,0,Precommit,40,0,0,57616106
72762330,true,1,NewRound,74,0,0,57616106
72762330,true,1,Propose,0,0,0,0
72762330,true,1,Prevote,3,0,2511591,57616106
72762330,true,1,Precommit,37,0,0,57616106
72762330,true,1,Commit,50,0,0,57616106
72762387,true,0,NewHeight,0,0,0,0
72762387,true,0,NewRound,21,0,0,0
72762387,true,0,Propose,0,0,0,0
72762387,true,0,Prevote,23,0,0,57616106
72762387,true,0,Precommit,17,0,0,57616106
72762387,true,1,NewRound,76,0,0,57616106
72762387,true,1,Propose,0,0,0,0
72762387,true,1,Prevote,1,0,978130,57616106
72762387,true,1,Precommit,36,0,0,57616106
72762387,true,1,Commit,56,0,0,57616106
