73679968,true,0,NewHeight,0.233527238
73679968,true,0,NewRound,0.005055465
73679968,true,0,Propose,3.00026599
73679968,true,0,Prevote,0.243163289
73679968,true,0,Precommit,1.043257114
73679968,true,1,NewRound,0.007351984
73679968,true,1,Propose,0.170480433
73679968,true,1,Prevote,0.015228539
73679968,true,1,Precommit,0.095595674
73679968,true,1,Commit,0.247002803
73680340,true,0,NewHeight,0.125688334
73680340,true,0,NewRound,0.003421061
73680340,true,0,Propose,3.00019876
73680340,true,0,Prevote,0.240717202
73680340,true,0,Precommit,1.053684775
73680340,true,1,NewRound,0.016098018
73680340,true,1,Propose,0.18299326
73680340,true,1,Prevote,0.018854869
73680340,true,1,Precommit,0.065064224
73680340,true,1,Commit,0.347830084
73680353,true,0,NewHeight,0.153438361
73680353,true,0,NewRound,0.012342148
73680353,true,0,Propose,3.000691286
73680353,true,0,Prevote,0.22380643
73680353,true,0,Precommit,1.048898998
73680353,true,1,NewRound,0.017370152
73680353,true,1,Propose,0.120209815
73680353,true,1,Prevote,0.033585607
73680353,true,1,Precommit,0.056674279
73680353,true,1,Commit,0.489370268
73680403,true,0,NewHeight,0.081781057
73680403,true,0,NewRound,0.002932716
73680403,true,0,Propose,3.000425622
73680403,true,0,Prevote,0.241254274
73680403,true,0,Precommit,1.05299882
73680403,true,1,NewRound,0.011008851
73680403,true,1,Propose,0.085503204
73680403,true,1,Prevote,0.068372396
73680403,true,1,Precommit,0.056042892
73680403,true,1,Commit,0.450741779
73680467,true,0,NewHeight,0.127834424
73680467,true,0,NewRound,0.006252008
73680467,true,0,Propose,3.000177929
73680467,true,0,Prevote,0.229080237
73680467,true,0,Precommit,1.056868716
73680467,true,1,NewRound,0.017766665
73680467,true,1,Propose,0.195719137
73680467,true,1,Prevote,0.012963688
73680467,true,1,Precommit,0.062308585
73680467,true,1,Commit,0.377533062
73680501,true,0,NewHeight,0.128608005
73680501,true,0,NewRound,0.004910105
73680501,true,0,Propose,3.000382008
73680501,true,0,Prevote,0.215333409
73680501,true,0,Precommit,1.061618662
73680501,true,1,NewRound,0.045471149
73680501,true,1,Propose,0.147595759
73680501,true,1,Prevote,0.025602404
73680501,true,1,Precommit,0.074186513
73680501,true,1,Commit,0.437099271
73680587,true,0,NewHeight,0.125543673
73680587,true,0,NewRound,0.005662427
73680587,true,0,Propose,3.000159951
73680587,true,0,Prevote,0.235008665
73680587,true,0,Precommit,1.056568651
73680587,true,1,NewRound,0.010416996
73680587,true,1,Propose,0.08304264
73680587,true,1,Prevote,0.065224359
73680587,true,1,Precommit,0.064075644
73680587,true,1,Commit,0.433767895
73701440,true,0,NewHeight,0.150531683
73701440,true,0,NewRound,0.002781465
73701440,true,0,Propose,3.000427754
73701440,true,0,Prevote,0.249651848
73701440,true,0,Precommit,1.053258725
73701440,true,1,NewRound,0.012554513
73701440,true,1,Propose,0.133704337
73701440,true,1,Prevote,0.042117866
73701440,true,1,Precommit,0.057966071
73701440,true,1,Commit,0.301823623
73701577,true,0,NewHeight,0.198013644
73701577,true,0,NewRound,0.006582297
73701577,true,0,Propose,3.001229453
73701577,true,0,Prevote,0.23000864
73701577,true,0,Precommit,1.063050599
73701577,true,1,NewRound,0.016046604
73701577,true,1,Propose,0.111262879
73701577,true,1,Prevote,0.0647731
73701577,true,1,Precommit,0.050430268
73701577,true,1,Commit,0.329664218
73709164,true,0,NewHeight,0.181430921
73709164,true,0,NewRound,0.008007825
73709164,true,0,Propose,3.000618307
73709164,true,0,Prevote,0.241810481
73709164,true,0,Precommit,1.053437464
73709164,true,1,NewRound,0.017613748
73709164,true,1,Propose,0.099901867
73709164,true,1,Prevote,0.073642244
73709164,true,1,Precommit,0.055410882
73709164,true,1,Commit,0.355562147
73714400,true,0,NewHeight,0.100559598
73714400,true,0,NewRound,0.002996443
73714400,true,0,Propose,3.000879348
73714400,true,0,Prevote,0.230171387
73714400,true,0,Precommit,1.07277973
73714400,true,1,NewRound,0.010057905
73714400,true,1,Propose,0.0862348
73714400,true,1,Prevote,0.04117615
73714400,true,1,Precommit,0.078753671
73714400,true,1,Commit,0.495183395
73730567,true,0,NewHeight,0.196912116
73730567,true,0,NewRound,0.005213207
73730567,true,0,Propose,3.000415454
73730567,true,0,Prevote,0.242826062
73730567,true,0,Precommit,1.055908213
73730567,true,1,NewRound,0.014902768
73730567,true,1,Propose,0.1241574
73730567,true,1,Prevote,0.047459898
73730567,true,1,Precommit,0.061179927
73730567,true,1,Commit,0.390971172
73732970,true,0,NewHeight,0.137385451
73732970,true,0,NewRound,0.005995856
73732970,true,0,Propose,3.000158785
73732970,true,0,Prevote,0.22989933
73732970,true,0,Precommit,1.067663046
73732970,true,1,NewRound,0.008641072
73732970,true,1,Propose,0.242961634
73732970,true,1,Prevote,0.055743732
73732970,true,1,Precommit,0.066056698
73732970,true,1,Commit,0.499869036
73733991,true,0,NewHeight,0.114642779
73733991,true,0,NewRound,0.00165899
73733991,true,0,Propose,3.000642163
73733991,true,0,Prevote,0.263257861
73733991,true,0,Precommit,1.108264561
73733991,true,1,NewRound,0.005164857
73733991,true,1,Propose,0.141617568
73733991,true,1,Prevote,0.094614982
73733991,true,1,Precommit,0.180022119
73733991,true,1,Commit,0.472879695
73750734,true,0,NewHeight,0.17987174
73750734,true,0,NewRound,0.008013659
73750734,true,0,Propose,3.000920065
73750734,true,0,Prevote,0.247112872
73750734,true,0,Precommit,1.082704355
73750734,true,1,NewRound,0.017169243
73750734,true,1,Propose,0.056791725
73750734,true,1,Prevote,0.07123866
73750734,true,1,Precommit,0.071077311
73750734,true,1,Commit,0.383887427
73750810,true,0,NewHeight,0.001249572
73750810,true,0,NewRound,0.000337164
73750810,true,0,Propose,3.000747359
73750810,true,0,Prevote,0.220753011
73750810,true,0,Precommit,1.08120085
73750810,true,1,NewRound,0.021316556
73750810,true,1,Propose,0.101665025
73750810,true,1,Prevote,0.057333878
73750810,true,1,Precommit,0.077115274
73750810,true,1,Commit,0.471360459
73751570,true,0,NewHeight,0.163655697
73751570,true,0,NewRound,0.001529259
73751570,true,0,Propose,3.000187337
73751570,true,0,Prevote,0.070865146
73751570,true,0,Precommit,1.0851769039999999
73751570,true,1,NewRound,0.005725783
73751570,true,1,Propose,0.236367161
73751570,true,1,Prevote,0.148604602
73751570,true,1,Precommit,0.01041023
73751570,true,1,Commit,0.372916769
73751747,true,0,NewHeight,0.199985056
73751747,true,0,NewRound,0.003060723
73751747,true,0,Propose,3.000329173
73751747,true,0,Prevote,0.215952539
73751747,true,0,Precommit,1.045184608
73751747,true,1,NewRound,0.008200432
73751747,true,1,Propose,0.22690888
73751747,true,1,Prevote,0.104279464
73751747,true,1,Precommit,0.048608935
73751747,true,1,Commit,0.400364313
73751800,true,0,NewHeight,0.001121154
73751800,true,0,NewRound,0.00034069
73751800,true,0,Propose,3.000279958
73751800,true,0,Prevote,0.284910919
73751800,true,0,Precommit,1.105371468
73751800,true,1,NewRound,0.008932207
73751800,true,1,Propose,0.158727495
73751800,true,1,Prevote,0.008871384
73751800,true,1,Precommit,0.08696419
73751800,true,1,Commit,0.366876691
73751864,true,0,NewHeight,0.195640327
73751864,true,0,NewRound,0.002698122
73751864,true,0,Propose,3.00010489
73751864,true,0,Prevote,0.191338076
73751864,true,0,Precommit,1.040652352
73751864,true,1,NewRound,0.025790949
73751864,true,1,Propose,0.285788291
73751864,true,1,Prevote,0.106929313
73751864,true,1,Precommit,0.090211661
73751864,true,1,Commit,0.308195798
73751991,true,0,NewHeight,0.169113172
73751991,true,0,NewRound,0.007533659
73751991,true,0,Propose,3.000285435
73751991,true,0,Prevote,0.240711188
73751991,true,0,Precommit,1.015933747
73751991,true,1,NewRound,0.011135594
73751991,true,1,Propose,0.194076021
73751991,true,1,Prevote,0.012534632
73751991,true,1,Precommit,0.087793411
73751991,true,1,Commit,0.350560526
73752042,true,0,NewHeight,0.066433761
73752042,true,0,NewRound,0.002584893
73752042,true,0,Propose,3.000126681
73752042,true,0,Prevote,0.151115856
73752042,true,0,Precommit,1.104147911
73752042,true,1,NewRound,0.012649275
73752042,true,1,Propose,0.112793519
73752042,true,1,Prevote,0.01261944
73752042,true,1,Precommit,0.091320708
73752042,true,1,Commit,0.52306405
73752106,true,0,NewHeight,0.215265923
73752106,true,0,NewRound,0.005602666
73752106,true,0,Propose,3.000199996
73752106,true,0,Prevote,0.237360525
73752106,true,0,Precommit,1.018641869
73752106,true,1,NewRound,0.010828996
73752106,true,1,Propose,0.194908216
73752106,true,1,Prevote,0.135404657
73752106,true,1,Precommit,0.094546017
73752106,true,1,Commit,0.389768623
73752117,true,0,NewHeight,0.147966982
73752117,true,0,NewRound,0.003515425
73752117,true,0,Propose,3.000172627
73752117,true,0,Prevote,0.212710106
73752117,true,0,Precommit,1.097952761
73752117,true,1,NewRound,0.01208497
73752117,true,1,Propose,0.108760228
73752117,true,1,Prevote,0.077148348
73752117,true,1,Precommit,0.015065335
73752117,true,1,Commit,0.475450061
73752168,true,0,NewHeight,0.223190279
73752168,true,0,NewRound,0.005583902
73752168,true,0,Propose,3.000270651
73752168,true,0,Prevote,0.245564428
73752168,true,0,Precommit,1.068401394
73752168,true,1,NewRound,0.009425029
73752168,true,1,Propose,0.143859404
73752168,true,1,Prevote,0.012399994
73752168,true,1,Precommit,0.090809575
73752168,true,1,Commit,0.347025381
73752401,true,0,NewHeight,0.163812389
73752401,true,0,NewRound,0.001174483
73752401,true,0,Propose,3.000753399
73752401,true,0,Prevote,0.308901012
73752401,true,0,Precommit,1.011410746
73752401,true,1,NewRound,0.00354535
73752401,true,1,Propose,0.214570158
73752401,true,1,Prevote,0.084094584
73752401,true,1,Precommit,0.016089671
73752401,true,1,Commit,0.295319382
73752447,true,0,NewHeight,0.120641849
73752447,true,0,NewRound,0.001488404
73752447,true,0,Propose,3.000947177
73752447,true,0,Prevote,0.195107678
73752447,true,0,Precommit,1.106576512
73752447,true,1,NewRound,0.005462658
73752447,true,1,Propose,0.231784483
73752447,true,1,Prevote,0.069151374
73752447,true,1,Precommit,0.008898916
73752447,true,1,Commit,0.397132324
73753101,true,0,NewHeight,0.190807641
73753101,true,0,NewRound,0.001150739
73753101,true,0,Propose,3.000410922
73753101,true,0,Prevote,0.241467383
73753101,true,0,Precommit,1.099578354
73753101,true,1,NewRound,0.009010142
73753101,true,1,Propose,0.206903886
73753101,true,1,Prevote,0.013300772
73753101,true,1,Precommit,0.011076536
73753101,true,1,Commit,0.296280119
73754078,true,0,NewHeight,0.176475736
73754078,true,0,NewRound,0.002589041
73754078,true,0,Propose,3.000134375
73754078,true,0,Prevote,0.266471007
73754078,true,0,Precommit,1.054989876
73754078,true,1,NewRound,0.007207272
73754078,true,1,Propose,0.299543838
73754078,true,1,Prevote,0.035052544
73754078,true,1,Precommit,0.060520875
73754078,true,1,Commit,0.327739406
73754244,true,0,NewHeight,0.207805033
73754244,true,0,NewRound,0.00319437
73754244,true,0,Propose,3.000130683
73754244,true,0,Prevote,0.250403009
73754244,true,0,Precommit,1.065147022
73754244,true,1,NewRound,0.014940319
73754244,true,1,Propose,0.103124939
73754244,true,1,Prevote,0.029118559
73754244,true,1,Precommit,0.069714921
73754244,true,1,Commit,0.402598677
73754333,true,0,NewHeight,0.181992539
73754333,true,0,NewRound,0.003511806
73754333,true,0,Propose,3.000319304
73754333,true,0,Prevote,0.194058352
73754333,true,0,Precommit,1.069868724
73754333,true,1,NewRound,0.015875229
73754333,true,1,Propose,0.096360739
73754333,true,1,Prevote,0.064566519
73754333,true,1,Precommit,0.069886842
73754333,true,1,Commit,0.351522352
73754417,true,0,NewHeight,0.150000438
73754417,true,0,NewRound,0.005047348
73754417,true,0,Propose,3.005917533
73754417,true,0,Prevote,0.234510526
73754417,true,0,Precommit,1.070198024
73754417,true,1,NewRound,0.013562862
73754417,true,1,Propose,0.276299999
73754417,true,1,Prevote,0.055872378
73754417,true,1,Precommit,0.065844566
73754417,true,1,Commit,0.419198891
73761376,true,0,NewHeight,0.164201799
73761376,true,0,NewRound,0.009152932
73761376,true,0,Propose,3.000121304
73761376,true,0,Prevote,0.225032334
73761376,true,0,Precommit,1.053959875
73761376,true,1,NewRound,0.022878257
73761376,true,1,Propose,0.102886648
73761376,true,1,Prevote,0.056013688
73761376,true,1,Precommit,0.062952992
73761376,true,1,Commit,0.429476619
73768684,true,0,NewHeight,0.178202306
73768684,true,0,NewRound,0.005650835
73768684,true,0,Propose,3.00003261
73768684,true,0,Prevote,0.236454056
73768684,true,0,Precommit,1.064735203
73768684,true,1,NewRound,0.00799365
73768684,true,1,Propose,0.152570622
73768684,true,1,Prevote,0.086887402
73768684,true,1,Precommit,0.048414929
73768684,true,1,Commit,0.363301584
73779248,true,0,NewHeight,0.128557158
73779248,true,0,NewRound,0.004640296
73779248,true,0,Propose,3.000128708
73779248,true,0,Prevote,0.247514173
73779248,true,0,Precommit,1.050802303
73779248,true,1,NewRound,0.014215804
73779248,true,1,Propose,0.058170593
73779248,true,1,Prevote,0.098381725
73779248,true,1,Precommit,0.077460745
73779248,true,1,Commit,0.322670715
73782936,true,0,NewHeight,0.001299575
73782936,true,0,NewRound,0.000294104
73782936,true,0,Propose,3.000506061
73782936,true,0,Prevote,0.230127793
73782936,true,0,Precommit,1.065252489
73782936,true,1,NewRound,0.013686186
73782936,true,1,Propose,0.152819254
73782936,true,1,Prevote,0.053521162
73782936,true,1,Precommit,0.071598374
73782936,true,1,Commit,0.450942964
73783808,true,0,NewHeight,0.167779168
73783808,true,0,NewRound,0.00376133
73783808,true,0,Propose,3.000129219
73783808,true,0,Prevote,0.234450871
73783808,true,0,Precommit,1.053477731
73783808,true,1,NewRound,0.009554601
73783808,true,1,Propose,0.291494026
73783808,true,1,Prevote,0.11178863
73783808,true,1,Precommit,0.013991882
73783808,true,1,Commit,0.339810042
73783850,true,0,NewHeight,0.143788914
73783850,true,0,NewRound,0.007942127
73783850,true,0,Propose,3.000104739
73783850,true,0,Prevote,0.222436147
73783850,true,0,Precommit,1.067598519
73783850,true,1,NewRound,0.01500737
73783850,true,1,Propose,0.060518096
73783850,true,1,Prevote,0.067437049
73783850,true,1,Precommit,0.061372537
73783850,true,1,Commit,0.383677326
73784501,true,0,NewHeight,0.057738231
73784501,true,0,NewRound,0.003120364
73784501,true,0,Propose,3.000268417
73784501,true,0,Prevote,0.252589121
73784501,true,0,Precommit,1.095160886
73784501,true,1,NewRound,0.010761733
73784501,true,1,Propose,0.096698104
73784501,true,1,Prevote,0.057184897
73784501,true,1,Precommit,0.06901038
73784501,true,1,Commit,0.601183713
73784516,true,0,NewHeight,0.182796433
73784516,true,0,NewRound,0.003077905
73784516,true,0,Propose,3.000261373
73784516,true,0,Prevote,0.236723282
73784516,true,0,Precommit,1.064542708
73784516,true,1,NewRound,0.017887049
73784516,true,1,Propose,0.079821093
73784516,true,1,Prevote,0.044512176
73784516,true,1,Precommit,0.068055503
73784516,true,1,Commit,0.331940575
73784571,true,0,NewHeight,0.047635317
73784571,true,0,NewRound,0.004097522
73784571,true,0,Propose,3.006994019
73784571,true,0,Prevote,0.221647404
73784571,true,0,Precommit,1.0704863470000001
73784571,true,1,NewRound,0.015290203
73784571,true,1,Propose,0.094238382
73784571,true,1,Prevote,0.149869945
73784571,true,1,Precommit,0.014834189
73784571,true,1,Commit,0.44755374
73784985,true,0,NewHeight,0.13844885
73784985,true,0,NewRound,0.002538958
73784985,true,0,Propose,3.001023839
73784985,true,0,Prevote,0.246297396
73784985,true,0,Precommit,1.049688396
73784985,true,1,NewRound,0.005303043
73784985,true,1,Propose,0.180670939
73784985,true,1,Prevote,0.049861716
73784985,true,1,Precommit,0.051494777
73784985,true,1,Commit,0.56557029
73785091,true,0,NewHeight,0.074421072
73785091,true,0,NewRound,0.001758253
73785091,true,0,Propose,3.010803605
73785091,true,0,Prevote,0.259071614
73785091,true,0,Precommit,1.062264566
73785091,true,1,NewRound,0.01723407
73785091,true,1,Propose,0.135505033
73785091,true,1,Prevote,0.085672751
73785091,true,1,Precommit,0.041382906
73785091,true,1,Commit,0.378968144
73785199,true,0,NewHeight,0.208883794
73785199,true,0,NewRound,0.004838654
73785199,true,0,Propose,3.000088034
73785199,true,0,Prevote,0.208058197
73785199,true,0,Precommit,1.064145196
73785199,true,1,NewRound,0.007872498
73785199,true,1,Propose,0.132718175
73785199,true,1,Prevote,0.070613786
73785199,true,1,Precommit,0.026374113
73785199,true,1,Commit,0.309209511
73785254,true,0,NewHeight,0.205867684
73785254,true,0,NewRound,0.004846237
73785254,true,0,Propose,3.000295747
73785254,true,0,Prevote,0.255335391
73785254,true,0,Precommit,1.068958493
73785254,true,1,NewRound,0.008126427
73785254,true,1,Propose,0.110466992
73785254,true,1,Prevote,0.022532985
73785254,true,1,Precommit,0.095526626
73785254,true,1,Commit,0.802918394
73785360,true,0,NewHeight,0.174080994
73785360,true,0,NewRound,0.003243652
73785360,true,0,Propose,3.000075709
73785360,true,0,Prevote,0.215101761
73785360,true,0,Precommit,1.061593884
73785360,true,1,NewRound,0.005899907
73785360,true,1,Propose,0.111667823
73785360,true,1,Prevote,0.122217275
73785360,true,1,Precommit,0.013813791
73785360,true,1,Commit,0.301138826
73785515,true,0,NewHeight,0.10384601
73785515,true,0,NewRound,0.005005663
73785515,true,0,Propose,3.000282159
73785515,true,0,Prevote,0.243796117
73785515,true,0,Precommit,1.040975482
73785515,true,1,NewRound,0.012405685
73785515,true,1,Propose,0.128572454
73785515,true,1,Prevote,0.038548572
73785515,true,1,Precommit,0.080734954
73785515,true,1,Commit,0.528799657
73785570,true,0,NewHeight,0.206483192
73785570,true,0,NewRound,0.00506927
73785570,true,0,Propose,3.000255429
73785570,true,0,Prevote,0.181636144
73785570,true,0,Precommit,1.06151598
73785570,true,1,NewRound,0.008205644
73785570,true,1,Propose,0.18114684
73785570,true,1,Prevote,0.127430461
73785570,true,1,Precommit,0.019590231
73785570,true,1,Commit,0.35344789
73785619,true,0,NewHeight,0.188003147
73785619,true,0,NewRound,0.005794201
73785619,true,0,Propose,3.001065919
73785619,true,0,Prevote,0.185991654
73785619,true,0,Precommit,1.049114542
73785619,true,1,NewRound,0.011557416
73785619,true,1,Propose,0.11217943
73785619,true,1,Prevote,0.071429886
73785619,true,1,Precommit,0.043620677
73785619,true,1,Commit,0.415841354
73785679,true,0,NewHeight,0.206017471
73785679,true,0,NewRound,0.004224618
73785679,true,0,Propose,3.000392562
73785679,true,0,Prevote,0.24342987
73785679,true,0,Precommit,1.065595599
73785679,true,1,NewRound,0.014757106
73785679,true,1,Propose,0.126691133
73785679,true,1,Prevote,0.058025813
73785679,true,1,Precommit,0.06657921
73785679,true,1,Commit,0.368457895
73785726,true,0,NewHeight,0.214530262
73785726,true,0,NewRound,0.004296581
73785726,true,0,Propose,3.000148029
73785726,true,0,Prevote,0.234249973
73785726,true,0,Precommit,1.080473388
73785726,true,1,NewRound,0.0084198
73785726,true,1,Propose,0.154058834
73785726,true,1,Prevote,0.084076558
73785726,true,1,Precommit,0.041404716
73785726,true,1,Commit,0.444257927
73785780,true,0,NewHeight,0.11948036
73785780,true,0,NewRound,0.003953757
73785780,true,0,Propose,3.000264335
73785780,true,0,Prevote,0.235645556
73785780,true,0,Precommit,1.054587428
73785780,true,1,NewRound,0.008248603
73785780,true,1,Propose,0.178668203
73785780,true,1,Prevote,0.075288817
73785780,true,1,Precommit,0.066031837
73785780,true,1,Commit,0.292428427
73785885,true,0,NewHeight,0.222179427
73785885,true,0,NewRound,0.007379675
73785885,true,0,Propose,3.000108425
73785885,true,0,Prevote,0.233303391
73785885,true,0,Precommit,1.054309273
73785885,true,1,NewRound,0.009872018
73785885,true,1,Propose,0.176006237
73785885,true,1,Prevote,0.085738342
73785885,true,1,Precommit,0.042961687
73785885,true,1,Commit,0.2719369
73785939,true,0,NewHeight,0.182845803
73785939,true,0,NewRound,0.004005813
73785939,true,0,Propose,3.000356874
73785939,true,0,Prevote,0.242107352
73785939,true,0,Precommit,1.063366393
73785939,true,1,NewRound,0.013102525
73785939,true,1,Propose,0.265175478
73785939,true,1,Prevote,0.141614467
73785939,true,1,Precommit,0.013403953
73785939,true,1,Commit,0.283685429
73785993,true,0,NewHeight,0.162870912
73785993,true,0,NewRound,0.00327451
73785993,true,0,Propose,3.000854285
73785993,true,0,Prevote,0.207600841
73785993,true,0,Precommit,1.06349491
73785993,true,1,NewRound,0.015536961
73785993,true,1,Propose,0.198059675
73785993,true,1,Prevote,0.045559525
73785993,true,1,Precommit,0.084073371
73785993,true,1,Commit,0.405888407
73808617,true,0,NewHeight,0.139977289
73808617,true,0,NewRound,0.004349602
73808617,true,0,Propose,3.000590034
73808617,true,0,Prevote,0.237946242
73808617,true,0,Precommit,1.067840828
73808617,true,1,NewRound,0.012715832
73808617,true,1,Propose,0.169233006
73808617,true,1,Prevote,0.039263943
73808617,true,1,Precommit,0.065180164
73808617,true,1,Commit,0.338649833
73810998,true,0,NewHeight,0.120111843
73810998,true,0,NewRound,0.007471568
73810998,true,0,Propose,3.000075637
73810998,true,0,Prevote,0.264886441
73810998,true,0,Precommit,1.05305596
73810998,true,1,NewRound,0.007199965
73810998,true,1,Propose,0.071505401
73810998,true,1,Prevote,0.066271578
73810998,true,1,Precommit,0.050754459
73810998,true,1,Commit,0.918633491
73969616,true,0,NewHeight,0.137576649
73969616,true,0,NewRound,0.010453436
73969616,true,0,Propose,3.001148491
73969616,true,0,Prevote,0.233068089
73969616,true,0,Precommit,1.051101228
73969616,true,1,NewRound,0.028508913
73969616,true,1,Propose,0.066664089
73969616,true,1,Prevote,0.074996539
73969616,true,1,Precommit,0.062724427
73969616,true,1,Commit,0.341978605
73970794,true,0,NewHeight,0.173860388
73970794,true,0,NewRound,0.007553437
73970794,true,0,Propose,3.001183019
73970794,true,0,Prevote,0.238786339
73970794,true,0,Precommit,1.055151621
73970794,true,1,NewRound,0.014073542
73970794,true,1,Propose,0.067132645
73970794,true,1,Prevote,0.098156633
73970794,true,1,Precommit,0.060783907
73970794,true,1,Commit,0.305624037
73971041,true,0,NewHeight,0.180654816
73971041,true,0,NewRound,0.006621783
73971041,true,0,Propose,3.000489681
73971041,true,0,Prevote,0.232777765
73971041,true,0,Precommit,1.066172237
73971041,true,1,NewRound,0.017108949
73971041,true,1,Propose,0.092906685
73971041,true,1,Prevote,0.041711724
73971041,true,1,Precommit,0.066175883
73971041,true,1,Commit,0.322299778
73972732,true,0,NewHeight,0.152185107
73972732,true,0,NewRound,0.005369446
73972732,true,0,Propose,3.000600574
73972732,true,0,Prevote,0.228567803
73972732,true,0,PrevoteWait,1.000289088
73972732,true,0,Precommit,1.064751583
73972732,true,1,NewRound,0.014648869
73972732,true,1,Propose,0.189342282
73972732,true,1,Prevote,0.056330687
73972732,true,1,Precommit,0.051862097
73972732,true,1,Commit,0.37046468
73974014,true,0,NewHeight,0.211719724
73974014,true,0,NewRound,0.004271995
73974014,true,0,Propose,3.00067606
73974014,true,0,Prevote,0.237140573
73974014,true,0,Precommit,1.062302442
73974014,true,1,NewRound,0.013951186
73974014,true,1,Propose,0.039516923
73974014,true,1,Prevote,0.129907325
73974014,true,1,Precommit,0.080877439
73974014,true,1,Commit,0.246151678
73980837,true,0,NewHeight,0.170292964
73980837,true,0,NewRound,0.011835409
73980837,true,0,Propose,3.00062323
73980837,true,0,Prevote,0.227813324
73980837,true,0,Precommit,1.04988065
73980837,true,1,NewRound,0.019420864
73980837,true,1,Propose,0.148437135
73980837,true,1,Prevote,0.066674889
73980837,true,1,Precommit,0.058324779
73980837,true,1,Commit,0.414453104
73980947,true,0,NewHeight,0.196205361
73980947,true,0,NewRound,0.007534281
73980947,true,0,Propose,3.000630146
73980947,true,0,Prevote,0.238335695
73980947,true,0,Precommit,1.057813339
73980947,true,1,NewRound,0.012529443
73980947,true,1,Propose,0.080894008
73980947,true,1,Prevote,0.05449903
73980947,true,1,Precommit,0.064458158
73980947,true,1,Commit,0.296982669
73986129,true,0,NewHeight,0.199865505
73986129,true,0,NewRound,0.006559227
73986129,true,0,Propose,3.000994947
73986129,true,0,Prevote,0.23309403
73986129,true,0,Precommit,1.056074988
73986129,true,1,NewRound,0.013798082
73986129,true,1,Propose,0.113148066
73986129,true,1,Prevote,0.065864303
73986129,true,1,Precommit,0.065793091
73986129,true,1,Commit,0.380254652
73986222,true,0,NewHeight,0.198955932
73986222,true,0,NewRound,0.007636711
73986222,true,0,Propose,3.000638753
73986222,true,0,Prevote,0.243915112
73986222,true,0,Precommit,1.054204274
73986222,true,1,NewRound,0.0230765
73986222,true,1,Propose,0.080921374
73986222,true,1,Prevote,0.077074566
73986222,true,1,Precommit,0.066488609
73986222,true,1,Commit,0.312687817
73986428,true,0,NewHeight,0.143516107
73986428,true,0,NewRound,0.005927529
73986428,true,0,Propose,3.000949808
73986428,true,0,Prevote,0.224246138
73986428,true,0,Precommit,1.064952218
73986428,true,1,NewRound,0.013057561
73986428,true,1,Propose,0.110939879
73986428,true,1,Prevote,0.032540973
73986428,true,1,Precommit,0.056873717
73986428,true,1,Commit,0.457671199
73986530,true,0,NewHeight,0.145611535
73986530,true,0,NewRound,0.006000502
73986530,true,0,Propose,3.001095785
73986530,true,0,Prevote,0.240311193
73986530,true,0,Precommit,1.057603018
73986530,true,1,NewRound,0.01632144
73986530,true,1,Propose,0.146576771
73986530,true,1,Prevote,0.085551591
73986530,true,1,Precommit,0.023928938
73986530,true,1,Commit,0.333645835
73992937,true,0,NewHeight,0.092530768
73992937,true,0,NewRound,0.006378212
73992937,true,0,Propose,3.000980721
73992937,true,0,Prevote,0.246274105
73992937,true,0,Precommit,1.049301283
73992937,true,1,NewRound,0.022232309
73992937,true,1,Propose,0.116069214
73992937,true,1,Prevote,0.06387798
73992937,true,1,Precommit,0.065361896
73992937,true,1,Commit,0.363374937
73993142,true,0,NewHeight,0.228422011
73993142,true,0,NewRound,0.004367752
73993142,true,0,Propose,3.000091987
73993142,true,0,Prevote,0.258488577
73993142,true,0,Precommit,1.057643982
73993142,true,1,NewRound,0.011518584
73993142,true,1,Propose,0.088249857
73993142,true,1,Prevote,0.064298288
73993142,true,1,Precommit,0.092439841
73993142,true,1,Commit,0.261195275
73993233,true,0,NewHeight,0.06869292
73993233,true,0,NewRound,0.004659262
73993233,true,0,Propose,3.000954015
73993233,true,0,Prevote,0.151360798
73993233,true,0,PrevoteWait,1.001080088
73993233,true,0,Precommit,1.045615568
73993233,true,1,NewRound,0.022019814
73993233,true,1,Propose,0.067097087
73993233,true,1,Prevote,0.092361776
73993233,true,1,Precommit,0.060780629
73993233,true,1,Commit,0.351350179
73993659,true,0,NewHeight,0.174609859
73993659,true,0,NewRound,0.004782059
73993659,true,0,Propose,3.00015562
73993659,true,0,Prevote,0.257729504
73993659,true,0,Precommit,1.055022898
73993659,true,1,NewRound,0.016712895
73993659,true,1,Propose,0.139161615
73993659,true,1,Prevote,0.063947859
73993659,true,1,Precommit,0.056959368
73993659,true,1,Commit,0.372246828
73993757,true,0,NewHeight,0.036704197
73993757,true,0,NewRound,0.006256737
73993757,true,0,Propose,3.000324665
73993757,true,0,Prevote,0.263945116
73993757,true,0,Precommit,1.077885494
73993757,true,1,NewRound,0.019201761
73993757,true,1,Propose,0.151845977
73993757,true,1,Prevote,0.054527057
73993757,true,1,Precommit,0.059815323
73993757,true,1,Commit,0.459713876
74016859,true,0,NewHeight,0.163781431
74016859,true,0,NewRound,0.004952534
74016859,true,0,Propose,3.00013482
74016859,true,0,Prevote,0.219029177
74016859,true,0,Precommit,1.065262227
74016859,true,1,NewRound,0.010142476
74016859,true,1,Propose,0.102828753
74016859,true,1,Prevote,0.058295152
74016859,true,1,Precommit,0.084002138
74016859,true,1,Commit,0.351784521
74033693,true,0,NewHeight,0.072391591
74033693,true,0,NewRound,0.008883368
74033693,true,0,Propose,3.000476418
74033693,true,0,Prevote,0.260596117
74033693,true,0,Precommit,1.063567983
74033693,true,1,NewRound,0.017996109
74033693,true,1,Propose,0.079275618
74033693,true,1,Prevote,0.07361278
74033693,true,1,Precommit,0.068720057
74033693,true,1,Commit,0.414774923
74051144,true,0,NewHeight,0.194121806
74051144,true,0,NewRound,0.003592699
74051144,true,0,Propose,3.000820991
74051144,true,0,Prevote,0.25741566
74051144,true,0,Precommit,1.05235576
74051144,true,1,NewRound,0.016880698
74051144,true,1,Propose,0.124556808
74051144,true,1,Prevote,0.077026074
74051144,true,1,Precommit,0.060867965
74051144,true,1,Commit,0.318034091
74067382,true,0,NewHeight,0.165944954
74067382,true,0,NewRound,0.004973364
74067382,true,0,Propose,3.000806914
74067382,true,0,Prevote,0.229641652
74067382,true,0,Precommit,1.056066121
74067382,true,1,NewRound,0.02591264
74067382,true,1,Propose,0.062494032
74067382,true,1,Prevote,0.099867431
74067382,true,1,Precommit,0.023655413
74067382,true,1,Commit,0.352882733
74067396,true,0,NewHeight,0.170161325
74067396,true,0,NewRound,0.010001768
74067396,true,0,Propose,3.000172822
74067396,true,0,Prevote,0.229833195
74067396,true,0,Precommit,1.043507492
74067396,true,1,NewRound,0.023001523
74067396,true,1,Propose,0.076269053
74067396,true,1,Prevote,0.067940271
74067396,true,1,Precommit,0.065451374
74067396,true,1,Commit,0.510385675
74067561,true,0,NewHeight,0.177666514
74067561,true,0,NewRound,0.004779845
74067561,true,0,Propose,3.000934043
74067561,true,0,Prevote,0.081329516
74067561,true,0,PrevoteWait,1.001192722
74067561,true,0,Precommit,1.0521363400000001
74067561,true,1,NewRound,0.032612048
74067561,true,1,Propose,0.055167606
74067561,true,1,Prevote,0.037187815
74067561,true,1,Precommit,0.071766772
74067561,true,1,Commit,0.191473362
74105855,true,0,NewHeight,0.202681744
74105855,true,0,NewRound,0.006846038
74105855,true,0,Propose,3.000308059
74105855,true,0,Prevote,0.214949324
74105855,true,0,Precommit,1.068089713
74105855,true,1,NewRound,0.015418352
74105855,true,1,Propose,0.107429168
74105855,true,1,Prevote,0.064283857
74105855,true,1,Precommit,0.070455438
74105855,true,1,Commit,0.253063745
74106742,true,0,NewHeight,0.220229735
74106742,true,0,NewRound,0.005318161
74106742,true,0,Propose,3.000240874
74106742,true,0,Prevote,0.225972432
74106742,true,0,Precommit,1.058858587
74106742,true,1,NewRound,0.017125591
74106742,true,1,Propose,0.056787386
74106742,true,1,Prevote,0.103349128
74106742,true,1,Precommit,0.058886028
74106742,true,1,Commit,0.374709811
74106877,true,0,NewHeight,0.212897559
74106877,true,0,NewRound,0.003873104
74106877,true,0,Propose,3.001007092
74106877,true,0,Prevote,0.244972651
74106877,true,0,Precommit,1.068496528
74106877,true,1,NewRound,0.01495867
74106877,true,1,Propose,0.197877538
74106877,true,1,Prevote,0.044629121
74106877,true,1,Precommit,0.053865918
74106877,true,1,Commit,0.328896647
74112493,true,0,NewHeight,0.166442858
74112493,true,0,NewRound,0.005245206
74112493,true,0,Propose,3.000413605
74112493,true,0,Prevote,0.217292401
74112493,true,0,Precommit,1.052447577
74112493,true,1,NewRound,0.024623965
74112493,true,1,Propose,0.213144306
74112493,true,1,Prevote,0.037531109
74112493,true,1,Precommit,0.176718202
74112493,true,1,Commit,0.467071738
74123614,true,0,NewHeight,0.16477346
74123614,true,0,NewRound,0.00621402
74123614,true,0,Propose,3.000873993
74123614,true,0,Prevote,0.230569979
74123614,true,0,Precommit,1.056356622
74123614,true,1,NewRound,0.02588993
74123614,true,1,Propose,0.138957316
74123614,true,1,Prevote,0.087224212
74123614,true,1,Precommit,0.065929025
74123614,true,1,Commit,0.392719433
74123629,true,0,NewHeight,0.199526582
74123629,true,0,NewRound,0.008281254
74123629,true,0,Propose,3.001298223
74123629,true,0,Prevote,0.230731388
74123629,true,0,Precommit,1.066168277
74123629,true,1,NewRound,0.026558027
74123629,true,1,Propose,0.079526146
74123629,true,1,Prevote,0.086658565
74123629,true,1,Precommit,0.06156623
74123629,true,1,Commit,0.419130286
74130774,true,0,NewHeight,0.219266736
74130774,true,0,NewRound,0.004693285
74130774,true,0,Propose,3.000286043
74130774,true,0,Prevote,0.228684675
74130774,true,0,Precommit,1.056657446
74130774,true,1,NewRound,0.011730088
74130774,true,1,Propose,0.076031233
74130774,true,1,Prevote,0.100932947
74130774,true,1,Precommit,0.064785823
74130774,true,1,Commit,0.241935787
74134808,true,0,NewHeight,0.153256148
74134808,true,0,NewRound,0.008351193
74134808,true,0,Propose,3.000100862
74134808,true,0,Prevote,0.242132587
74134808,true,0,Precommit,1.057632232
74134808,true,1,NewRound,0.025732587
74134808,true,1,Propose,0.084790768
74134808,true,1,Prevote,0.052816593
74134808,true,1,Precommit,0.058850387
74134808,true,1,Commit,0.619074898
74134823,true,0,NewHeight,0.133475095
74134823,true,0,NewRound,0.006347375
74134823,true,0,Propose,3.001185572
74134823,true,0,Prevote,0.230780601
74134823,true,0,Precommit,1.057594654
74134823,true,1,NewRound,0.024152112
74134823,true,1,Propose,0.086065366
74134823,true,1,Prevote,0.070763933
74134823,true,1,Precommit,0.060848997
74134823,true,1,Commit,0.43074006
74135832,true,0,NewHeight,0.234902533
74135832,true,0,NewRound,0.010716401
74135832,true,0,Propose,3.000774393
74135832,true,0,Prevote,0.226871773
74135832,true,0,Precommit,1.066582903
74135832,true,1,NewRound,0.019952532
74135832,true,1,Propose,0.090733781
74135832,true,1,Prevote,0.077562378
74135832,true,1,Precommit,0.074516281
74135832,true,1,Commit,0.35691745
74135940,true,0,NewHeight,0.199103197
74135940,true,0,NewRound,0.007898115
74135940,true,0,Propose,3.000470511
74135940,true,0,Prevote,0.203324928
74135940,true,0,Precommit,1.077843228
74135940,true,1,NewRound,0.016610097
74135940,true,1,Propose,0.103959074
74135940,true,1,Prevote,0.055994907
74135940,true,1,Precommit,0.070572713
74135940,true,1,Commit,0.327881768
74138472,true,0,NewHeight,0.198154497
74138472,true,0,NewRound,0.004962564
74138472,true,0,Propose,3.000515922
74138472,true,0,Prevote,0.260550067
74138472,true,0,Precommit,1.062790791
74138472,true,1,NewRound,0.020369614
74138472,true,1,Propose,0.073969067
74138472,true,1,Prevote,0.039138886
74138472,true,1,Precommit,0.066085899
74138472,true,1,Commit,0.34920524
74138575,true,0,NewHeight,0.229126447
74138575,true,0,NewRound,0.008841831
74138575,true,0,Propose,3.000726809
74138575,true,0,Prevote,0.21456934
74138575,true,0,Precommit,1.052210305
74138575,true,1,NewRound,0.019686077
74138575,true,1,Propose,0.092292649
74138575,true,1,Prevote,0.039259255
74138575,true,1,Precommit,0.065914809
74138575,true,1,Commit,0.28722396
74139156,true,0,NewHeight,0.18939931
74139156,true,0,NewRound,0.005924122
74139156,true,0,Propose,3.000435615
74139156,true,0,Prevote,0.230250542
74139156,true,0,Precommit,1.055588593
74139156,true,1,NewRound,0.050738598
74139156,true,1,Propose,0.052122438
74139156,true,1,Prevote,0.051232914
74139156,true,1,Precommit,0.057203281
74139156,true,1,Commit,0.326153244
74139262,true,0,NewHeight,0.212002175
74139262,true,0,NewRound,0.007528481
74139262,true,0,Propose,3.000075017
74139262,true,0,Prevote,0.239241259
74139262,true,0,Precommit,1.046403981
74139262,true,1,NewRound,0.019517296
74139262,true,1,Propose,0.066102498
74139262,true,1,Prevote,0.071483215
74139262,true,1,Precommit,0.04694046
74139262,true,1,Commit,0.301203076
74139379,true,0,NewHeight,0.24025716
74139379,true,0,NewRound,0.006842401
74139379,true,0,Propose,3.000181351
74139379,true,0,Prevote,0.227701527
74139379,true,0,Precommit,1.052910663
74139379,true,1,NewRound,0.026639935
74139379,true,1,Propose,0.06177992
74139379,true,1,Prevote,0.070067194
74139379,true,1,Precommit,0.062888301
74139379,true,1,Commit,0.329915307
74145946,true,0,NewHeight,0.201100613
74145946,true,0,NewRound,0.006593842
74145946,true,0,Propose,3.000455793
74145946,true,0,Prevote,0.226148504
74145946,true,0,Precommit,1.049103406
74145946,true,1,NewRound,0.015803656
74145946,true,1,Propose,0.08100709
74145946,true,1,Prevote,0.052871303
74145946,true,1,Precommit,0.058247171
74145946,true,1,Commit,0.71325345
74145960,true,0,NewHeight,0.192401493
74145960,true,0,NewRound,0.005358907
74145960,true,0,Propose,3.000112528
74145960,true,0,Prevote,0.230363866
74145960,true,0,Precommit,1.055410588
74145960,true,1,NewRound,0.016825758
74145960,true,1,Propose,0.154012572
74145960,true,1,Prevote,0.05789571
74145960,true,1,Precommit,0.05677203
74145960,true,1,Commit,0.353240128
74145973,true,0,NewHeight,0.209509473
74145973,true,0,NewRound,0.008187402
74145973,true,0,Propose,3.000234092
74145973,true,0,Prevote,0.257702108
74145973,true,0,Precommit,1.071243658
74145973,true,1,NewRound,0.019894496
74145973,true,1,Propose,0.100137031
74145973,true,1,Prevote,0.047953001
74145973,true,1,Precommit,0.077490412
74145973,true,1,Commit,0.255173758
74147931,true,0,NewHeight,0.133454197
74147931,true,0,NewRound,0.003450465
74147931,true,0,Propose,3.000606884
74147931,true,0,Prevote,0.290487278
74147931,true,0,Precommit,1.046622442
74147931,true,1,NewRound,0.013961056
74147931,true,1,Propose,0.087422543
74147931,true,1,Prevote,0.076541114
74147931,true,1,Precommit,0.056363956
74147931,true,1,Commit,0.356728031
74147982,true,0,NewHeight,0.154092539
74147982,true,0,NewRound,0.004860665
74147982,true,0,Propose,3.001063458
74147982,true,0,Prevote,0.247380346
74147982,true,0,Precommit,1.048899716
74147982,true,1,NewRound,0.011552459
74147982,true,1,Propose,0.097313156
74147982,true,1,Prevote,0.135323877
74147982,true,1,Precommit,0.026021856
74147982,true,1,Commit,0.326267892
74148035,true,0,NewHeight,0.137761924
74148035,true,0,NewRound,0.004664006
74148035,true,0,Propose,3.000545028
74148035,true,0,Prevote,0.229679417
74148035,true,0,Precommit,1.061325474
74148035,true,1,NewRound,0.020794657
74148035,true,1,Propose,1.332757046
74148035,true,1,Prevote,0.045388533
74148035,true,1,PrevoteWait,0.012732773
74148035,true,1,Precommit,0.067577516
74148035,true,1,Commit,0.508231883
74148147,true,0,NewHeight,0.235465222
74148147,true,0,NewRound,0.005771565
74148147,true,0,Propose,3.000148138
74148147,true,0,Prevote,0.232251117
74148147,true,0,Precommit,1.058537387
74148147,true,1,NewRound,0.023292682
74148147,true,1,Propose,0.0632678
74148147,true,1,Prevote,0.060361259
74148147,true,1,Precommit,0.060529511
74148147,true,1,Commit,0.298708974
74148307,true,0,NewHeight,0.00115798
74148307,true,0,NewRound,0.000392786
74148307,true,0,Propose,3.000185268
74148307,true,0,Prevote,1.166295433
74148307,true,0,Precommit,1.085422657
74148307,true,1,NewRound,0.012021851
74148307,true,1,Propose,0.077205563
74148307,true,1,Prevote,0.047232873
74148307,true,1,Precommit,0.062803182
74148307,true,1,Commit,0.343476285
74148360,true,0,NewHeight,0.13202814
74148360,true,0,NewRound,0.006073918
74148360,true,0,Propose,3.00082738
74148360,true,0,Prevote,0.237753552
74148360,true,0,Precommit,1.060250653
74148360,true,1,NewRound,0.010599863
74148360,true,1,Propose,0.072726082
74148360,true,1,Prevote,0.051693144
74148360,true,1,Precommit,0.061581592
74148360,true,1,Commit,0.55306925
74149998,true,0,NewHeight,0.18946584
74149998,true,0,NewRound,0.00906007
74149998,true,0,Propose,3.000771598
74149998,true,0,Prevote,0.240523904
74149998,true,0,Precommit,1.078673338
74149998,true,1,NewRound,0.024326322
74149998,true,1,Propose,0.05178547
74149998,true,1,Prevote,0.089535004
74149998,true,1,Precommit,0.060826756
74149998,true,1,Commit,0.264594033
74168437,true,0,NewHeight,0.122290472
74168437,true,0,NewRound,0.004073949
74168437,true,0,Propose,3.001011128
74168437,true,0,Prevote,0.320725235
74168437,true,0,Precommit,1.075896948
74168437,true,1,NewRound,0.017923506
74168437,true,1,Propose,0.093335723
74168437,true,1,Prevote,0.05129014
74168437,true,1,Precommit,0.091976968
74168437,true,1,Commit,0.381816801
74168451,true,0,NewHeight,0.130209175
74168451,true,0,NewRound,0.009202358
74168451,true,0,Propose,3.000716873
74168451,true,0,Prevote,0.239839921
74168451,true,0,Precommit,1.059601174
74168451,true,1,NewRound,0.017899483
74168451,true,1,Propose,0.051606374
74168451,true,1,Prevote,0.088760697
74168451,true,1,Precommit,0.068835175
74168451,true,1,Commit,0.358393517
74168465,true,0,NewHeight,0.205632211
74168465,true,0,NewRound,0.009286855
74168465,true,0,Propose,3.000813169
74168465,true,0,Prevote,0.214919276
74168465,true,0,Precommit,1.05453578
74168465,true,1,NewRound,0.024377729
74168465,true,1,Propose,0.067213475
74168465,true,1,Prevote,0.095403969
74168465,true,1,Precommit,0.047958104
74168465,true,1,Commit,0.316301067
74168681,true,0,NewHeight,0.18309701
74168681,true,0,NewRound,0.010227175
74168681,true,0,Propose,3.000297577
74168681,true,0,Prevote,0.229474429
74168681,true,0,Precommit,1.060057515
74168681,true,1,NewRound,0.027718992
74168681,true,1,Propose,0.136631439
74168681,true,1,Prevote,0.022384571
74168681,true,1,Precommit,0.080897065
74168681,true,1,Commit,0.292836828
74168736,true,0,NewHeight,0.248105805
74168736,true,0,NewRound,0.008481875
74168736,true,0,Propose,3.001451841
74168736,true,0,Prevote,0.226536924
74168736,true,0,Precommit,1.062820878
74168736,true,1,NewRound,0.027289979
74168736,true,1,Propose,0.085954663
74168736,true,1,Prevote,0.057149572
74168736,true,1,Precommit,0.062388737
74168736,true,1,Commit,0.224479096
74168749,true,0,NewHeight,0.219792914
74168749,true,0,NewRound,0.011212758
74168749,true,0,Propose,3.000731547
74168749,true,0,Prevote,0.241325238
74168749,true,0,Precommit,1.064131722
74168749,true,1,NewRound,0.035037876
74168749,true,1,Propose,0.147187322
74168749,true,1,Prevote,0.083142761
74168749,true,1,Precommit,0.078576872
74168749,true,1,Commit,0.295833703
74173393,true,0,NewHeight,0.002690499
74173393,true,0,NewRound,0.000588599
74173393,true,0,Propose,2.455826895
74173393,true,0,Prevote,0.016871059
74173393,true,0,PrevoteWait,1.000271645
74173393,true,0,Precommit,1.055129717
74173393,true,1,NewRound,0.008942658
74173393,true,1,Propose,0.136824939
74173393,true,1,Prevote,0.050010753
74173393,true,1,Precommit,0.065618614
74173393,true,1,Commit,0.316527253
74173522,true,0,NewHeight,0.207101393
74173522,true,0,NewRound,0.004014098
74173522,true,0,Propose,3.00067859
74173522,true,0,Prevote,0.254481688
74173522,true,0,Precommit,1.061943245
74173522,true,1,NewRound,0.011945114
74173522,true,1,Propose,0.081581653
74173522,true,1,Prevote,0.056822248
74173522,true,1,Precommit,0.072612497
74173522,true,1,Commit,0.442682006
74174154,true,0,NewHeight,0.114391957
74174154,true,0,NewRound,0.005022321
74174154,true,0,Propose,3.001048698
74174154,true,0,Prevote,0.234925397
74174154,true,0,Precommit,1.05728452
74174154,true,1,NewRound,0.015451855
74174154,true,1,Propose,0.473727196
74174154,true,1,Prevote,0.063193864
74174154,true,1,Precommit,0.051451983
74174154,true,1,Commit,0.533186171
74174589,true,0,NewHeight,0.199400968
74174589,true,0,NewRound,0.005622072
74174589,true,0,Propose,3.000323354
74174589,true,0,Prevote,0.234475922
74174589,true,0,Precommit,1.047943495
74174589,true,1,NewRound,0.01186416
74174589,true,1,Propose,0.108742628
74174589,true,1,Prevote,0.053447425
74174589,true,1,Precommit,0.056123356
74174589,true,1,Commit,0.406923162
74191778,true,0,NewHeight,0.146717279
74191778,true,0,NewRound,0.004812755
74191778,true,0,Propose,3.000901524
74191778,true,0,Prevote,0.23412192
74191778,true,0,Precommit,1.047250319
74191778,true,1,NewRound,0.013707955
74191778,true,1,Propose,0.060850876
74191778,true,1,Prevote,0.083088313
74191778,true,1,Precommit,0.099218009
74191778,true,1,Commit,0.32562891
74192601,true,0,NewHeight,0.016194716
74192601,true,0,NewRound,0.003765998
74192601,true,0,Propose,3.00034833
74192601,true,0,Prevote,0.231288723
74192601,true,0,Precommit,1.060948217
74192601,true,1,NewRound,0.014038857
74192601,true,1,Propose,0.136646623
74192601,true,1,Prevote,0.062193198
74192601,true,1,Precommit,0.062058289
74192601,true,1,Commit,0.50313403
74192712,true,0,NewHeight,0.1703675
74192712,true,0,NewRound,0.005377043
74192712,true,0,Propose,3.000120455
74192712,true,0,Prevote,0.24141407
74192712,true,0,Precommit,1.052605988
74192712,true,1,NewRound,0.016619694
74192712,true,1,Propose,0.153301749
74192712,true,1,Prevote,0.050790086
74192712,true,1,Precommit,0.05603334
74192712,true,1,Commit,0.271373977
74196410,true,0,NewHeight,0.18645336
74196410,true,0,NewRound,0.004412805
74196410,true,0,Propose,3.000717423
74196410,true,0,Prevote,0.217159861
74196410,true,0,Precommit,1.0589779
74196410,true,1,NewRound,0.011256356
74196410,true,1,Propose,0.146765723
74196410,true,1,Prevote,0.062048967
74196410,true,1,Precommit,0.079029263
74196410,true,1,Commit,0.288629357
74207768,true,0,NewHeight,0.197909646
74207768,true,0,NewRound,0.005929161
74207768,true,0,Propose,3.000570155
74207768,true,0,Prevote,0.229541625
74207768,true,0,Precommit,1.059916975
74207768,true,1,NewRound,0.011375087
74207768,true,1,Propose,0.13183691
74207768,true,1,Prevote,0.045153939
74207768,true,1,Precommit,0.073091724
74207768,true,1,Commit,0.374804448
74207853,true,0,NewHeight,0.213063796
74207853,true,0,NewRound,0.005881422
74207853,true,0,Propose,3.000682499
74207853,true,0,Prevote,0.24795177
74207853,true,0,Precommit,1.046127249
74207853,true,1,NewRound,0.012784336
74207853,true,1,Propose,0.138285492
74207853,true,1,Prevote,0.058652606
74207853,true,1,Precommit,0.051063785
74207853,true,1,Commit,0.234228597
74212950,true,0,NewHeight,0.205409978
74212950,true,0,NewRound,0.008618467
74212950,true,0,Propose,3.000128641
74212950,true,0,Prevote,0.222792664
74212950,true,0,Precommit,1.068497665
74212950,true,1,NewRound,0.017274885
74212950,true,1,Propose,0.088325756
74212950,true,1,Prevote,0.059832454
74212950,true,1,Precommit,0.072032367
74212950,true,1,Commit,0.720699353
74212992,true,0,NewHeight,0.215851149
74212992,true,0,NewRound,0.004278026
74212992,true,0,Propose,3.001114593
74212992,true,0,Prevote,0.232880689
74212992,true,0,Precommit,1.055792541
74212992,true,1,NewRound,0.013373927
74212992,true,1,Propose,0.35309986
74212992,true,1,Prevote,0.059138248
74212992,true,1,Precommit,0.065893679
74212992,true,1,Commit,0.286519941
74216285,true,0,NewHeight,0.203585352
74216285,true,0,NewRound,0.007003188
74216285,true,0,Propose,3.00085887
74216285,true,0,Prevote,0.229216989
74216285,true,0,Precommit,1.056413625
74216285,true,1,NewRound,0.018568359
74216285,true,1,Propose,0.185269081
74216285,true,1,Prevote,0.057344016
74216285,true,1,Precommit,0.0744679
74216285,true,1,Commit,0.36787274
74230365,true,0,NewHeight,0.221764607
74230365,true,0,NewRound,0.0044637
74230365,true,0,Propose,3.000804339
74230365,true,0,Prevote,0.23605501
74230365,true,0,Precommit,1.048348177
74230365,true,1,NewRound,0.012884181
74230365,true,1,Propose,0.170384359
74230365,true,1,Prevote,0.039604808
74230365,true,1,Precommit,0.059268234
74230365,true,1,Commit,0.22821853
