72762387,true,0,SIGNED_MSG_TYPE_PREVOTE,B85C8963F72F9066BD7638E6291866495C956AFB78D78CDA0520BD47044F4006:1:C3E134208A95,"""time.Date(2024", time.June, 5, 7, 14, 43, 886204616," time.UTC)""",D7B69269E457E7AF1439C43944AA2AC829FD7CB8,46,[212 21 186 21 252 124 219 37 247 232 193 39 31 249 152 29 163 216 77 22 11 43 236 33 154 168 126 237 195 110 213 244 136 74 204 102 68 29 7 78 108 230 201 84 98 165 143 24 244 92 11 120 220 144 84 214 8 134 195 76 74 47 214 13]
72762387,true,0,SIGNED_MSG_TYPE_PREVOTE,B85C8963F72F9066BD7638E6291866495C956AFB78D78CDA0520BD47044F4006:1:C3E134208A95,"""time.Date(2024", time.June, 5, 7, 14, 43, 874349521," time.UTC)""",FEAA42B0C3582CF9EBE4BD52082B90636C8BF3A5,31,[239 227 244 185 22 83 25 73 218 54 191 35 238 19 19 22 42 255 51 115 228 242 23 238 230 197 108 152 193 49 133 184 3 87 175 28 87 125 86 99 133 177 101 198 68 11 110 172 26 89 202 86 255 205 255 206 76 131 25 207 127 156 195 10]
72762387,true,0,SIGNED_MSG_TYPE_PREVOTE,B85C8963F72F9066BD7638E6291866495C956AFB78D78CDA0520BD47044F4006:1:C3E134208A95,"""time.Date(2024", time.June, 5, 7, 14, 43, 895328865," time.UTC)""",F39BF9316C07E4F27EE31951F720783C58D09C11,10,[19 119 80 80 77 66 129 162 48 218 207 220 17 168 4 56 149 192 79 183 160 228 144 139 238 226 44 183 41 161 87 140 52 167 19 243 244 72 107 99 219 79 102 169 119 51 129 204 168 160 130 43 222 105 218 70 151 99 66 252 100 39 152 13]
72762387,true,0,SIGNED_MSG_TYPE_PREVOTE,B85C8963F72F9066BD7638E6291866495C956AFB78D78CDA0520BD47044F4006:1:C3E134208A95,"""time.Date(2024", time.June, 5, 7, 14, 43, 882571519," time.UTC)""",723BF86C2B20B4CF6FF2E99BE6071F8F29B46574,50,[89 253 22 73 66 150 248 2 147 231 130 141 229 230 38 122 156 20 219 122 188 131 16 156 235 49 117 184 249 65 90 187 244 11 21 46 30 94 150 32 95 244 70 47 37 156 43 1 81 197 50 192 2 178 31 211 29 232 176 53 125 190 197 11]
72762387,true,0,SIGNED_MSG_TYPE_PREVOTE,B85C8963F72F9066BD7638E6291866495C956AFB78D78CDA0520BD47044F4006:1:C3E134208A95,"""time.Date(2024", time.June, 5, 7, 14, 43, 886546158," time.UTC)""",D8DA9CB98162675E9DEB388EE17C360D702D5B96,22,[149 43 64 2 87 97 6 95 166 172 168 144 178 208 0 211 213 102 251 71 22 167 25 248 165 177 209 246 232 122 132 47 254 150 32 180 211 40 147 194 140 0 82 70 124 204 47 55 196 11 209 77 21 191 35 159 227 180 210 131 76 160 250 9]
72762387,true,0,SIGNED_MSG_TYPE_PREVOTE,B85C8963F72F9066BD7638E6291866495C956AFB78D78CDA0520BD47044F4006:1:C3E134208A95,"""time.Date(2024", time.June, 5, 7, 14, 43, 875967533," time.UTC)""",37CE71AD8CD4DC01D8798E103A70978591708169,25,[123 7 148 109 245 94 25 227 239 69 104 42 239 200 72 152 11 86 21 49 68 69 220 54 148 9 227 140 98 2 40 115 127 234 184 8 166 32 248 225 88 74 70 147 81 137 5 199 236 134 80 189 139 92 253 255 237 176 224 96 25 85 163 8]
72762387,true,0,SIGNED_MSG_TYPE_PREVOTE,B85C8963F72F9066BD7638E6291866495C956AFB78D78CDA0520BD47044F4006:1:C3E134208A95,"""time.Date(2024", time.June, 5, 7, 14, 43, 885820511," time.UTC)""",CDF55ACD97B31A67662BD0BEBC673E5B5FAAEC04,7,[50 81 112 38 177 218 193 92 30 113 235 12 4 152 203 75 73 244 175 51 218 226 91 85 84 85 93 42 135 167 15 78 235 218 224 29 222 229 119 100 135 95 87 66 136 99 246 172 44 2 66 104 145 102 131 21 66 253 201 2 72 93 65 8]
72762387,true,0,SIGNED_MSG_TYPE_PREVOTE,B85C8963F72F9066BD7638E6291866495C956AFB78D78CDA0520BD47044F4006:1:C3E134208A95,"""time.Date(2024", time.June, 5, 7, 14, 43, 848864557," time.UTC)""",D0C143A237A69569CC7CECB0DAC2EA95F88B26B3,27,[189 109 250 85 160 202 143 249 26 182 207 11 79 36 31 93 82 22 22 73 101 0 31 26 232 134 60 140 210 131 210 112 13 27 191 151 202 194 0 182 160 153 247 110 127 89 39 97 223 226 35 7 187 44 204 0 10 232 34 152 26 97 54 5]
72762387,true,0,SIGNED_MSG_TYPE_PREVOTE,B85C8963F72F9066BD7638E6291866495C956AFB78D78CDA0520BD47044F4006:1:C3E134208A95,"""time.Date(2024", time.June, 5, 7, 14, 43, 876047544," time.UTC)""",93739258C5626903BA444128CFB7439AA31AA93F,18,[214 56 243 198 74 199 174 62 203 48 236 59 69 137 149 253 156 9 196 30 47 193 186 209 115 110 2 217 194 110 200 64 60 232 208 15 22 250 144 168 170 54 171 34 106 14 164 96 139 92 64 141 14 236 122 220 196 149 141 191 195 29 24 9]
72762387,true,0,SIGNED_MSG_TYPE_PREVOTE,B85C8963F72F9066BD7638E6291866495C956AFB78D78CDA0520BD47044F4006:1:C3E134208A95,"""time.Date(2024", time.June, 5, 7, 14, 43, 884858829," time.UTC)""",DD2C988B278E526870DD97D7BA75EEAA2FEBD55D,3,[20 128 125 42 204 66 171 55 159 96 201 133 62 224 221 210 73 86 45 121 219 240 89 182 214 185 100 209 149 49 184 54 106 232 255 63 168 107 141 21 43 202 34 115 220 150 21 107 106 85 32 29 211 227 30 208 51 131 165 188 58 153 196 15]
72762387,true,0,SIGNED_MSG_TYPE_PREVOTE,B85C8963F72F9066BD7638E6291866495C956AFB78D78CDA0520BD47044F4006:1:C3E134208A95,"""time.Date(2024", time.June, 5, 7, 14, 43, 871552488," time.UTC)""",17EB7B0873CCD83EA77A62C34FF84A910C5F3CE0,36,[2 245 248 171 201 149 213 146 138 160 246 88 135 24 120 75 43 18 208 183 225 44 93 207 89 154 59 49 67 187 207 145 214 172 219 99 83 156 141 192 205 49 131 150 179 9 205 96 15 187 236 17 16 144 132 155 140 183 51 114 160 113 187 8]
72762387,true,0,SIGNED_MSG_TYPE_PREVOTE,B85C8963F72F9066BD7638E6291866495C956AFB78D78CDA0520BD47044F4006:1:C3E134208A95,"""time.Date(2024", time.June, 5, 7, 14, 43, 863753835," time.UTC)""",7781FA16ADC57E109F63BD1E29F14F9D3817E14A,35,[119 20 193 93 94 225 181 187 41 16 4 140 154 0 236 241 147 52 153 210 208 218 43 126 116 92 215 252 210 23 68 109 175 43 24 194 47 84 112 66 160 240 135 76 214 126 41 212 120 199 70 62 179 242 22 46 46 11 58 221 7 19 245 9]
72762387,true,0,SIGNED_MSG_TYPE_PREVOTE,B85C8963F72F9066BD7638E6291866495C956AFB78D78CDA0520BD47044F4006:1:C3E134208A95,"""time.Date(2024", time.June, 5, 7, 14, 43, 896327486," time.UTC)""",9DFCC2E344433CBF2DA533E871EDF765E28FB74E,20,[62 184 121 158 152 201 118 21 98 192 38 66 3 29 235 216 124 76 168 52 198 185 41 131 14 175 8 128 96 82 170 255 33 254 12 5 163 24 116 214 217 237 178 130 228 2 153 203 215 154 84 97 162 195 37 208 235 236 88 146 61 166 247 6]
72762387,true,0,SIGNED_MSG_TYPE_PREVOTE,B85C8963F72F9066BD7638E6291866495C956AFB78D78CDA0520BD47044F4006:1:C3E134208A95,"""time.Date(2024", time.June, 5, 7, 14, 43, 891983489," time.UTC)""",37B3F9E462967F150F5BF98A7A355F3531B58D12,8,[246 162 193 146 125 19 99 62 143 67 250 87 163 135 32 204 84 37 198 178 251 229 149 191 55 194 96 228 19 75 5 21 208 34 229 22 0 203 4 187 139 210 169 26 125 164 112 58 91 157 190 104 18 147 80 115 107 192 211 215 215 129 40 12]
72762387,true,0,SIGNED_MSG_TYPE_PREVOTE,B85C8963F72F9066BD7638E6291866495C956AFB78D78CDA0520BD47044F4006:1:C3E134208A95,"""time.Date(2024", time.June, 5, 7, 14, 43, 852654386," time.UTC)""",6460844B2C81E87F3E2A10667787BB7600CFA970,16,[188 103 108 49 42 89 57 150 111 129 200 127 83 118 198 115 131 251 132 220 230 65 229 186 207 136 42 3 221 35 38 229 30 77 108 150 25 122 166 205 146 213 29 157 198 11 93 49 250 31 41 54 12 80 223 144 1 135 158 21 90 131 98 0]
72762387,true,0,SIGNED_MSG_TYPE_PREVOTE,B85C8963F72F9066BD7638E6291866495C956AFB78D78CDA0520BD47044F4006:1:C3E134208A95,"""time.Date(2024", time.June, 5, 7, 14, 43, 854609345," time.UTC)""",CB807691C50A3B28DABBBBEBAB143A2F36C7C6E3,40,[113 193 199 215 211 60 230 107 120 149 169 141 159 94 236 67 46 203 86 119 85 82 4 95 227 24 27 22 79 17 203 153 251 163 103 246 236 102 200 51 203 45 230 217 222 103 79 142 14 181 211 15 245 6 178 76 169 227 171 231 41 118 224 5]
72762387,true,0,SIGNED_MSG_TYPE_PREVOTE,B85C8963F72F9066BD7638E6291866495C956AFB78D78CDA0520BD47044F4006:1:C3E134208A95,"""time.Date(2024", time.June, 5, 7, 14, 43, 805394263," time.UTC)""",545768F1C4F1EE3E7EF93DE8E59FD57A506CEE92,1,[175 160 20 142 106 245 55 209 28 181 25 175 84 252 125 26 223 244 90 160 119 205 33 173 151 202 247 227 117 137 141 178 132 132 38 117 12 54 125 166 40 91 233 63 36 150 82 215 93 249 21 223 160 160 193 165 86 249 147 0 54 57 75 12]
72762387,true,0,SIGNED_MSG_TYPE_PREVOTE,B85C8963F72F9066BD7638E6291866495C956AFB78D78CDA0520BD47044F4006:1:C3E134208A95,"""time.Date(2024", time.June, 5, 7, 14, 43, 860363659," time.UTC)""",1B85A5FFDC65A23DFB51A32DC1087DCA515EA6CC,57,[178 92 209 21 235 80 71 189 96 103 235 95 80 76 144 112 229 72 17 148 151 19 97 122 154 76 110 13 194 66 129 211 189 160 192 16 22 125 254 184 9 168 150 185 30 53 31 229 20 55 214 189 119 226 228 111 177 85 89 172 154 212 165 9]
72762387,true,0,SIGNED_MSG_TYPE_PREVOTE,B85C8963F72F9066BD7638E6291866495C956AFB78D78CDA0520BD47044F4006:1:C3E134208A95,"""time.Date(2024", time.June, 5, 7, 14, 43, 856420261," time.UTC)""",EC975EDDA923754C6BA6044DC6041B35D7AD92CF,34,[93 69 187 163 41 72 18 0 27 219 21 105 185 55 177 92 241 93 51 78 183 127 58 46 145 139 29 193 21 135 118 243 30 15 240 165 184 204 0 44 169 33 84 116 226 178 146 187 56 90 154 167 204 27 90 23 60 205 81 134 176 20 169 2]
72762387,true,0,SIGNED_MSG_TYPE_PREVOTE,B85C8963F72F9066BD7638E6291866495C956AFB78D78CDA0520BD47044F4006:1:C3E134208A95,"""time.Date(2024", time.June, 5, 7, 14, 43, 886073544," time.UTC)""",307CB9AA68447995515D2AE44EFA82966715B057,58,[233 36 19 89 22 36 85 108 235 91 24 84 108 97 234 69 149 51 30 117 212 0 82 69 244 134 178 190 92 218 114 81 124 197 249 127 66 222 94 175 75 235 41 50 115 15 156 247 60 36 62 213 57 157 83 81 10 82 49 28 162 197 91 11]
72762387,true,0,SIGNED_MSG_TYPE_PREVOTE,B85C8963F72F9066BD7638E6291866495C956AFB78D78CDA0520BD47044F4006:1:C3E134208A95,"""time.Date(2024", time.June, 5, 7, 14, 43, 881994867," time.UTC)""",A14FBF76DDE18A016A36576D7E98414B78F9EB03,39,[193 82 87 102 181 246 249 20 188 158 209 9 138 207 86 8 82 176 189 174 7 240 133 162 17 247 205 4 126 175 206 71 73 236 238 14 200 36 32 220 221 157 77 58 193 249 219 97 128 43 30 242 9 214 72 175 153 43 142 165 231 167 94 0]
72762387,true,0,SIGNED_MSG_TYPE_PREVOTE,B85C8963F72F9066BD7638E6291866495C956AFB78D78CDA0520BD47044F4006:1:C3E134208A95,"""time.Date(2024", time.June, 5, 7, 14, 43, 890146604," time.UTC)""",BBB6B7EB2D754EC2957CA5615DD5AB79415B0B1A,53,[191 13 160 252 239 244 144 66 69 183 165 45 249 57 187 34 134 120 246 121 50 55 93 106 252 27 136 161 80 201 83 119 155 2 42 11 93 66 53 143 165 232 35 219 150 117 236 247 185 62 153 210 121 194 231 47 7 162 245 97 206 205 12 6]
72762387,true,0,SIGNED_MSG_TYPE_PREVOTE,B85C8963F72F9066BD7638E6291866495C956AFB78D78CDA0520BD47044F4006:1:C3E134208A95,"""time.Date(2024", time.June, 5, 7, 14, 43, 880580388," time.UTC)""",F530BDDB1CF813670A6F6F1E574474D4C91385F5,2,[65 41 5 255 78 247 75 45 137 47 77 72 251 1 69 183 31 51 48 10 128 225 36 27 114 220 179 181 247 95 17 3 26 237 2 181 151 152 131 215 241 32 42 189 255 183 237 69 99 130 24 8 42 61 221 233 126 33 31 144 42 94 42 4]
72762387,true,0,SIGNED_MSG_TYPE_PREVOTE,B85C8963F72F9066BD7638E6291866495C956AFB78D78CDA0520BD47044F4006:1:C3E134208A95,"""time.Date(2024", time.June, 5, 7, 14, 43, 880289342," time.UTC)""",E6643CC7E375FF889EAA59F7FCB93F4DE35403DB,55,[213 223 193 15 215 152 13 174 245 172 244 128 199 43 222 94 144 214 206 55 181 104 227 212 90 236 33 190 239 197 3 23 196 153 189 110 158 254 122 83 227 16 224 32 148 220 13 72 77 130 50 136 95 244 4 124 122 193 175 61 220 126 141 7]
72762387,true,0,SIGNED_MSG_TYPE_PREVOTE,B85C8963F72F9066BD7638E6291866495C956AFB78D78CDA0520BD47044F4006:1:C3E134208A95,"""time.Date(2024", time.June, 5, 7, 14, 43, 885848200," time.UTC)""",7D2D96C14632861337AA62C0EF4E3CA096CE1665,15,[89 219 232 152 91 232 81 128 65 120 124 176 42 220 195 5 89 65 2 172 152 175 127 48 174 235 58 152 2 31 251 65 169 58 211 28 112 165 244 203 11 123 4 225 67 217 121 119 38 21 232 241 169 229 130 12 82 33 56 155 117 209 222 11]
72762387,true,0,SIGNED_MSG_TYPE_PREVOTE,B85C8963F72F9066BD7638E6291866495C956AFB78D78CDA0520BD47044F4006:1:C3E134208A95,"""time.Date(2024", time.June, 5, 7, 14, 43, 863605270," time.UTC)""",6C56084E1CFA331628C8EB1DA6F865922457A975,5,[192 59 67 141 99 188 35 72 112 131 64 179 66 62 98 140 19 49 192 15 45 88 242 228 81 241 78 193 83 140 220 19 62 219 60 32 243 124 60 142 72 163 66 174 201 101 213 156 55 214 10 10 249 63 109 128 30 229 169 3 157 146 205 14]
72762387,true,0,SIGNED_MSG_TYPE_PREVOTE,B85C8963F72F9066BD7638E6291866495C956AFB78D78CDA0520BD47044F4006:1:C3E134208A95,"""time.Date(2024", time.June, 5, 7, 14, 43, 873283030," time.UTC)""",B6CD0957B63DB73E8AC0E51CD0DE53AF40AC47D7,47,[87 156 44 39 246 14 197 199 76 212 92 39 239 111 180 51 107 83 149 4 102 90 177 210 239 60 172 164 136 8 53 4 160 89 100 171 159 241 147 0 102 180 105 77 184 42 162 226 114 213 132 157 12 210 244 115 156 107 122 104 140 221 244 12]
72762387,true,0,SIGNED_MSG_TYPE_PREVOTE,B85C8963F72F9066BD7638E6291866495C956AFB78D78CDA0520BD47044F4006:1:C3E134208A95,"""time.Date(2024", time.June, 5, 7, 14, 43, 888592209," time.UTC)""",6A7EEC86B32DB79B018BE735ACA63BA5E4FD729A,38,[209 172 198 215 82 146 48 42 50 248 104 62 48 200 228 45 186 172 218 13 201 160 206 183 90 160 122 58 238 156 204 110 204 210 168 171 223 59 250 4 184 242 215 162 231 65 142 234 167 211 218 173 176 34 129 44 218 95 130 43 116 198 172 6]
72762387,true,0,SIGNED_MSG_TYPE_PREVOTE,B85C8963F72F9066BD7638E6291866495C956AFB78D78CDA0520BD47044F4006:1:C3E134208A95,"""time.Date(2024", time.June, 5, 7, 14, 43, 875104393," time.UTC)""",B785C7308D551BD1B227981BF938FE8AD3D3E3AF,11,[42 38 157 36 11 128 94 81 225 220 37 202 68 50 179 178 181 77 123 80 192 70 144 46 106 121 60 88 12 246 221 179 233 245 178 91 26 86 216 190 86 2 159 76 183 179 27 38 5 186 103 80 38 111 27 94 224 42 59 184 209 218 39 14]
72762387,true,0,SIGNED_MSG_TYPE_PREVOTE,B85C8963F72F9066BD7638E6291866495C956AFB78D78CDA0520BD47044F4006:1:C3E134208A95,"""time.Date(2024", time.June, 5, 7, 14, 43, 866986177," time.UTC)""",E972901583CC003C4C388EF2E6F5570ABF0D5B75,9,[86 95 196 3 19 176 218 146 45 3 19 193 45 178 70 187 199 128 48 235 53 17 191 12 61 39 58 176 254 164 67 138 227 199 101 211 247 214 44 239 178 178 54 140 161 152 117 3 120 5 172 26 249 33 139 149 5 41 39 208 160 9 193 0]
72762387,true,0,SIGNED_MSG_TYPE_PREVOTE,B85C8963F72F9066BD7638E6291866495C956AFB78D78CDA0520BD47044F4006:1:C3E134208A95,"""time.Date(2024", time.June, 5, 7, 14, 43, 878654344," time.UTC)""",477858E6BF7E36ADB6062D224A0B06B7B4E5C26E,12,[37 61 98 224 165 156 101 211 32 206 112 87 243 210 244 44 119 102 233 254 83 12 4 213 141 206 117 214 75 36 124 118 59 227 45 41 232 230 54 63 70 94 120 123 191 225 165 4 97 179 119 70 72 218 240 6 217 140 218 0 164 87 200 1]
72762387,true,0,SIGNED_MSG_TYPE_PREVOTE,B85C8963F72F9066BD7638E6291866495C956AFB78D78CDA0520BD47044F4006:1:C3E134208A95,"""time.Date(2024", time.June, 5, 7, 14, 43, 890381261," time.UTC)""",94254934252CC8F55DF8FBCAD8431EAA8AEF665D,59,[27 74 41 117 204 113 183 167 40 28 23 7 213 167 76 109 173 190 247 109 21 173 73 65 21 58 95 76 161 65 106 116 97 226 24 125 70 13 217 231 186 253 187 155 82 142 19 254 165 143 129 242 90 83 104 63 210 52 98 24 66 30 159 14]
72762387,true,0,SIGNED_MSG_TYPE_PREVOTE,B85C8963F72F9066BD7638E6291866495C956AFB78D78CDA0520BD47044F4006:1:C3E134208A95,"""time.Date(2024", time.June, 5, 7, 14, 43, 888626661," time.UTC)""",DBDEA0E43C9EB037422D0E27C3FFEDF8692E9C97,17,[13 164 170 47 151 192 194 228 31 102 108 5 15 140 153 31 14 198 237 45 140 55 138 240 7 126 226 51 9 84 70 49 11 41 245 226 138 68 64 32 60 228 43 126 91 10 241 182 151 177 145 40 71 186 243 69 72 62 194 195 67 142 25 7]
72762387,true,0,SIGNED_MSG_TYPE_PREVOTE,B85C8963F72F9066BD7638E6291866495C956AFB78D78CDA0520BD47044F4006:1:C3E134208A95,"""time.Date(2024", time.June, 5, 7, 14, 43, 883119724," time.UTC)""",25D1BD6EF4DC88B30A471082281E05951303606E,52,[39 131 134 171 42 48 77 208 195 37 232 217 185 238 201 239 224 18 34 221 170 22 249 46 126 178 186 109 124 66 2 199 122 104 212 50 105 238 168 189 67 169 43 152 111 249 249 5 110 209 250 83 206 48 179 31 126 112 189 135 70 72 42 14]
72762387,true,0,SIGNED_MSG_TYPE_PREVOTE,B85C8963F72F9066BD7638E6291866495C956AFB78D78CDA0520BD47044F4006:1:C3E134208A95,"""time.Date(2024", time.June, 5, 7, 14, 43, 869932378," time.UTC)""",7A6A9DEE7D8F3BAA83F2C3A0179D74ED1487932C,56,[87 228 224 220 58 219 124 215 52 254 39 31 250 107 162 109 146 36 186 68 75 71 98 241 55 55 120 91 153 56 199 166 169 73 79 119 142 12 39 139 155 140 159 209 202 250 219 74 183 171 69 42 31 171 148 64 21 197 224 71 154 139 174 13]
72762387,true,0,SIGNED_MSG_TYPE_PREVOTE,B85C8963F72F9066BD7638E6291866495C956AFB78D78CDA0520BD47044F4006:1:C3E134208A95,"""time.Date(2024", time.June, 5, 7, 14, 43, 876891362," time.UTC)""",37DB750B74026B12F0D49633F95881A8EF8AE47C,28,[87 51 156 202 62 245 1 201 251 46 114 109 229 244 183 82 180 219 26 29 148 101 47 59 207 18 144 193 11 158 22 73 205 196 9 57 99 197 155 116 211 92 88 216 224 126 117 35 201 151 231 1 47 182 101 88 254 17 26 44 118 148 93 1]
72762387,true,0,SIGNED_MSG_TYPE_PREVOTE,B85C8963F72F9066BD7638E6291866495C956AFB78D78CDA0520BD47044F4006:1:C3E134208A95,"""time.Date(2024", time.June, 5, 7, 14, 43, 902271347," time.UTC)""",85E4F7F146AC27A420D3319D2F2CC65A79D2A0DA,6,[60 100 10 164 34 167 133 190 198 195 251 73 51 121 64 9 27 100 117 135 91 23 5 84 246 247 28 242 177 15 69 55 106 161 27 73 107 12 110 120 30 122 128 243 215 130 253 239 217 84 78 83 188 122 168 183 187 103 136 89 182 94 231 7]
72762387,true,0,SIGNED_MSG_TYPE_PREVOTE,B85C8963F72F9066BD7638E6291866495C956AFB78D78CDA0520BD47044F4006:1:C3E134208A95,"""time.Date(2024", time.June, 5, 7, 14, 43, 873130398," time.UTC)""",04A437062C409FA51EC98A4DD649394BD18BDAD7,42,[17 158 73 207 229 50 71 126 90 81 191 104 141 134 22 9 221 179 68 155 212 120 166 61 40 164 153 177 184 102 134 234 112 101 163 84 178 29 134 52 255 248 76 177 121 139 25 238 134 222 4 78 149 211 109 206 138 251 35 60 9 122 127 15]
72762387,true,0,SIGNED_MSG_TYPE_PREVOTE,B85C8963F72F9066BD7638E6291866495C956AFB78D78CDA0520BD47044F4006:1:C3E134208A95,"""time.Date(2024", time.June, 5, 7, 14, 43, 900339613," time.UTC)""",03E0A1287B25629B36D6AA29E2E1F0CE00114162,32,[18 55 162 105 132 219 6 181 14 133 172 86 23 42 187 223 220 148 113 182 81 46 189 30 208 117 59 206 244 128 136 36 254 5 178 209 153 231 27 56 195 223 202 6 69 100 164 166 247 153 50 208 89 98 219 209 117 87 13 192 97 14 148 4]
72762387,true,0,SIGNED_MSG_TYPE_PREVOTE,B85C8963F72F9066BD7638E6291866495C956AFB78D78CDA0520BD47044F4006:1:C3E134208A95,"""time.Date(2024", time.June, 5, 7, 14, 43, 858939625," time.UTC)""",E411277DCD8DEF23ED5BCA3F1FEC169FDB10EF7B,23,[83 188 210 35 230 191 124 194 142 96 159 55 188 164 217 15 177 176 28 100 162 236 81 190 35 203 72 174 147 11 170 248 212 171 3 139 221 152 110 57 35 122 170 224 45 41 51 157 103 234 227 143 234 76 125 175 55 213 32 97 154 120 102 0]
72762387,true,0,SIGNED_MSG_TYPE_PREVOTE,B85C8963F72F9066BD7638E6291866495C956AFB78D78CDA0520BD47044F4006:1:C3E134208A95,"""time.Date(2024", time.June, 5, 7, 14, 43, 899125268," time.UTC)""",2476D36C0C9E1B50A66B8CC8E89D75184F374DDF,37,[136 98 109 189 25 61 134 75 242 66 140 214 179 51 181 214 180 174 159 94 222 209 77 52 190 89 138 227 54 156 42 236 165 169 228 174 136 100 120 247 121 85 219 64 87 255 218 215 191 204 130 163 201 231 109 135 80 208 144 44 173 94 224 15]
72762387,true,0,SIGNED_MSG_TYPE_PREVOTE,B85C8963F72F9066BD7638E6291866495C956AFB78D78CDA0520BD47044F4006:1:C3E134208A95,"""time.Date(2024", time.June, 5, 7, 14, 43, 917152821," time.UTC)""",C07DCD3B5ABE8573BAA616F9DD0E3FCD8EC1F671,43,[128 243 55 244 185 54 250 212 92 139 200 252 125 237 109 189 55 246 137 35 190 160 79 23 67 97 203 88 73 147 247 242 133 91 1 241 198 138 36 89 84 82 202 231 54 161 150 7 90 87 205 38 169 27 115 176 42 135 172 253 74 160 244 5]
72762387,true,0,SIGNED_MSG_TYPE_PREVOTE,B85C8963F72F9066BD7638E6291866495C956AFB78D78CDA0520BD47044F4006:1:C3E134208A95,"""time.Date(2024", time.June, 5, 7, 14, 43, 915754077," time.UTC)""",B23EF0C68D0A7E679F334AE94102FF29B4872031,13,[224 193 132 14 76 11 159 160 197 50 239 234 190 130 213 102 175 174 85 255 148 218 5 95 223 196 119 46 4 230 226 250 107 32 79 93 123 219 36 213 167 3 94 188 185 131 82 207 4 20 4 189 33 115 119 143 250 69 250 76 1 129 219 5]
72762387,true,0,SIGNED_MSG_TYPE_PREVOTE,B85C8963F72F9066BD7638E6291866495C956AFB78D78CDA0520BD47044F4006:1:C3E134208A95,"""time.Date(2024", time.June, 5, 7, 14, 43, 879776082," time.UTC)""",0333D22DCA302543BCD1F5A1444CC80388DC9BA6,14,[168 240 73 0 221 3 9 148 105 140 98 45 31 47 238 209 73 151 47 93 32 192 231 75 223 89 175 93 194 11 146 195 168 217 90 199 246 22 67 43 22 107 101 62 80 49 221 215 40 124 232 195 235 54 74 194 108 125 175 195 93 134 27 7]
72762387,true,0,SIGNED_MSG_TYPE_PREVOTE,B85C8963F72F9066BD7638E6291866495C956AFB78D78CDA0520BD47044F4006:1:C3E134208A95,"""time.Date(2024", time.June, 5, 7, 14, 43, 874959118," time.UTC)""",1834E8A2FDE4644999EED5BD4B99B4A9A22C4351,48,[214 210 46 221 8 227 152 232 107 136 14 41 6 248 140 31 87 233 152 1 194 94 4 252 6 152 46 39 205 156 167 164 192 48 153 116 191 1 67 48 44 213 55 27 40 95 173 10 221 214 210 164 10 139 119 55 128 188 180 147 126 17 80 2]
72762387,true,0,SIGNED_MSG_TYPE_PREVOTE,B85C8963F72F9066BD7638E6291866495C956AFB78D78CDA0520BD47044F4006:1:C3E134208A95,"""time.Date(2024", time.June, 5, 7, 14, 43, 881676326," time.UTC)""",2620065FADD91C5E06AF25A3B7F864483BA1C3B9,30,[124 244 64 191 204 223 78 76 203 198 189 154 34 125 106 37 112 174 5 57 17 183 140 203 100 154 20 216 146 26 85 164 249 60 231 232 63 89 16 30 245 218 204 201 252 48 75 105 113 70 247 59 158 121 154 123 69 60 238 252 247 206 225 8]
72762387,true,0,SIGNED_MSG_TYPE_PREVOTE,B85C8963F72F9066BD7638E6291866495C956AFB78D78CDA0520BD47044F4006:1:C3E134208A95,"""time.Date(2024", time.June, 5, 7, 14, 43, 866725259," time.UTC)""",33ED396C904DD8E9A1C2A43FB37C14F5DFDB6E8A,4,[72 94 91 192 143 93 63 221 153 24 76 146 42 134 35 102 142 113 254 129 101 240 115 2 189 142 1 61 101 85 188 49 38 113 254 75 97 235 13 28 42 210 23 45 71 189 249 255 43 37 213 15 210 72 234 140 252 236 213 211 53 126 147 5]
72762387,true,0,SIGNED_MSG_TYPE_PREVOTE,B85C8963F72F9066BD7638E6291866495C956AFB78D78CDA0520BD47044F4006:1:C3E134208A95,"""time.Date(2024", time.June, 5, 7, 14, 43, 879459786," time.UTC)""",1802C437D15E7E54823BD82BF59449F1245E063F,49,[200 142 121 18 71 36 89 47 187 157 120 126 126 111 244 83 84 244 7 229 21 164 103 33 143 48 169 109 139 47 66 88 246 186 224 242 96 103 18 7 117 41 100 19 153 115 53 254 229 42 187 15 205 126 171 127 142 219 215 137 212 212 0 7]
72762387,true,0,SIGNED_MSG_TYPE_PREVOTE,B85C8963F72F9066BD7638E6291866495C956AFB78D78CDA0520BD47044F4006:1:C3E134208A95,"""time.Date(2024", time.June, 5, 7, 14, 43, 871121481," time.UTC)""",7708F8E0AAA106588B6BBA4A97C03FE9EE6B42AE,41,[186 215 189 150 24 106 174 252 73 2 141 210 124 133 237 36 71 29 80 59 72 94 72 201 169 79 159 125 238 122 145 91 135 37 1 177 199 55 151 81 21 244 34 244 158 240 75 12 167 236 48 34 117 117 44 31 0 171 39 121 135 129 143 0]
72762387,true,0,SIGNED_MSG_TYPE_PREVOTE,B85C8963F72F9066BD7638E6291866495C956AFB78D78CDA0520BD47044F4006:1:C3E134208A95,"""time.Date(2024", time.June, 5, 7, 14, 43, 884917404," time.UTC)""",F897158AFD5DE9D1A185219304E216FE0E812A46,54,[189 89 235 174 47 210 85 120 13 74 182 114 151 222 73 18 214 146 98 53 231 105 235 179 175 181 241 33 212 227 249 145 141 41 70 118 139 171 20 1 95 215 25 183 90 253 32 3 205 99 78 73 152 16 69 100 221 28 57 106 60 20 83 4]
72762387,true,0,SIGNED_MSG_TYPE_PREVOTE,B85C8963F72F9066BD7638E6291866495C956AFB78D78CDA0520BD47044F4006:1:C3E134208A95,"""time.Date(2024", time.June, 5, 7, 14, 43, 856718260," time.UTC)""",83F37CAC72A41C27C3005B623F0D4DEB9CE5A20E,51,[213 17 109 60 192 1 74 134 188 21 73 137 101 173 137 12 96 230 123 208 231 111 12 244 71 139 176 211 93 152 195 63 235 213 251 125 165 205 46 170 217 133 2 63 5 73 197 222 141 75 108 132 37 84 136 193 177 234 98 130 26 185 129 3]
72762387,true,0,SIGNED_MSG_TYPE_PRECOMMIT,B85C8963F72F9066BD7638E6291866495C956AFB78D78CDA0520BD47044F4006:1:C3E134208A95,"""time.Date(2024", time.June, 5, 7, 14, 43, 938738056," time.UTC)""",FEAA42B0C3582CF9EBE4BD52082B90636C8BF3A5,31,[25 83 246 242 93 15 213 10 25 12 12 79 66 65 245 245 197 176 171 203 23 134 195 56 148 104 100 26 2 92 174 182 247 245 23 10 125 69 84 40 209 238 97 25 121 220 182 242 38 74 107 135 241 75 185 6 12 93 142 181 66 202 3 14]
72762387,true,0,SIGNED_MSG_TYPE_PRECOMMIT,B85C8963F72F9066BD7638E6291866495C956AFB78D78CDA0520BD47044F4006:1:C3E134208A95,"""time.Date(2024", time.June, 5, 7, 14, 43, 949176938," time.UTC)""",37DB750B74026B12F0D49633F95881A8EF8AE47C,28,[248 82 224 24 101 38 191 39 192 17 48 46 150 235 13 13 49 66 72 230 179 205 250 132 181 55 119 193 156 100 75 79 91 61 209 120 233 238 17 141 98 135 56 1 202 178 76 38 10 169 80 138 162 34 66 29 169 51 147 199 115 246 0 15]
72762387,true,0,SIGNED_MSG_TYPE_PRECOMMIT,B85C8963F72F9066BD7638E6291866495C956AFB78D78CDA0520BD47044F4006:1:C3E134208A95,"""time.Date(2024", time.June, 5, 7, 14, 43, 931379645," time.UTC)""",6C56084E1CFA331628C8EB1DA6F865922457A975,5,[85 30 232 141 66 121 37 135 151 85 14 177 163 70 171 254 38 19 111 244 12 133 95 145 237 242 37 210 221 49 139 218 91 164 213 36 23 248 19 4 63 45 49 1 67 70 117 44 184 1 97 107 189 81 177 155 196 16 63 189 21 246 80 9]
72762387,true,0,SIGNED_MSG_TYPE_PRECOMMIT,B85C8963F72F9066BD7638E6291866495C956AFB78D78CDA0520BD47044F4006:1:C3E134208A95,"""time.Date(2024", time.June, 5, 7, 14, 43, 939171692," time.UTC)""",E411277DCD8DEF23ED5BCA3F1FEC169FDB10EF7B,23,[190 48 199 192 41 27 58 156 190 122 48 2 88 205 179 81 232 69 115 45 241 139 20 20 32 174 134 63 151 96 67 25 240 125 43 183 220 115 27 221 125 128 182 193 188 143 192 210 56 72 146 193 255 249 170 51 200 200 157 248 134 103 206 10]
72762387,true,0,SIGNED_MSG_TYPE_PRECOMMIT,B85C8963F72F9066BD7638E6291866495C956AFB78D78CDA0520BD47044F4006:1:C3E134208A95,"""time.Date(2024", time.June, 5, 7, 14, 43, 929972906," time.UTC)""",83F37CAC72A41C27C3005B623F0D4DEB9CE5A20E,51,[183 209 159 101 247 87 103 61 46 21 223 82 48 203 28 191 118 109 104 203 61 2 83 38 44 93 103 108 164 20 223 172 159 183 253 43 229 194 166 136 169 198 131 120 253 133 139 132 170 190 227 104 133 123 26 225 203 94 32 196 40 75 16 10]
72762387,true,0,SIGNED_MSG_TYPE_PRECOMMIT,B85C8963F72F9066BD7638E6291866495C956AFB78D78CDA0520BD47044F4006:1:C3E134208A95,"""time.Date(2024", time.June, 5, 7, 14, 43, 942188714," time.UTC)""",F530BDDB1CF813670A6F6F1E574474D4C91385F5,2,[251 32 135 49 208 85 47 39 80 207 125 168 8 41 119 147 198 51 52 35 162 200 205 113 103 206 224 194 34 17 150 227 14 13 159 61 33 31 57 50 59 47 102 74 170 73 140 170 98 53 240 50 245 69 89 243 4 230 94 122 195 137 33 0]
72762387,true,0,SIGNED_MSG_TYPE_PRECOMMIT,B85C8963F72F9066BD7638E6291866495C956AFB78D78CDA0520BD47044F4006:1:C3E134208A95,"""time.Date(2024", time.June, 5, 7, 14, 43, 949513949," time.UTC)""",85E4F7F146AC27A420D3319D2F2CC65A79D2A0DA,6,[111 88 180 158 7 244 186 106 28 38 0 93 192 132 27 201 86 91 67 190 226 165 170 160 189 135 251 57 18 45 150 134 131 85 32 50 54 157 7 141 233 98 239 140 70 75 45 45 145 122 14 141 166 162 110 173 103 139 90 120 95 178 190 15]
72762387,true,0,SIGNED_MSG_TYPE_PRECOMMIT,B85C8963F72F9066BD7638E6291866495C956AFB78D78CDA0520BD47044F4006:1:C3E134208A95,"""time.Date(2024", time.June, 5, 7, 14, 43, 939702696," time.UTC)""",1834E8A2FDE4644999EED5BD4B99B4A9A22C4351,48,[189 41 255 87 101 113 207 109 126 168 30 91 165 222 142 68 72 10 28 162 117 241 213 237 65 93 46 163 166 64 215 39 166 80 232 180 136 22 143 64 233 153 36 63 193 81 71 234 246 132 215 35 104 40 243 21 135 92 201 196 117 108 4 11]
72762387,true,0,SIGNED_MSG_TYPE_PRECOMMIT,B85C8963F72F9066BD7638E6291866495C956AFB78D78CDA0520BD47044F4006:1:C3E134208A95,"""time.Date(2024", time.June, 5, 7, 14, 43, 946890121," time.UTC)""",7781FA16ADC57E109F63BD1E29F14F9D3817E14A,35,[112 87 117 43 148 23 126 49 189 97 25 218 120 249 238 173 139 222 146 119 77 62 206 152 224 173 150 63 181 41 201 137 96 127 182 78 7 248 207 171 247 108 32 201 245 255 32 223 123 201 242 110 238 15 178 199 235 68 2 105 87 125 94 4]
72762387,true,0,SIGNED_MSG_TYPE_PRECOMMIT,B85C8963F72F9066BD7638E6291866495C956AFB78D78CDA0520BD47044F4006:1:C3E134208A95,"""time.Date(2024", time.June, 5, 7, 14, 43, 931318993," time.UTC)""",E972901583CC003C4C388EF2E6F5570ABF0D5B75,9,[189 0 77 56 137 125 206 131 106 104 85 62 90 121 92 159 68 38 70 20 32 42 21 236 148 74 165 0 22 214 37 180 107 208 115 114 105 143 234 157 219 55 87 83 207 1 180 36 42 11 169 74 2 254 157 42 44 249 56 110 187 84 184 15]
72762387,true,0,SIGNED_MSG_TYPE_PREVOTE,B85C8963F72F9066BD7638E6291866495C956AFB78D78CDA0520BD47044F4006:1:C3E134208A95,"""time.Date(2024", time.June, 5, 7, 14, 43, 881157969," time.UTC)""",77D3FF15AD886E93068C09F5E5C643537511A3A5,33,[70 207 26 119 91 89 207 127 20 104 187 7 98 182 180 144 147 57 98 218 201 173 178 81 101 224 22 7 20 17 82 187 170 189 87 48 224 153 41 103 147 108 12 89 51 152 81 0 205 174 27 103 198 119 222 221 222 46 181 185 52 54 140 1]
72762387,true,0,SIGNED_MSG_TYPE_PRECOMMIT,B85C8963F72F9066BD7638E6291866495C956AFB78D78CDA0520BD47044F4006:1:C3E134208A95,"""time.Date(2024", time.June, 5, 7, 14, 43, 939929076," time.UTC)""",25D1BD6EF4DC88B30A471082281E05951303606E,52,[242 11 80 156 117 160 173 39 170 176 82 20 173 98 92 48 155 34 152 239 149 227 127 164 231 33 72 52 108 173 129 74 242 105 17 1 45 128 68 49 85 213 147 169 171 223 71 0 132 57 93 254 153 70 151 176 80 156 91 97 100 145 227 15]
72762387,true,0,SIGNED_MSG_TYPE_PRECOMMIT,B85C8963F72F9066BD7638E6291866495C956AFB78D78CDA0520BD47044F4006:1:C3E134208A95,"""time.Date(2024", time.June, 5, 7, 14, 43, 953625002," time.UTC)""",94254934252CC8F55DF8FBCAD8431EAA8AEF665D,59,[176 165 90 63 93 102 145 53 101 255 220 200 146 34 152 5 4 86 125 94 62 6 171 178 37 58 186 113 59 94 181 81 237 23 103 113 89 215 247 7 74 137 45 148 197 188 144 143 167 134 215 245 74 137 29 37 249 71 47 53 62 232 20 13]
72762387,true,0,SIGNED_MSG_TYPE_PRECOMMIT,B85C8963F72F9066BD7638E6291866495C956AFB78D78CDA0520BD47044F4006:1:C3E134208A95,"""time.Date(2024", time.June, 5, 7, 14, 43, 939011259," time.UTC)""",B785C7308D551BD1B227981BF938FE8AD3D3E3AF,11,[85 178 230 108 252 130 124 19 158 116 140 83 78 114 155 128 136 228 138 182 1 43 174 70 6 23 249 234 13 27 14 148 186 33 46 102 243 246 14 188 104 173 30 53 45 181 121 81 52 99 125 159 101 93 226 36 220 170 247 15 50 219 238 6]
72762387,true,0,SIGNED_MSG_TYPE_PREVOTE,B85C8963F72F9066BD7638E6291866495C956AFB78D78CDA0520BD47044F4006:1:C3E134208A95,"""time.Date(2024", time.June, 5, 7, 14, 43, 906387367," time.UTC)""",E353C5C89FB60D2EBFC2F238F1CC11673C980E45,45,[218 167 206 32 6 97 56 163 48 29 161 253 143 60 85 247 132 222 123 211 185 54 161 68 226 203 92 91 105 178 170 136 219 109 39 95 234 100 59 25 85 228 211 24 106 226 101 70 70 35 50 151 167 162 162 147 145 219 31 213 112 135 234 3]
72762387,true,0,SIGNED_MSG_TYPE_PRECOMMIT,B85C8963F72F9066BD7638E6291866495C956AFB78D78CDA0520BD47044F4006:1:C3E134208A95,"""time.Date(2024", time.June, 5, 7, 14, 43, 939058331," time.UTC)""",7708F8E0AAA106588B6BBA4A97C03FE9EE6B42AE,41,[101 207 78 111 143 155 239 52 219 230 130 43 142 62 210 100 107 190 186 154 91 41 9 40 122 187 85 227 147 1 118 34 210 217 143 29 27 255 16 66 6 165 110 63 155 187 191 170 104 7 100 47 45 0 134 12 28 9 0 95 63 96 117 1]
72762387,true,0,SIGNED_MSG_TYPE_PRECOMMIT,B85C8963F72F9066BD7638E6291866495C956AFB78D78CDA0520BD47044F4006:1:C3E134208A95,"""time.Date(2024", time.June, 5, 7, 14, 43, 944640036," time.UTC)""",EC975EDDA923754C6BA6044DC6041B35D7AD92CF,34,[135 67 55 225 167 58 254 40 107 33 96 241 189 225 166 17 207 167 194 179 90 97 100 187 183 151 163 231 61 204 70 3 191 75 54 46 141 76 129 107 96 173 172 136 208 49 210 131 170 136 154 94 250 5 152 121 90 176 230 10 90 43 6 15]
72762387,true,0,SIGNED_MSG_TYPE_PRECOMMIT,B85C8963F72F9066BD7638E6291866495C956AFB78D78CDA0520BD47044F4006:1:C3E134208A95,"""time.Date(2024", time.June, 5, 7, 14, 43, 950194694," time.UTC)""",9DFCC2E344433CBF2DA533E871EDF765E28FB74E,20,[181 56 118 41 47 130 188 233 140 140 220 109 208 218 132 142 9 105 106 44 184 11 15 63 20 87 18 14 105 152 107 138 253 39 31 5 159 243 206 2 219 166 131 237 236 108 5 228 159 166 242 83 139 173 169 218 49 60 63 3 226 64 103 0]
72762387,true,0,SIGNED_MSG_TYPE_PRECOMMIT,B85C8963F72F9066BD7638E6291866495C956AFB78D78CDA0520BD47044F4006:1:C3E134208A95,"""time.Date(2024", time.June, 5, 7, 14, 43, 917872258," time.UTC)""",545768F1C4F1EE3E7EF93DE8E59FD57A506CEE92,1,[89 29 161 140 124 28 3 142 209 68 163 86 12 77 108 205 213 141 228 68 64 25 149 84 240 176 2 118 64 17 1 199 124 169 163 194 9 228 22 134 191 66 74 101 219 159 88 38 206 242 24 176 230 40 254 59 178 105 43 219 203 119 250 5]
72762387,true,0,SIGNED_MSG_TYPE_PRECOMMIT,B85C8963F72F9066BD7638E6291866495C956AFB78D78CDA0520BD47044F4006:1:C3E134208A95,"""time.Date(2024", time.June, 5, 7, 14, 43, 945418556," time.UTC)""",D8DA9CB98162675E9DEB388EE17C360D702D5B96,22,[3 220 215 217 189 19 0 213 84 249 20 30 140 204 131 248 133 25 44 52 253 24 220 222 193 242 52 192 229 218 226 191 161 140 77 67 154 127 174 231 159 77 177 209 109 231 112 81 84 60 143 229 192 36 247 178 184 10 192 240 131 204 126 0]
72762387,true,0,SIGNED_MSG_TYPE_PRECOMMIT,B85C8963F72F9066BD7638E6291866495C956AFB78D78CDA0520BD47044F4006:1:C3E134208A95,"""time.Date(2024", time.June, 5, 7, 14, 43, 940729955," time.UTC)""",B6CD0957B63DB73E8AC0E51CD0DE53AF40AC47D7,47,[197 232 92 50 121 150 41 64 13 227 173 248 95 126 73 130 217 63 236 119 133 70 9 34 176 248 195 18 108 70 149 104 235 193 197 171 46 87 53 5 208 24 169 237 193 54 56 242 213 166 125 248 58 212 105 178 225 174 200 29 59 231 75 9]
72762387,true,0,SIGNED_MSG_TYPE_PRECOMMIT,B85C8963F72F9066BD7638E6291866495C956AFB78D78CDA0520BD47044F4006:1:C3E134208A95,"""time.Date(2024", time.June, 5, 7, 14, 43, 951028991," time.UTC)""",1802C437D15E7E54823BD82BF59449F1245E063F,49,[162 138 147 117 220 3 188 231 58 90 162 151 201 90 254 152 15 76 77 173 240 60 148 173 52 121 180 254 124 129 193 204 61 171 4 166 75 211 190 163 11 21 28 129 13 51 96 184 39 152 152 113 137 232 68 75 133 180 175 122 50 181 245 12]
72762387,true,0,SIGNED_MSG_TYPE_PRECOMMIT,B85C8963F72F9066BD7638E6291866495C956AFB78D78CDA0520BD47044F4006:1:C3E134208A95,"""time.Date(2024", time.June, 5, 7, 14, 43, 941735677," time.UTC)""",F897158AFD5DE9D1A185219304E216FE0E812A46,54,[112 132 248 3 156 36 207 171 238 239 148 213 222 2 160 135 135 134 231 194 17 227 174 205 207 74 153 100 244 60 156 91 252 197 187 85 39 58 101 227 102 201 132 6 254 84 118 197 74 183 188 28 242 87 74 182 124 4 116 200 249 177 204 12]
72762387,true,0,SIGNED_MSG_TYPE_PRECOMMIT,B85C8963F72F9066BD7638E6291866495C956AFB78D78CDA0520BD47044F4006:1:C3E134208A95,"""time.Date(2024", time.June, 5, 7, 14, 43, 937150050," time.UTC)""",477858E6BF7E36ADB6062D224A0B06B7B4E5C26E,12,[126 218 228 171 209 70 173 232 88 242 225 149 124 185 220 16 2 23 14 219 159 120 32 4 228 102 18 129 127 94 73 254 31 223 2 46 169 140 74 29 246 176 38 111 195 125 12 119 242 170 237 125 117 119 195 227 107 58 100 162 174 87 37 7]
72762387,true,0,SIGNED_MSG_TYPE_PRECOMMIT,B85C8963F72F9066BD7638E6291866495C956AFB78D78CDA0520BD47044F4006:1:C3E134208A95,"""time.Date(2024", time.June, 5, 7, 14, 43, 950983666," time.UTC)""",0333D22DCA302543BCD1F5A1444CC80388DC9BA6,14,[174 127 10 16 162 122 151 229 138 251 210 43 49 143 87 24 89 200 192 168 236 2 226 237 130 114 59 10 155 245 234 18 73 221 33 55 105 95 48 117 157 15 120 68 91 81 72 37 119 94 126 135 238 141 145 76 36 62 109 106 240 216 250 2]
72762387,true,0,SIGNED_MSG_TYPE_PRECOMMIT,B85C8963F72F9066BD7638E6291866495C956AFB78D78CDA0520BD47044F4006:1:C3E134208A95,"""time.Date(2024", time.June, 5, 7, 14, 43, 945414925," time.UTC)""",E6643CC7E375FF889EAA59F7FCB93F4DE35403DB,55,[150 79 140 202 59 137 23 200 111 207 4 248 85 91 61 10 83 247 142 140 156 151 177 233 205 202 34 232 149 95 171 249 47 27 225 154 84 38 148 17 164 140 200 97 170 25 38 63 167 130 123 76 90 126 164 181 75 199 53 238 179 126 214 13]
72762387,true,0,SIGNED_MSG_TYPE_PRECOMMIT,B85C8963F72F9066BD7638E6291866495C956AFB78D78CDA0520BD47044F4006:1:C3E134208A95,"""time.Date(2024", time.June, 5, 7, 14, 43, 945113985," time.UTC)""",33ED396C904DD8E9A1C2A43FB37C14F5DFDB6E8A,4,[17 145 72 117 249 214 225 131 23 72 95 94 49 118 67 148 18 174 214 182 76 223 47 189 142 8 219 30 166 249 122 13 105 87 206 66 74 134 157 232 187 94 238 133 240 202 181 88 238 243 19 15 27 170 150 42 233 122 108 89 226 65 213 4]
72762387,true,0,SIGNED_MSG_TYPE_PRECOMMIT,B85C8963F72F9066BD7638E6291866495C956AFB78D78CDA0520BD47044F4006:1:C3E134208A95,"""time.Date(2024", time.June, 5, 7, 14, 43, 946728678," time.UTC)""",DD2C988B278E526870DD97D7BA75EEAA2FEBD55D,3,[105 208 236 122 160 185 55 158 154 203 77 68 213 61 184 109 6 99 167 128 130 181 236 106 159 221 213 18 10 103 222 108 86 159 40 225 226 244 234 232 242 37 146 20 28 55 45 228 30 33 7 195 60 18 81 22 193 120 80 1 48 164 14 4]
72762387,true,0,SIGNED_MSG_TYPE_PRECOMMIT,B85C8963F72F9066BD7638E6291866495C956AFB78D78CDA0520BD47044F4006:1:C3E134208A95,"""time.Date(2024", time.June, 5, 7, 14, 43, 947558178," time.UTC)""",2476D36C0C9E1B50A66B8CC8E89D75184F374DDF,37,[10 88 229 217 131 55 190 141 199 10 130 63 109 211 199 194 46 58 216 74 10 212 72 59 163 145 45 242 109 164 116 67 58 44 99 124 58 37 26 163 21 17 116 147 32 55 160 146 17 114 77 234 120 56 81 80 13 36 46 76 192 238 28 9]
72762387,true,0,SIGNED_MSG_TYPE_PRECOMMIT,B85C8963F72F9066BD7638E6291866495C956AFB78D78CDA0520BD47044F4006:1:C3E134208A95,"""time.Date(2024", time.June, 5, 7, 14, 43, 954307013," time.UTC)""",723BF86C2B20B4CF6FF2E99BE6071F8F29B46574,50,[130 195 9 129 209 139 140 117 1 203 118 10 52 94 174 174 73 223 246 26 41 196 113 203 108 233 254 234 130 247 201 152 21 245 254 247 242 235 150 31 86 212 115 90 36 163 146 121 120 99 107 51 29 210 250 187 176 200 128 70 239 72 134 2]
72762387,true,0,SIGNED_MSG_TYPE_PRECOMMIT,B85C8963F72F9066BD7638E6291866495C956AFB78D78CDA0520BD47044F4006:1:C3E134208A95,"""time.Date(2024", time.June, 5, 7, 14, 43, 949225513," time.UTC)""",7A6A9DEE7D8F3BAA83F2C3A0179D74ED1487932C,56,[163 209 115 255 241 244 133 11 72 25 193 223 198 207 45 63 17 158 31 66 125 5 102 97 226 112 77 151 66 18 244 38 88 183 153 86 17 245 58 120 128 18 94 212 74 144 67 80 178 79 59 81 156 105 163 194 6 184 248 131 51 141 124 14]
72762387,true,0,SIGNED_MSG_TYPE_PRECOMMIT,B85C8963F72F9066BD7638E6291866495C956AFB78D78CDA0520BD47044F4006:1:C3E134208A95,"""time.Date(2024", time.June, 5, 7, 14, 43, 951203943," time.UTC)""",17EB7B0873CCD83EA77A62C34FF84A910C5F3CE0,36,[189 61 134 168 172 129 197 235 142 157 195 111 160 175 51 99 54 75 224 174 193 181 155 145 169 160 239 31 52 77 131 184 138 21 93 220 68 168 41 220 69 212 16 43 139 62 217 113 128 86 69 237 2 66 232 118 63 250 178 184 107 2 11 0]
72762387,true,0,SIGNED_MSG_TYPE_PRECOMMIT,B85C8963F72F9066BD7638E6291866495C956AFB78D78CDA0520BD47044F4006:1:C3E134208A95,"""time.Date(2024", time.June, 5, 7, 14, 43, 948155778," time.UTC)""",307CB9AA68447995515D2AE44EFA82966715B057,58,[38 196 115 50 230 124 165 241 196 38 241 237 65 162 119 205 124 27 246 226 204 192 79 14 86 108 168 137 51 61 16 154 67 94 217 158 191 197 218 35 223 128 254 159 206 20 117 144 118 5 222 94 132 41 123 11 143 254 9 46 37 38 240 5]
72762387,true,0,SIGNED_MSG_TYPE_PREVOTE,B85C8963F72F9066BD7638E6291866495C956AFB78D78CDA0520BD47044F4006:1:C3E134208A95,"""time.Date(2024", time.June, 5, 7, 14, 43, 915998484," time.UTC)""",6087607E1E56F6EE7934ABAF65834C92D618104C,21,[27 27 145 239 204 149 246 125 146 46 21 12 45 199 207 96 65 134 205 46 102 243 160 24 190 80 210 70 98 133 219 27 132 113 191 105 155 227 204 179 102 235 24 142 157 208 191 187 205 77 209 194 191 33 161 134 239 157 144 113 149 28 238 14]
72762387,true,0,SIGNED_MSG_TYPE_PREVOTE,B85C8963F72F9066BD7638E6291866495C956AFB78D78CDA0520BD47044F4006:1:C3E134208A95,"""time.Date(2024", time.June, 5, 7, 14, 43, 917997819," time.UTC)""",39633DD07F87E216E0CAD01E0BE216E22F89AB3F,0,[239 242 50 199 81 34 219 180 197 208 3 94 78 203 228 102 32 71 76 223 49 59 85 72 165 206 155 93 51 42 3 29 106 108 188 66 110 114 1 152 30 148 57 173 18 214 68 49 125 105 38 59 62 113 211 132 181 68 185 151 167 140 126 8]
72762387,true,0,SIGNED_MSG_TYPE_PRECOMMIT,B85C8963F72F9066BD7638E6291866495C956AFB78D78CDA0520BD47044F4006:1:C3E134208A95,"""time.Date(2024", time.June, 5, 7, 14, 43, 951839600," time.UTC)""",CDF55ACD97B31A67662BD0BEBC673E5B5FAAEC04,7,[254 195 146 8 247 205 71 196 191 159 222 233 134 228 235 217 107 225 213 233 193 206 75 111 247 25 146 5 240 199 160 15 242 42 82 211 163 88 129 39 24 143 53 53 116 111 48 241 195 133 207 193 63 56 160 135 184 132 250 30 42 86 253 12]
72762387,true,0,SIGNED_MSG_TYPE_PRECOMMIT,B85C8963F72F9066BD7638E6291866495C956AFB78D78CDA0520BD47044F4006:1:C3E134208A95,"""time.Date(2024", time.June, 5, 7, 14, 43, 952911104," time.UTC)""",37B3F9E462967F150F5BF98A7A355F3531B58D12,8,[7 5 181 12 14 124 80 121 139 17 2 9 36 34 176 187 238 172 49 72 47 155 204 51 205 218 2 114 243 28 120 67 239 21 119 64 10 67 232 213 16 47 228 140 115 131 2 131 200 62 80 157 126 8 247 230 70 161 155 208 111 103 137 0]
72762387,true,0,SIGNED_MSG_TYPE_PRECOMMIT,B85C8963F72F9066BD7638E6291866495C956AFB78D78CDA0520BD47044F4006:1:C3E134208A95,"""time.Date(2024", time.June, 5, 7, 14, 43, 941989227," time.UTC)""",37CE71AD8CD4DC01D8798E103A70978591708169,25,[58 157 107 165 132 143 91 174 85 23 52 153 56 214 214 98 170 206 216 242 14 4 34 156 47 19 228 97 206 189 210 138 78 26 71 144 97 64 36 254 219 203 0 36 23 165 92 114 45 48 197 166 144 189 184 163 68 27 241 117 64 139 232 12]
72762387,true,0,SIGNED_MSG_TYPE_PRECOMMIT,B85C8963F72F9066BD7638E6291866495C956AFB78D78CDA0520BD47044F4006:1:C3E134208A95,"""time.Date(2024", time.June, 5, 7, 14, 43, 947566230," time.UTC)""",6460844B2C81E87F3E2A10667787BB7600CFA970,16,[19 165 86 207 144 86 85 43 135 10 69 235 8 230 182 159 102 60 49 196 8 204 233 27 215 56 246 15 196 130 95 113 5 227 29 164 87 52 164 32 208 80 198 217 115 91 32 187 243 65 28 205 84 143 144 195 73 106 223 19 214 33 237 15]
72762387,true,0,SIGNED_MSG_TYPE_PRECOMMIT,B85C8963F72F9066BD7638E6291866495C956AFB78D78CDA0520BD47044F4006:1:C3E134208A95,"""time.Date(2024", time.June, 5, 7, 14, 43, 951551584," time.UTC)""",6A7EEC86B32DB79B018BE735ACA63BA5E4FD729A,38,[244 103 94 191 252 129 74 110 172 139 163 201 158 98 238 98 190 167 231 124 213 45 7 113 104 109 81 206 158 186 161 34 16 234 213 150 142 2 176 168 226 8 208 160 42 139 183 32 218 107 238 139 186 239 156 36 116 251 136 88 182 52 208 5]
72762387,true,0,SIGNED_MSG_TYPE_PRECOMMIT,B85C8963F72F9066BD7638E6291866495C956AFB78D78CDA0520BD47044F4006:1:C3E134208A95,"""time.Date(2024", time.June, 5, 7, 14, 43, 950512491," time.UTC)""",BBB6B7EB2D754EC2957CA5615DD5AB79415B0B1A,53,[8 83 243 66 219 141 76 202 155 125 6 93 17 62 203 210 187 137 43 124 223 102 191 29 107 5 4 252 222 209 123 189 49 51 62 147 70 42 161 243 149 115 205 205 50 53 254 233 101 166 222 162 35 108 162 36 32 146 153 80 161 195 203 6]
72762387,true,0,SIGNED_MSG_TYPE_PRECOMMIT,B85C8963F72F9066BD7638E6291866495C956AFB78D78CDA0520BD47044F4006:1:C3E134208A95,"""time.Date(2024", time.June, 5, 7, 14, 43, 948457480," time.UTC)""",CB807691C50A3B28DABBBBEBAB143A2F36C7C6E3,40,[179 41 123 238 25 23 209 170 29 55 198 3 48 164 30 166 215 217 19 99 108 155 43 134 170 150 182 21 83 238 140 235 204 210 197 11 200 133 3 3 184 181 203 34 40 179 58 77 201 146 243 26 241 232 77 209 68 97 198 3 68 138 129 0]
72762387,true,0,SIGNED_MSG_TYPE_PRECOMMIT,B85C8963F72F9066BD7638E6291866495C956AFB78D78CDA0520BD47044F4006:1:C3E134208A95,"""time.Date(2024", time.June, 5, 7, 14, 43, 948695168," time.UTC)""",2620065FADD91C5E06AF25A3B7F864483BA1C3B9,30,[134 14 242 152 225 144 65 175 123 16 181 240 34 140 64 246 52 66 152 252 226 9 231 66 77 29 146 156 85 173 252 104 102 57 239 57 43 150 157 243 195 221 62 82 231 137 98 41 142 244 130 175 130 39 144 168 82 226 153 246 130 126 19 2]
72762387,true,0,SIGNED_MSG_TYPE_PRECOMMIT,B85C8963F72F9066BD7638E6291866495C956AFB78D78CDA0520BD47044F4006:1:C3E134208A95,"""time.Date(2024", time.June, 5, 7, 14, 43, 959543873," time.UTC)""",C07DCD3B5ABE8573BAA616F9DD0E3FCD8EC1F671,43,[151 216 65 185 252 157 66 167 56 46 45 39 185 19 107 133 111 198 81 212 223 230 252 165 13 211 149 83 218 171 172 129 114 16 37 246 4 242 27 89 93 224 158 58 60 157 35 142 236 66 62 247 28 48 220 74 107 105 232 156 190 130 33 2]
72762387,true,0,SIGNED_MSG_TYPE_PRECOMMIT,B85C8963F72F9066BD7638E6291866495C956AFB78D78CDA0520BD47044F4006:1:C3E134208A95,"""time.Date(2024", time.June, 5, 7, 14, 43, 961978142," time.UTC)""",93739258C5626903BA444128CFB7439AA31AA93F,18,[171 203 14 201 6 114 69 54 48 16 218 230 66 89 75 153 112 40 171 58 124 5 242 243 128 24 176 71 108 239 215 1 45 25 251 71 55 47 157 119 33 203 69 145 85 181 214 64 239 217 124 27 231 123 0 188 93 219 158 149 221 71 38 14]
72762387,true,0,SIGNED_MSG_TYPE_PRECOMMIT,B85C8963F72F9066BD7638E6291866495C956AFB78D78CDA0520BD47044F4006:1:C3E134208A95,"""time.Date(2024", time.June, 5, 7, 14, 43, 952794187," time.UTC)""",B23EF0C68D0A7E679F334AE94102FF29B4872031,13,[229 147 113 58 179 99 203 135 19 9 1 10 249 252 143 159 109 223 45 106 111 102 212 46 72 184 226 242 235 179 29 245 187 90 17 116 197 80 106 132 79 119 112 209 52 45 82 205 165 251 45 18 206 167 82 55 84 182 72 84 136 173 40 8]
72762387,true,0,SIGNED_MSG_TYPE_PRECOMMIT,B85C8963F72F9066BD7638E6291866495C956AFB78D78CDA0520BD47044F4006:1:C3E134208A95,"""time.Date(2024", time.June, 5, 7, 14, 43, 939646602," time.UTC)""",D7B69269E457E7AF1439C43944AA2AC829FD7CB8,46,[88 141 10 29 16 115 147 102 192 142 184 130 204 38 139 143 33 99 205 147 8 252 179 101 108 234 97 112 169 253 69 188 85 173 27 251 97 87 164 159 183 222 110 17 48 222 127 191 7 15 195 113 176 149 70 42 105 235 108 207 240 15 201 12]
72762387,true,0,SIGNED_MSG_TYPE_PRECOMMIT,B85C8963F72F9066BD7638E6291866495C956AFB78D78CDA0520BD47044F4006:1:C3E134208A95,"""time.Date(2024", time.June, 5, 7, 14, 43, 949078512," time.UTC)""",04A437062C409FA51EC98A4DD649394BD18BDAD7,42,[18 156 71 235 158 62 152 71 191 248 172 163 239 215 90 121 180 125 166 164 58 94 233 235 192 197 11 104 84 229 170 213 246 238 244 227 234 170 89 205 180 4 250 129 61 127 42 20 29 139 121 121 201 79 151 206 37 122 235 120 220 218 223 9]
72762387,true,0,SIGNED_MSG_TYPE_PRECOMMIT,B85C8963F72F9066BD7638E6291866495C956AFB78D78CDA0520BD47044F4006:1:C3E134208A95,"""time.Date(2024", time.June, 5, 7, 14, 43, 942841079," time.UTC)""",D0C143A237A69569CC7CECB0DAC2EA95F88B26B3,27,[144 141 138 249 255 5 235 111 166 204 160 192 235 110 23 42 82 128 143 21 188 255 26 200 44 160 140 231 67 47 198 138 160 244 237 185 54 1 221 40 36 207 96 129 34 8 37 179 27 111 136 172 167 137 176 125 48 171 221 83 170 230 45 12]
72762387,true,0,SIGNED_MSG_TYPE_PRECOMMIT,B85C8963F72F9066BD7638E6291866495C956AFB78D78CDA0520BD47044F4006:1:C3E134208A95,"""time.Date(2024", time.June, 5, 7, 14, 43, 972304912," time.UTC)""",DBDEA0E43C9EB037422D0E27C3FFEDF8692E9C97,17,[191 14 169 35 44 147 113 168 66 253 195 62 72 31 72 243 207 206 185 130 87 236 144 64 213 50 157 32 10 182 211 194 180 194 134 3 24 123 182 130 199 16 64 220 3 246 6 140 205 74 241 69 196 197 199 91 211 96 74 14 221 137 178 15]
72762387,true,0,SIGNED_MSG_TYPE_PRECOMMIT,B85C8963F72F9066BD7638E6291866495C956AFB78D78CDA0520BD47044F4006:1:C3E134208A95,"""time.Date(2024", time.June, 5, 7, 14, 43, 947785069," time.UTC)""",77D3FF15AD886E93068C09F5E5C643537511A3A5,33,[60 197 175 17 253 186 48 97 98 45 93 57 170 187 101 40 61 56 183 212 220 137 223 128 99 132 247 240 162 47 2 152 109 138 39 53 31 166 215 244 33 154 98 199 42 162 69 19 253 94 95 134 196 201 64 226 195 205 57 68 133 181 22 1]
72762387,true,0,SIGNED_MSG_TYPE_PRECOMMIT,B85C8963F72F9066BD7638E6291866495C956AFB78D78CDA0520BD47044F4006:1:C3E134208A95,"""time.Date(2024", time.June, 5, 7, 14, 43, 972863852," time.UTC)""",6087607E1E56F6EE7934ABAF65834C92D618104C,21,[182 137 219 147 159 61 62 77 83 142 139 166 179 22 2 138 233 209 155 82 52 212 77 135 237 221 98 45 137 221 32 3 83 248 5 134 247 74 20 30 10 87 171 106 168 204 106 13 136 58 74 239 225 201 213 209 12 24 45 208 83 166 91 13]
72762387,true,0,SIGNED_MSG_TYPE_PRECOMMIT,B85C8963F72F9066BD7638E6291866495C956AFB78D78CDA0520BD47044F4006:1:C3E134208A95,"""time.Date(2024", time.June, 5, 7, 14, 43, 950559956," time.UTC)""",7D2D96C14632861337AA62C0EF4E3CA096CE1665,15,[198 124 153 181 105 139 84 227 198 212 122 36 152 191 101 104 137 106 70 5 177 179 78 118 217 251 115 139 224 178 166 193 87 36 84 155 140 161 254 227 220 21 128 41 171 241 109 133 34 197 134 204 68 11 206 153 131 151 17 179 151 22 245 1]
72762387,true,0,SIGNED_MSG_TYPE_PRECOMMIT,B85C8963F72F9066BD7638E6291866495C956AFB78D78CDA0520BD47044F4006:1:C3E134208A95,"""time.Date(2024", time.June, 5, 7, 14, 43, 978337940," time.UTC)""",39633DD07F87E216E0CAD01E0BE216E22F89AB3F,0,[211 175 5 58 93 19 242 194 232 207 122 153 209 208 63 58 140 186 49 25 51 241 159 39 68 68 201 201 97 31 28 65 64 0 208 115 177 202 168 80 94 44 71 109 96 27 223 90 170 220 69 54 70 93 125 0 160 181 123 172 150 123 170 5]
72762387,true,0,SIGNED_MSG_TYPE_PRECOMMIT,B85C8963F72F9066BD7638E6291866495C956AFB78D78CDA0520BD47044F4006:1:C3E134208A95,"""time.Date(2024", time.June, 5, 7, 14, 43, 970466121," time.UTC)""",03E0A1287B25629B36D6AA29E2E1F0CE00114162,32,[90 43 219 47 160 17 192 151 67 85 46 66 64 214 153 10 184 14 4 150 245 240 137 209 62 17 85 31 186 132 27 177 232 78 162 75 89 208 106 12 176 46 88 98 199 241 144 236 212 196 116 205 248 139 43 51 245 31 23 63 254 222 78 9]
72762387,true,0,SIGNED_MSG_TYPE_PRECOMMIT,B85C8963F72F9066BD7638E6291866495C956AFB78D78CDA0520BD47044F4006:1:C3E134208A95,"""time.Date(2024", time.June, 5, 7, 14, 43, 955744310," time.UTC)""",1B85A5FFDC65A23DFB51A32DC1087DCA515EA6CC,57,[64 220 234 203 127 138 226 73 172 38 188 12 159 59 122 6 192 233 136 203 198 149 218 28 55 203 224 248 242 90 30 210 139 67 182 88 164 177 4 97 208 190 9 144 110 132 138 13 118 158 3 169 110 36 220 174 247 180 184 193 191 204 128 4]
72762387,true,0,SIGNED_MSG_TYPE_PRECOMMIT,B85C8963F72F9066BD7638E6291866495C956AFB78D78CDA0520BD47044F4006:1:C3E134208A95,"""time.Date(2024", time.June, 5, 7, 14, 44, 43747941," time.UTC)""",75BC207881F939F712C73F0DED5EAAB029F19B2C,26,[210 214 201 144 228 38 247 221 102 66 176 163 120 27 151 103 53 255 7 119 9 40 175 119 60 111 48 164 80 68 152 59 243 192 143 41 87 223 147 35 9 4 183 115 141 66 135 252 140 118 163 12 198 144 212 139 115 109 46 50 40 103 87 2]
72762387,true,0,SIGNED_MSG_TYPE_PRECOMMIT,B85C8963F72F9066BD7638E6291866495C956AFB78D78CDA0520BD47044F4006:1:C3E134208A95,"""time.Date(2024", time.June, 5, 7, 14, 43, 957343758," time.UTC)""",F39BF9316C07E4F27EE31951F720783C58D09C11,10,[66 135 79 97 130 253 64 38 197 32 156 221 240 147 65 220 11 184 143 29 79 81 202 108 32 77 191 24 190 79 211 220 185 182 219 101 59 155 232 124 74 25 203 151 65 89 248 245 157 56 105 22 243 114 77 231 231 110 138 34 217 111 217 9]
72762387,true,0,SIGNED_MSG_TYPE_PRECOMMIT,B85C8963F72F9066BD7638E6291866495C956AFB78D78CDA0520BD47044F4006:1:C3E134208A95,"""time.Date(2024", time.June, 5, 7, 14, 44, 41738428," time.UTC)""",D857A4BA9745354D9FC1DF91A82CDB87A27563A6,29,[176 4 219 42 84 22 192 245 73 91 81 116 107 200 178 204 136 183 37 53 219 50 60 95 64 184 122 34 57 90 35 255 43 149 38 196 48 236 221 17 182 141 52 14 106 78 70 187 140 217 223 189 87 162 143 209 150 7 23 216 87 199 66 14]
72762387,true,0,SIGNED_MSG_TYPE_PRECOMMIT,B85C8963F72F9066BD7638E6291866495C956AFB78D78CDA0520BD47044F4006:1:C3E134208A95,"""time.Date(2024", time.June, 5, 7, 14, 43, 973927349," time.UTC)""",E353C5C89FB60D2EBFC2F238F1CC11673C980E45,45,[204 246 139 239 170 115 144 50 68 221 125 240 233 118 93 56 207 86 242 63 96 114 205 165 163 205 208 122 32 96 68 84 127 87 131 86 138 74 181 97 238 58 231 245 53 179 145 251 56 129 65 240 148 9 127 144 92 112 30 114 129 30 166 9]
72762387,true,0,SIGNED_MSG_TYPE_PRECOMMIT,B85C8963F72F9066BD7638E6291866495C956AFB78D78CDA0520BD47044F4006:1:C3E134208A95,"""time.Date(2024", time.June, 5, 7, 14, 43, 985309045," time.UTC)""",D1CE87BBE89B737495416E8C44B9F58D2372D5D1,24,[45 199 31 69 13 223 180 44 21 19 37 162 99 178 143 244 198 194 205 36 124 1 2 106 78 80 76 150 29 9 115 138 166 7 148 45 82 177 195 243 236 24 115 113 13 55 85 106 193 98 8 109 102 3 95 23 121 237 24 142 4 147 73 8]
72762387,true,0,SIGNED_MSG_TYPE_PRECOMMIT,B85C8963F72F9066BD7638E6291866495C956AFB78D78CDA0520BD47044F4006:1:C3E134208A95,"""time.Date(2024", time.June, 5, 7, 14, 43, 959386356," time.UTC)""",A14FBF76DDE18A016A36576D7E98414B78F9EB03,39,[236 161 214 175 162 74 36 124 44 14 182 101 27 52 180 243 168 163 216 225 70 197 139 3 182 234 99 39 33 116 87 197 225 69 132 220 167 229 130 120 72 127 178 97 167 67 240 39 145 154 60 139 147 231 247 87 121 200 183 67 129 224 129 5]
72762387,true,0,SIGNED_MSG_TYPE_PRECOMMIT,B85C8963F72F9066BD7638E6291866495C956AFB78D78CDA0520BD47044F4006:1:C3E134208A95,"""time.Date(2024", time.June, 5, 7, 14, 44, 186413551," time.UTC)""",27D87AAA17B86AF55C7E6EC4FB637937FEF39FB2,44,[76 38 115 80 147 122 181 138 203 64 38 86 102 96 243 196 77 180 147 85 237 156 119 209 42 150 32 245 121 15 167 212 103 212 28 146 61 176 170 62 187 55 234 64 141 82 80 176 113 76 199 255 160 233 39 116 138 147 220 116 144 48 238 9]
72762387,true,1,SIGNED_MSG_TYPE_PREVOTE,:0:000000000000,"""time.Date(2024", time.June, 5, 7, 14, 44, 590978841," time.UTC)""",E972901583CC003C4C388EF2E6F5570ABF0D5B75,9,[172 155 69 138 172 243 106 80 16 14 29 241 64 103 138 104 73 18 233 161 22 203 89 244 184 63 241 148 237 116 46 28 52 16 245 133 85 0 90 74 144 150 195 170 97 212 116 206 131 215 101 233 27 82 1 48 95 188 51 212 167 42 65 7]
72762387,true,1,SIGNED_MSG_TYPE_PREVOTE,:0:000000000000,"""time.Date(2024", time.June, 5, 7, 14, 47, 300799324," time.UTC)""",33ED396C904DD8E9A1C2A43FB37C14F5DFDB6E8A,4,[190 62 81 78 251 76 151 178 14 198 136 112 46 121 39 194 177 8 97 126 7 52 17 146 215 192 214 230 199 159 176 101 128 192 108 157 153 53 25 75 43 84 88 27 44 43 28 69 115 92 89 3 114 206 108 129 225 198 202 207 213 240 226 2]
72762387,true,1,SIGNED_MSG_TYPE_PREVOTE,:0:000000000000,"""time.Date(2024", time.June, 5, 7, 14, 47, 304785773," time.UTC)""",723BF86C2B20B4CF6FF2E99BE6071F8F29B46574,50,[248 159 221 44 116 202 189 82 150 161 125 177 49 0 229 176 176 150 166 72 126 238 46 132 244 160 132 7 86 189 240 137 144 255 186 67 234 61 215 91 39 250 211 80 90 227 189 11 56 243 121 66 88 110 10 123 20 64 110 22 118 115 120 5]
72762387,true,1,SIGNED_MSG_TYPE_PREVOTE,:0:000000000000,"""time.Date(2024", time.June, 5, 7, 14, 47, 303974317," time.UTC)""",17EB7B0873CCD83EA77A62C34FF84A910C5F3CE0,36,[217 62 49 102 11 173 121 117 254 57 173 0 71 60 134 3 102 34 4 101 190 44 207 155 175 44 31 50 230 115 9 39 103 111 213 182 239 22 26 140 245 89 136 99 197 9 237 106 9 27 246 173 194 17 148 175 202 130 35 78 194 169 194 0]
72762387,true,1,SIGNED_MSG_TYPE_PREVOTE,:0:000000000000,"""time.Date(2024", time.June, 5, 7, 14, 47, 302126662," time.UTC)""",6460844B2C81E87F3E2A10667787BB7600CFA970,16,[202 227 222 0 146 225 42 52 176 207 228 53 245 173 72 204 119 240 130 100 245 103 174 252 75 156 180 174 25 241 234 225 27 34 177 68 25 238 200 173 151 244 3 143 221 250 205 204 14 24 54 28 29 66 252 153 140 97 56 178 235 167 246 14]
72762387,true,1,SIGNED_MSG_TYPE_PREVOTE,:0:000000000000,"""time.Date(2024", time.June, 5, 7, 14, 47, 293268020," time.UTC)""",E411277DCD8DEF23ED5BCA3F1FEC169FDB10EF7B,23,[140 146 192 106 64 84 165 239 246 131 94 190 221 35 73 94 166 248 162 210 62 175 144 219 122 14 156 158 136 170 230 133 84 106 29 55 138 8 43 9 128 117 86 33 10 69 227 244 227 123 44 177 62 26 164 250 189 132 151 204 203 250 121 6]
72762387,true,1,SIGNED_MSG_TYPE_PREVOTE,:0:000000000000,"""time.Date(2024", time.June, 5, 7, 14, 47, 298590500," time.UTC)""",BBB6B7EB2D754EC2957CA5615DD5AB79415B0B1A,53,[84 173 91 169 219 108 59 92 90 244 113 92 254 217 218 25 253 245 160 30 6 176 106 174 224 157 8 54 47 111 202 64 168 252 33 101 191 161 201 47 4 10 200 162 2 250 165 8 243 248 169 162 193 9 233 135 230 94 128 231 119 215 144 15]
72762387,true,1,SIGNED_MSG_TYPE_PREVOTE,:0:000000000000,"""time.Date(2024", time.June, 5, 7, 14, 47, 296336254," time.UTC)""",FEAA42B0C3582CF9EBE4BD52082B90636C8BF3A5,31,[254 37 98 70 191 210 146 8 34 81 74 135 108 62 43 130 155 100 4 224 103 142 39 15 6 192 163 130 194 101 27 142 167 30 195 146 117 232 176 55 183 231 68 42 64 68 1 45 230 24 126 166 181 4 219 235 181 205 151 136 239 64 2 14]
72762387,true,1,SIGNED_MSG_TYPE_PREVOTE,:0:000000000000,"""time.Date(2024", time.June, 5, 7, 14, 47, 275252922," time.UTC)""",545768F1C4F1EE3E7EF93DE8E59FD57A506CEE92,1,[169 181 119 54 87 78 131 85 53 48 239 227 232 112 224 110 24 90 172 161 160 216 30 241 132 224 232 189 23 108 189 187 193 240 133 55 187 104 201 40 111 229 156 163 152 244 14 1 246 255 50 132 81 124 19 12 203 170 162 37 240 11 198 7]
72762387,true,1,SIGNED_MSG_TYPE_PREVOTE,:0:000000000000,"""time.Date(2024", time.June, 5, 7, 14, 47, 306449901," time.UTC)""",7A6A9DEE7D8F3BAA83F2C3A0179D74ED1487932C,56,[30 189 22 16 132 202 197 44 252 79 47 93 31 118 251 33 137 6 230 29 207 105 55 132 33 91 155 48 200 146 138 157 234 117 18 39 109 198 128 163 71 138 196 60 193 217 179 187 100 48 216 24 128 221 110 45 241 68 31 49 8 2 255 11]
72762387,true,1,SIGNED_MSG_TYPE_PREVOTE,:0:000000000000,"""time.Date(2024", time.June, 5, 7, 14, 47, 309125323," time.UTC)""",1802C437D15E7E54823BD82BF59449F1245E063F,49,[112 161 20 32 90 82 55 152 53 240 247 15 241 80 81 207 226 26 208 23 152 243 23 118 81 42 127 43 69 95 113 252 221 229 93 223 216 22 152 185 11 199 255 94 2 190 217 212 243 165 101 48 24 140 183 127 136 241 149 104 118 104 117 13]
72762387,true,1,SIGNED_MSG_TYPE_PREVOTE,:0:000000000000,"""time.Date(2024", time.June, 5, 7, 14, 47, 291368917," time.UTC)""",83F37CAC72A41C27C3005B623F0D4DEB9CE5A20E,51,[238 145 193 205 205 230 16 30 191 167 221 26 65 16 177 184 8 227 92 242 104 74 112 29 91 68 157 148 161 113 157 115 79 15 35 128 194 24 159 95 91 128 231 34 142 206 151 163 107 195 9 253 183 122 11 36 62 50 230 216 96 232 175 10]
72762387,true,1,SIGNED_MSG_TYPE_PREVOTE,:0:000000000000,"""time.Date(2024", time.June, 5, 7, 14, 47, 304370180," time.UTC)""",EC975EDDA923754C6BA6044DC6041B35D7AD92CF,34,[151 29 176 213 37 65 6 15 147 57 146 133 194 33 70 136 246 131 83 235 51 113 25 178 231 6 139 143 231 214 16 30 4 33 130 57 49 50 221 137 34 24 34 101 50 12 152 145 39 223 177 242 47 89 59 225 108 8 4 144 230 46 67 5]
72762387,true,1,SIGNED_MSG_TYPE_PREVOTE,:0:000000000000,"""time.Date(2024", time.June, 5, 7, 14, 47, 297759322," time.UTC)""",37CE71AD8CD4DC01D8798E103A70978591708169,25,[75 250 170 105 135 171 72 199 229 56 179 110 47 223 158 153 109 62 42 59 135 199 229 146 3 194 222 7 28 183 11 67 92 34 139 33 121 181 186 16 170 163 63 211 149 213 214 91 109 122 91 220 89 79 53 229 2 225 108 154 52 22 180 0]
72762387,true,1,SIGNED_MSG_TYPE_PREVOTE,:0:000000000000,"""time.Date(2024", time.June, 5, 7, 14, 47, 303247143," time.UTC)""",37DB750B74026B12F0D49633F95881A8EF8AE47C,28,[123 80 147 202 115 230 229 56 201 46 182 34 235 16 13 254 116 52 207 59 71 16 146 46 253 240 165 19 237 85 152 243 53 71 49 199 20 9 228 26 236 153 204 42 196 74 220 53 221 192 107 75 45 255 150 193 137 135 36 238 139 93 245 6]
72762387,true,1,SIGNED_MSG_TYPE_PREVOTE,:0:000000000000,"""time.Date(2024", time.June, 5, 7, 14, 47, 300172354," time.UTC)""",9DFCC2E344433CBF2DA533E871EDF765E28FB74E,20,[61 76 90 84 173 96 133 178 226 163 249 46 224 104 67 221 86 183 241 7 166 39 4 9 153 18 40 215 220 247 85 142 64 120 145 215 249 112 219 150 210 253 197 163 150 87 35 186 71 229 219 146 104 33 158 254 146 77 90 45 185 124 225 13]
72762387,true,1,SIGNED_MSG_TYPE_PREVOTE,:0:000000000000,"""time.Date(2024", time.June, 5, 7, 14, 47, 300870224," time.UTC)""",DD2C988B278E526870DD97D7BA75EEAA2FEBD55D,3,[79 165 10 241 153 201 145 45 132 161 225 12 229 128 246 166 84 38 87 165 246 153 52 72 250 241 89 93 56 140 171 24 96 91 206 120 16 248 129 197 195 157 91 142 33 21 1 60 58 171 65 150 208 198 51 112 177 77 209 40 207 106 144 7]
72762387,true,1,SIGNED_MSG_TYPE_PREVOTE,:0:000000000000,"""time.Date(2024", time.June, 5, 7, 14, 47, 308550676," time.UTC)""",E6643CC7E375FF889EAA59F7FCB93F4DE35403DB,55,[192 50 101 33 229 59 158 112 168 174 220 246 62 99 255 214 12 71 153 129 161 177 95 46 236 213 54 214 103 176 168 72 120 224 203 19 180 226 25 244 48 195 38 37 5 225 244 228 245 118 2 108 230 221 178 187 101 141 216 75 238 34 92 10]
72762387,true,1,SIGNED_MSG_TYPE_PREVOTE,:0:000000000000,"""time.Date(2024", time.June, 5, 7, 14, 47, 297828953," time.UTC)""",477858E6BF7E36ADB6062D224A0B06B7B4E5C26E,12,[20 225 37 196 61 35 203 62 9 105 117 4 27 139 230 184 176 50 236 148 130 215 5 251 114 79 163 240 43 136 85 161 72 219 108 191 221 167 198 120 227 57 231 68 145 75 119 188 144 252 71 148 194 56 109 220 189 198 219 61 75 75 23 8]
72762387,true,1,SIGNED_MSG_TYPE_PREVOTE,:0:000000000000,"""time.Date(2024", time.June, 5, 7, 14, 47, 298853216," time.UTC)""",B785C7308D551BD1B227981BF938FE8AD3D3E3AF,11,[44 90 142 253 43 201 195 15 12 20 112 148 233 69 3 21 245 230 187 217 196 51 80 47 223 61 166 3 62 230 197 125 37 126 6 54 126 35 108 16 233 150 112 184 190 133 197 19 156 193 9 17 129 59 33 193 168 145 46 175 84 120 125 1]
72762387,true,1,SIGNED_MSG_TYPE_PREVOTE,:0:000000000000,"""time.Date(2024", time.June, 5, 7, 14, 47, 308587141," time.UTC)""",04A437062C409FA51EC98A4DD649394BD18BDAD7,42,[39 97 43 86 75 47 146 209 16 197 57 93 174 176 202 218 121 8 9 148 239 225 193 59 95 20 164 81 190 181 203 85 197 166 132 247 129 234 135 203 159 57 228 13 115 67 151 218 72 213 127 228 25 169 19 196 68 77 36 129 101 123 73 1]
72762387,true,1,SIGNED_MSG_TYPE_PREVOTE,:0:000000000000,"""time.Date(2024", time.June, 5, 7, 14, 47, 316247510," time.UTC)""",0333D22DCA302543BCD1F5A1444CC80388DC9BA6,14,[78 186 251 242 169 130 160 75 151 11 77 75 95 184 234 72 103 144 188 5 98 170 41 91 24 52 215 248 102 175 69 204 180 87 53 150 224 215 210 204 34 168 106 221 69 111 253 205 213 134 144 43 148 118 162 193 109 223 25 95 254 99 217 1]
72762387,true,1,SIGNED_MSG_TYPE_PREVOTE,:0:000000000000,"""time.Date(2024", time.June, 5, 7, 14, 47, 318309191," time.UTC)""",2476D36C0C9E1B50A66B8CC8E89D75184F374DDF,37,[56 128 58 19 97 40 89 120 194 3 64 250 222 98 35 11 30 47 252 141 136 175 52 130 162 205 253 103 66 106 61 211 159 29 22 137 248 81 86 116 238 236 240 115 75 104 226 190 243 89 121 129 56 38 181 140 20 113 196 22 248 178 248 6]
72762387,true,1,SIGNED_MSG_TYPE_PREVOTE,:0:000000000000,"""time.Date(2024", time.June, 5, 7, 14, 47, 330118823," time.UTC)""",37B3F9E462967F150F5BF98A7A355F3531B58D12,8,[43 248 70 116 204 110 165 60 105 144 159 96 2 170 207 211 6 244 216 151 52 13 88 172 56 255 74 183 145 87 169 47 59 118 146 16 184 125 152 247 215 90 78 171 0 186 86 210 125 160 168 245 54 162 84 28 26 94 224 149 8 204 74 0]
72762387,true,1,SIGNED_MSG_TYPE_PREVOTE,:0:000000000000,"""time.Date(2024", time.June, 5, 7, 14, 47, 326705851," time.UTC)""",6A7EEC86B32DB79B018BE735ACA63BA5E4FD729A,38,[245 209 100 78 11 122 1 233 86 4 41 205 55 247 99 175 24 104 194 27 208 75 4 171 208 247 246 234 147 226 52 68 220 52 103 21 147 218 92 64 178 173 247 174 228 132 131 43 240 139 188 159 40 205 67 91 209 76 226 236 137 141 7 13]
72762387,true,1,SIGNED_MSG_TYPE_PREVOTE,:0:000000000000,"""time.Date(2024", time.June, 5, 7, 14, 47, 300482525," time.UTC)""",D7B69269E457E7AF1439C43944AA2AC829FD7CB8,46,[139 31 102 197 230 18 60 54 254 162 122 45 94 227 78 82 193 156 78 209 99 32 148 102 121 160 134 221 209 125 144 25 223 150 82 57 43 84 109 99 176 71 201 179 220 204 221 247 65 143 26 171 235 173 218 3 103 191 46 35 9 79 197 15]
72762387,true,1,SIGNED_MSG_TYPE_PREVOTE,:0:000000000000,"""time.Date(2024", time.June, 5, 7, 14, 47, 305622108," time.UTC)""",77D3FF15AD886E93068C09F5E5C643537511A3A5,33,[202 130 246 191 122 15 170 5 136 141 234 242 85 47 52 237 227 126 48 209 125 96 10 78 23 103 194 239 159 52 26 244 84 248 77 52 97 54 155 76 193 248 176 153 96 73 49 150 233 109 254 162 185 65 10 186 169 240 117 127 35 47 142 12]
72762387,true,1,SIGNED_MSG_TYPE_PREVOTE,:0:000000000000,"""time.Date(2024", time.June, 5, 7, 14, 47, 419034825," time.UTC)""",75BC207881F939F712C73F0DED5EAAB029F19B2C,26,[79 10 32 186 19 1 204 181 68 160 125 9 179 60 147 74 98 16 188 134 18 200 26 132 33 38 244 119 175 74 88 52 145 244 224 210 193 219 24 132 140 94 191 191 211 133 83 174 41 209 47 170 244 211 130 105 78 93 95 9 177 240 224 13]
72762387,true,1,SIGNED_MSG_TYPE_PREVOTE,:0:000000000000,"""time.Date(2024", time.June, 5, 7, 14, 47, 409945730," time.UTC)""",2620065FADD91C5E06AF25A3B7F864483BA1C3B9,30,[147 42 156 40 49 105 166 31 125 127 130 63 89 225 134 158 3 184 56 33 50 34 53 130 71 71 60 243 200 32 98 242 171 198 79 16 189 175 219 116 150 196 175 156 183 21 74 18 124 74 111 119 116 23 245 133 87 102 88 48 101 129 107 14]
72762387,true,1,SIGNED_MSG_TYPE_PREVOTE,:0:000000000000,"""time.Date(2024", time.June, 5, 7, 14, 47, 494294884," time.UTC)""",1834E8A2FDE4644999EED5BD4B99B4A9A22C4351,48,[112 137 121 211 76 166 161 144 6 4 88 78 241 2 102 35 69 108 156 190 102 53 120 46 29 88 131 28 138 10 205 223 149 39 37 212 31 187 149 242 223 122 234 185 10 9 217 190 190 159 197 95 22 179 86 54 39 152 194 64 163 244 176 12]
72762387,true,1,SIGNED_MSG_TYPE_PREVOTE,:0:000000000000,"""time.Date(2024", time.June, 5, 7, 14, 47, 495614382," time.UTC)""",F530BDDB1CF813670A6F6F1E574474D4C91385F5,2,[70 23 218 179 185 69 89 5 45 148 59 104 67 109 12 236 174 252 250 248 31 192 56 167 231 32 91 64 4 28 147 186 227 188 123 255 101 10 214 67 45 99 9 162 124 126 45 17 31 160 2 126 99 228 229 209 230 134 21 255 110 184 17 6]
72762387,true,1,SIGNED_MSG_TYPE_PREVOTE,:0:000000000000,"""time.Date(2024", time.June, 5, 7, 14, 47, 504430959," time.UTC)""",7781FA16ADC57E109F63BD1E29F14F9D3817E14A,35,[185 54 72 211 101 44 183 44 128 222 141 238 23 185 79 114 187 166 70 214 250 109 34 138 211 182 207 211 23 103 179 96 198 71 178 148 217 90 6 249 114 38 206 46 127 237 67 215 150 175 143 53 9 28 57 103 196 234 184 202 223 202 90 8]
72762387,true,1,SIGNED_MSG_TYPE_PREVOTE,:0:000000000000,"""time.Date(2024", time.June, 5, 7, 14, 47, 494982096," time.UTC)""",7708F8E0AAA106588B6BBA4A97C03FE9EE6B42AE,41,[217 134 84 244 204 191 1 173 161 152 83 32 92 203 163 176 253 93 8 45 123 240 185 112 15 174 15 214 135 115 189 86 37 220 45 97 81 67 22 237 212 135 19 65 223 9 189 126 2 148 131 231 23 79 59 136 81 106 221 161 69 157 24 1]
72762387,true,1,SIGNED_MSG_TYPE_PREVOTE,:0:000000000000,"""time.Date(2024", time.June, 5, 7, 14, 47, 507028310," time.UTC)""",B6CD0957B63DB73E8AC0E51CD0DE53AF40AC47D7,47,[149 159 92 204 116 104 140 129 224 48 91 43 132 255 187 82 14 97 88 10 107 13 204 200 127 172 81 42 170 89 52 78 51 161 15 76 100 70 197 8 189 119 161 226 110 177 188 139 58 93 138 7 37 34 128 180 169 136 54 91 208 88 185 1]
72762387,true,1,SIGNED_MSG_TYPE_PREVOTE,:0:000000000000,"""time.Date(2024", time.June, 5, 7, 14, 47, 502257992," time.UTC)""",F897158AFD5DE9D1A185219304E216FE0E812A46,54,[31 146 153 210 250 208 48 120 190 254 46 36 229 51 161 158 161 121 187 61 248 162 85 28 23 94 106 33 54 86 162 168 11 4 59 172 232 25 250 158 229 9 215 78 79 116 160 49 78 253 171 63 255 69 242 190 118 91 129 233 71 50 108 0]
72762387,true,1,SIGNED_MSG_TYPE_PREVOTE,:0:000000000000,"""time.Date(2024", time.June, 5, 7, 14, 47, 505574558," time.UTC)""",CDF55ACD97B31A67662BD0BEBC673E5B5FAAEC04,7,[134 219 84 160 85 247 14 21 29 157 137 178 40 19 112 12 89 23 58 81 213 28 235 38 81 52 162 63 216 156 146 135 207 106 229 145 83 159 32 177 161 62 193 210 38 184 215 155 29 132 66 18 179 14 218 111 106 172 178 253 177 77 213 3]
72762387,true,1,SIGNED_MSG_TYPE_PREVOTE,:0:000000000000,"""time.Date(2024", time.June, 5, 7, 14, 47, 509100239," time.UTC)""",25D1BD6EF4DC88B30A471082281E05951303606E,52,[139 143 44 97 60 104 107 12 54 112 149 191 16 209 120 74 55 130 175 161 160 199 75 18 177 83 248 2 15 10 230 88 4 74 169 239 216 52 247 9 168 162 28 138 71 193 20 69 85 115 77 99 120 243 71 136 66 76 215 82 66 236 136 10]
72762387,true,1,SIGNED_MSG_TYPE_PREVOTE,:0:000000000000,"""time.Date(2024", time.June, 5, 7, 14, 47, 505205190," time.UTC)""",85E4F7F146AC27A420D3319D2F2CC65A79D2A0DA,6,[205 145 249 56 69 52 119 47 160 170 75 213 131 106 43 62 46 81 154 71 12 84 188 217 224 112 1 249 54 25 68 20 224 220 107 31 233 114 12 34 105 51 111 144 23 228 215 174 66 97 215 174 188 192 91 224 155 245 202 98 42 246 241 9]
72762387,true,1,SIGNED_MSG_TYPE_PREVOTE,:0:000000000000,"""time.Date(2024", time.June, 5, 7, 14, 47, 513533623," time.UTC)""",93739258C5626903BA444128CFB7439AA31AA93F,18,[202 176 27 244 188 28 201 100 110 248 204 148 16 165 169 195 117 63 6 79 204 158 113 99 19 138 140 61 216 63 245 11 145 191 144 188 14 222 248 12 71 40 219 21 39 138 126 85 117 233 106 120 58 51 243 215 146 151 145 151 83 20 196 7]
72762387,true,1,SIGNED_MSG_TYPE_PREVOTE,:0:000000000000,"""time.Date(2024", time.June, 5, 7, 14, 47, 515371143," time.UTC)""",307CB9AA68447995515D2AE44EFA82966715B057,58,[86 251 115 121 107 228 174 217 96 174 26 140 20 17 139 99 14 65 169 225 153 182 107 234 30 47 145 243 160 227 54 209 149 129 114 16 90 41 128 143 136 25 33 158 144 141 155 15 51 65 110 39 97 203 252 242 79 39 142 224 244 255 64 2]
72762387,true,1,SIGNED_MSG_TYPE_PREVOTE,:0:000000000000,"""time.Date(2024", time.June, 5, 7, 14, 47, 517461452," time.UTC)""",CB807691C50A3B28DABBBBEBAB143A2F36C7C6E3,40,[55 179 201 90 1 108 168 128 250 150 126 2 241 82 112 235 183 57 248 138 167 22 126 168 150 242 123 167 149 46 83 36 37 125 120 53 4 248 216 171 241 19 136 130 112 192 58 112 170 252 225 139 117 16 39 179 242 42 68 43 58 147 97 1]
72762387,true,1,SIGNED_MSG_TYPE_PREVOTE,:0:000000000000,"""time.Date(2024", time.June, 5, 7, 14, 47, 510183213," time.UTC)""",D8DA9CB98162675E9DEB388EE17C360D702D5B96,22,[248 47 92 55 89 212 99 243 164 189 2 10 138 68 13 91 58 192 2 189 121 14 85 210 142 181 43 80 72 76 173 156 156 229 127 243 237 243 152 83 174 212 101 9 229 206 119 40 23 110 243 116 53 19 28 85 125 203 46 158 202 117 6 2]
72762387,true,1,SIGNED_MSG_TYPE_PREVOTE,:0:000000000000,"""time.Date(2024", time.June, 5, 7, 14, 47, 519159646," time.UTC)""",B23EF0C68D0A7E679F334AE94102FF29B4872031,13,[181 36 72 11 165 42 71 249 143 141 243 124 45 87 255 181 163 100 165 179 61 220 42 220 27 45 130 6 62 75 179 131 40 238 70 207 45 160 171 221 177 188 216 100 153 19 251 189 183 232 54 160 174 237 13 204 236 214 105 147 216 59 221 2]
72762387,true,1,SIGNED_MSG_TYPE_PREVOTE,:0:000000000000,"""time.Date(2024", time.June, 5, 7, 14, 47, 520211065," time.UTC)""",27D87AAA17B86AF55C7E6EC4FB637937FEF39FB2,44,[194 213 26 6 97 71 210 95 42 216 130 179 31 26 129 195 14 73 183 181 204 163 106 213 168 3 221 194 16 106 219 110 135 170 220 91 83 80 212 204 216 94 174 248 205 223 4 118 43 21 178 173 127 204 155 191 218 174 139 14 72 157 40 4]
72762387,true,1,SIGNED_MSG_TYPE_PRECOMMIT,:0:000000000000,"""time.Date(2024", time.June, 5, 7, 14, 47, 550723848," time.UTC)""",33ED396C904DD8E9A1C2A43FB37C14F5DFDB6E8A,4,[116 233 62 244 184 81 174 174 186 17 138 200 249 146 237 37 148 238 124 90 185 216 141 45 55 69 95 185 11 103 2 118 158 242 4 253 255 172 121 85 12 16 65 198 221 101 86 117 111 189 245 60 25 37 211 89 202 251 15 136 180 206 44 8]
72762387,true,1,SIGNED_MSG_TYPE_PREVOTE,:0:000000000000,"""time.Date(2024", time.June, 5, 7, 14, 47, 530079674," time.UTC)""",C07DCD3B5ABE8573BAA616F9DD0E3FCD8EC1F671,43,[161 138 105 197 147 69 232 35 212 11 144 64 72 76 116 223 159 217 70 190 94 61 14 178 196 126 63 210 230 48 49 85 65 223 61 9 15 58 216 252 206 132 35 113 37 57 40 73 18 46 212 93 224 85 247 130 120 70 220 234 201 113 12 5]
72762387,true,1,SIGNED_MSG_TYPE_PREVOTE,:0:000000000000,"""time.Date(2024", time.June, 5, 7, 14, 47, 522681694," time.UTC)""",94254934252CC8F55DF8FBCAD8431EAA8AEF665D,59,[154 104 137 170 27 35 229 30 195 131 72 30 229 160 163 220 84 242 97 66 175 74 226 208 69 86 172 253 179 33 96 162 7 247 139 74 61 224 206 27 120 110 226 143 132 96 186 85 82 202 208 192 171 190 48 189 123 26 89 180 91 72 7 15]
72762387,true,1,SIGNED_MSG_TYPE_PRECOMMIT,:0:000000000000,"""time.Date(2024", time.June, 5, 7, 14, 47, 556127447," time.UTC)""",17EB7B0873CCD83EA77A62C34FF84A910C5F3CE0,36,[234 119 37 235 193 110 201 143 122 104 25 149 121 208 209 97 9 225 88 151 9 224 214 158 125 5 161 148 190 214 226 183 2 230 242 206 86 109 36 33 211 148 245 236 166 68 129 117 78 129 141 106 182 48 158 101 157 21 179 17 238 137 48 11]
72762387,true,1,SIGNED_MSG_TYPE_PREVOTE,:0:000000000000,"""time.Date(2024", time.June, 5, 7, 14, 47, 514695733," time.UTC)""",D0C143A237A69569CC7CECB0DAC2EA95F88B26B3,27,[114 136 81 148 162 137 241 182 132 111 125 255 137 38 237 195 233 210 89 51 159 179 87 162 127 41 46 13 224 64 109 119 221 22 203 35 253 122 96 222 125 166 139 48 139 181 34 252 44 132 245 153 74 60 103 155 196 56 207 166 238 186 168 4]
72762387,true,1,SIGNED_MSG_TYPE_PREVOTE,:0:000000000000,"""time.Date(2024", time.June, 5, 7, 14, 47, 529938993," time.UTC)""",F39BF9316C07E4F27EE31951F720783C58D09C11,10,[177 165 210 132 95 48 164 5 158 240 20 227 64 245 170 158 54 22 204 114 198 228 2 190 126 127 172 22 8 14 229 155 86 109 173 101 149 34 52 86 88 66 29 107 175 144 41 125 114 138 190 195 64 64 144 220 239 87 23 146 65 24 110 13]
72762387,true,1,SIGNED_MSG_TYPE_PRECOMMIT,:0:000000000000,"""time.Date(2024", time.June, 5, 7, 14, 47, 546136462," time.UTC)""",E411277DCD8DEF23ED5BCA3F1FEC169FDB10EF7B,23,[209 214 236 22 33 228 56 219 222 79 227 78 34 243 28 84 167 4 117 150 146 136 39 60 116 91 220 155 208 222 179 60 232 154 155 90 118 49 77 71 151 228 241 142 5 62 239 26 155 254 182 21 23 104 80 156 177 212 49 146 150 197 153 4]
72762387,true,1,SIGNED_MSG_TYPE_PRECOMMIT,:0:000000000000,"""time.Date(2024", time.June, 5, 7, 14, 47, 550534890," time.UTC)""",723BF86C2B20B4CF6FF2E99BE6071F8F29B46574,50,[64 160 45 184 9 212 139 126 171 162 193 134 49 10 232 89 126 93 37 86 218 155 88 159 201 229 30 216 248 80 192 234 125 152 35 184 90 0 53 1 31 116 111 10 207 69 19 251 154 190 27 5 53 247 23 251 166 22 104 235 82 124 79 14]
72762387,true,1,SIGNED_MSG_TYPE_PRECOMMIT,:0:000000000000,"""time.Date(2024", time.June, 5, 7, 14, 47, 548615850," time.UTC)""",CB807691C50A3B28DABBBBEBAB143A2F36C7C6E3,40,[79 59 70 54 63 230 167 60 123 43 19 210 5 170 201 123 25 2 246 50 221 225 93 36 138 37 206 129 141 70 43 208 40 65 50 228 185 87 172 128 231 45 161 104 36 213 228 124 164 183 215 69 92 78 197 1 112 26 41 103 241 110 217 0]
72762387,true,1,SIGNED_MSG_TYPE_PRECOMMIT,:0:000000000000,"""time.Date(2024", time.June, 5, 7, 14, 47, 526272915," time.UTC)""",545768F1C4F1EE3E7EF93DE8E59FD57A506CEE92,1,[27 202 221 73 8 236 234 237 108 119 96 224 108 237 58 67 159 216 167 49 175 22 41 236 86 236 111 169 186 55 174 11 151 244 252 183 191 178 28 7 202 236 29 177 13 208 172 37 100 116 19 126 48 232 62 73 245 244 165 162 95 116 156 5]
72762387,true,1,SIGNED_MSG_TYPE_PRECOMMIT,:0:000000000000,"""time.Date(2024", time.June, 5, 7, 14, 47, 544836733," time.UTC)""",1834E8A2FDE4644999EED5BD4B99B4A9A22C4351,48,[63 210 96 59 69 240 106 0 126 243 208 114 3 90 225 223 153 106 92 0 255 22 197 94 248 113 149 97 66 29 118 65 42 88 142 64 148 136 96 39 254 62 42 25 143 231 228 217 227 234 182 120 242 85 15 104 69 26 218 29 248 213 112 4]
72762387,true,1,SIGNED_MSG_TYPE_PRECOMMIT,:0:000000000000,"""time.Date(2024", time.June, 5, 7, 14, 47, 550011392," time.UTC)""",6460844B2C81E87F3E2A10667787BB7600CFA970,16,[17 249 201 197 140 132 156 53 17 221 100 230 246 195 83 24 83 48 146 189 201 241 163 30 165 70 219 118 118 15 13 75 36 85 90 97 220 87 156 44 135 182 191 128 232 187 20 182 105 100 192 11 134 86 43 188 102 89 115 43 216 201 158 11]
72762387,true,1,SIGNED_MSG_TYPE_PRECOMMIT,:0:000000000000,"""time.Date(2024", time.June, 5, 7, 14, 47, 556394395," time.UTC)""",7781FA16ADC57E109F63BD1E29F14F9D3817E14A,35,[175 8 64 187 41 177 237 40 121 189 144 224 87 145 196 226 249 156 205 102 152 89 96 242 233 34 255 105 185 53 187 115 225 227 127 128 127 125 5 69 46 57 255 240 197 223 252 72 102 137 219 78 11 98 124 15 157 42 88 156 38 242 14 9]
72762387,true,1,SIGNED_MSG_TYPE_PRECOMMIT,:0:000000000000,"""time.Date(2024", time.June, 5, 7, 14, 47, 551799769," time.UTC)""",1802C437D15E7E54823BD82BF59449F1245E063F,49,[32 72 66 104 167 145 12 194 9 224 255 215 232 100 191 182 96 105 11 12 146 145 118 219 148 93 123 17 94 88 151 14 93 98 93 62 190 150 73 62 18 12 153 177 201 47 194 73 136 104 148 32 37 43 36 16 247 5 230 39 228 178 155 4]
72762387,true,1,SIGNED_MSG_TYPE_PRECOMMIT,:0:000000000000,"""time.Date(2024", time.June, 5, 7, 14, 47, 548542485," time.UTC)""",75BC207881F939F712C73F0DED5EAAB029F19B2C,26,[185 132 6 79 95 117 197 207 164 168 92 184 102 109 173 218 136 204 89 163 170 44 182 232 21 245 157 156 46 152 40 19 238 12 161 64 108 134 152 165 168 191 37 140 44 126 93 210 169 18 246 111 252 236 36 82 157 1 5 192 110 122 197 14]
72762387,true,1,SIGNED_MSG_TYPE_PRECOMMIT,:0:000000000000,"""time.Date(2024", time.June, 5, 7, 14, 47, 559174769," time.UTC)""",DD2C988B278E526870DD97D7BA75EEAA2FEBD55D,3,[5 46 44 238 87 188 91 212 110 44 58 208 229 37 189 174 243 69 161 54 133 152 149 70 23 26 235 213 229 180 4 22 156 9 150 45 188 27 99 4 210 175 151 88 63 38 76 52 115 45 130 202 122 174 0 145 64 26 99 89 19 253 166 14]
72762387,true,1,SIGNED_MSG_TYPE_PRECOMMIT,:0:000000000000,"""time.Date(2024", time.June, 5, 7, 14, 47, 554505513," time.UTC)""",EC975EDDA923754C6BA6044DC6041B35D7AD92CF,34,[172 97 73 92 244 0 126 193 217 167 97 152 159 72 245 98 202 46 195 88 227 12 199 51 182 52 99 21 217 180 220 72 166 152 224 67 8 229 52 155 154 22 124 117 157 201 240 253 244 88 131 233 121 82 53 209 133 144 173 154 172 193 184 4]
72762387,true,1,SIGNED_MSG_TYPE_PRECOMMIT,:0:000000000000,"""time.Date(2024", time.June, 5, 7, 14, 47, 550547500," time.UTC)""",307CB9AA68447995515D2AE44EFA82966715B057,58,[210 65 17 19 20 184 192 33 162 182 140 84 1 99 239 96 132 201 149 34 153 151 209 91 44 23 18 19 147 37 146 134 1 25 172 66 194 254 244 164 3 141 47 99 106 113 188 94 158 133 89 119 102 165 10 164 193 91 34 22 179 166 69 12]
72762387,true,1,SIGNED_MSG_TYPE_PRECOMMIT,:0:000000000000,"""time.Date(2024", time.June, 5, 7, 14, 47, 552701470," time.UTC)""",F897158AFD5DE9D1A185219304E216FE0E812A46,54,[51 79 60 17 76 4 194 254 226 85 177 195 107 5 89 160 229 148 188 243 62 149 174 99 17 26 87 239 24 170 213 173 25 0 86 5 116 33 75 109 179 161 174 193 67 114 70 78 39 192 247 150 96 153 186 10 59 152 72 198 117 40 253 3]
72762387,true,1,SIGNED_MSG_TYPE_PRECOMMIT,:0:000000000000,"""time.Date(2024", time.June, 5, 7, 14, 47, 555658069," time.UTC)""",E972901583CC003C4C388EF2E6F5570ABF0D5B75,9,[190 252 160 244 204 49 161 213 193 32 138 175 33 97 111 54 32 116 206 38 111 164 48 85 250 141 214 77 105 137 82 185 20 3 12 184 59 134 85 63 200 100 131 126 160 215 32 37 217 95 196 4 132 216 109 125 102 105 0 150 28 182 80 3]
72762387,true,1,SIGNED_MSG_TYPE_PRECOMMIT,:0:000000000000,"""time.Date(2024", time.June, 5, 7, 14, 47, 545743278," time.UTC)""",83F37CAC72A41C27C3005B623F0D4DEB9CE5A20E,51,[189 172 33 5 29 253 86 199 233 6 216 169 102 77 16 192 191 212 65 191 180 131 118 246 86 200 224 183 119 37 3 149 135 82 86 214 106 237 128 164 205 85 57 217 255 185 132 202 46 69 178 129 22 114 68 167 68 153 152 198 170 201 53 4]
72762387,true,1,SIGNED_MSG_TYPE_PRECOMMIT,:0:000000000000,"""time.Date(2024", time.June, 5, 7, 14, 47, 552390474," time.UTC)""",0333D22DCA302543BCD1F5A1444CC80388DC9BA6,14,[34 39 48 161 26 44 207 16 63 108 233 173 153 249 230 72 243 53 182 222 217 203 49 224 6 49 2 125 151 49 96 83 199 202 82 185 104 225 194 235 37 121 210 33 112 168 52 137 189 106 204 120 53 150 150 9 56 162 131 171 86 22 252 5]
72762387,true,1,SIGNED_MSG_TYPE_PRECOMMIT,:0:000000000000,"""time.Date(2024", time.June, 5, 7, 14, 47, 549023155," time.UTC)""",7708F8E0AAA106588B6BBA4A97C03FE9EE6B42AE,41,[12 36 124 208 136 207 136 164 77 15 229 173 96 35 40 232 169 82 41 27 202 58 100 36 221 23 75 204 236 238 143 162 11 187 189 140 126 89 53 122 221 173 55 135 136 188 13 0 30 176 128 159 113 246 124 176 39 64 26 54 222 107 250 4]
72762387,true,1,SIGNED_MSG_TYPE_PRECOMMIT,:0:000000000000,"""time.Date(2024", time.June, 5, 7, 14, 47, 550948973," time.UTC)""",BBB6B7EB2D754EC2957CA5615DD5AB79415B0B1A,53,[15 153 63 188 159 119 45 190 139 186 95 220 76 97 65 13 73 123 254 154 40 74 173 77 71 79 125 149 46 200 171 118 66 197 240 93 229 96 243 89 120 170 123 9 11 179 101 10 121 251 162 141 231 65 21 109 6 27 175 199 165 237 103 3]
72762387,true,1,SIGNED_MSG_TYPE_PRECOMMIT,:0:000000000000,"""time.Date(2024", time.June, 5, 7, 14, 47, 549724296," time.UTC)""",F530BDDB1CF813670A6F6F1E574474D4C91385F5,2,[252 43 128 185 237 217 182 224 9 127 52 94 149 96 38 210 131 0 193 178 194 130 206 70 42 222 70 56 82 161 32 36 215 210 73 99 47 121 191 147 142 147 81 155 54 108 252 106 90 235 45 26 27 137 88 15 10 77 221 245 182 11 134 13]
72762387,true,1,SIGNED_MSG_TYPE_PRECOMMIT,:0:000000000000,"""time.Date(2024", time.June, 5, 7, 14, 47, 551889192," time.UTC)""",25D1BD6EF4DC88B30A471082281E05951303606E,52,[47 1 205 93 58 59 57 217 126 106 29 105 17 211 80 211 119 235 98 175 64 167 24 46 115 230 94 27 79 167 71 181 155 176 2 11 114 138 51 185 168 99 15 68 50 163 8 119 38 27 118 106 235 126 36 134 232 225 51 51 20 40 65 3]
72762387,true,1,SIGNED_MSG_TYPE_PRECOMMIT,:0:000000000000,"""time.Date(2024", time.June, 5, 7, 14, 47, 550423109," time.UTC)""",FEAA42B0C3582CF9EBE4BD52082B90636C8BF3A5,31,[6 40 218 151 228 51 87 56 141 215 85 197 152 175 206 160 41 22 241 151 21 226 146 94 42 195 45 162 234 223 175 14 234 62 189 242 155 114 23 89 37 175 17 216 3 109 5 133 119 146 165 117 67 161 10 153 128 220 70 183 100 85 102 6]
72762387,true,1,SIGNED_MSG_TYPE_PREVOTE,:0:000000000000,"""time.Date(2024", time.June, 5, 7, 14, 47, 542204709," time.UTC)""",03E0A1287B25629B36D6AA29E2E1F0CE00114162,32,[84 157 220 64 59 87 86 171 68 36 166 228 63 150 139 215 49 179 97 254 238 187 77 211 217 255 58 107 165 204 143 159 223 55 168 15 90 2 87 102 122 206 248 69 95 97 85 80 46 172 48 218 191 189 98 135 141 228 240 229 199 132 136 10]
72762387,true,1,SIGNED_MSG_TYPE_PRECOMMIT,:0:000000000000,"""time.Date(2024", time.June, 5, 7, 14, 47, 549821435," time.UTC)""",B6CD0957B63DB73E8AC0E51CD0DE53AF40AC47D7,47,[6 210 20 13 91 230 51 156 111 141 223 234 238 51 156 122 74 20 175 108 127 29 97 85 233 248 88 93 88 110 38 73 38 201 135 33 10 218 158 135 47 20 247 87 244 99 111 82 242 88 130 147 40 105 135 74 88 151 253 29 184 16 135 8]
72762387,true,1,SIGNED_MSG_TYPE_PRECOMMIT,:0:000000000000,"""time.Date(2024", time.June, 5, 7, 14, 47, 558142585," time.UTC)""",E6643CC7E375FF889EAA59F7FCB93F4DE35403DB,55,[51 93 249 73 112 200 62 104 33 204 84 186 17 213 253 88 16 122 186 207 82 189 23 22 167 45 150 222 188 6 246 73 127 89 125 24 235 50 89 214 111 74 125 153 35 239 187 52 93 125 55 92 229 141 12 7 183 159 100 132 143 134 52 11]
72762387,true,1,SIGNED_MSG_TYPE_PRECOMMIT,:0:000000000000,"""time.Date(2024", time.June, 5, 7, 14, 47, 556706957," time.UTC)""",C07DCD3B5ABE8573BAA616F9DD0E3FCD8EC1F671,43,[113 96 135 132 164 208 29 90 20 231 104 190 247 162 113 224 24 190 34 235 204 69 82 34 153 43 201 83 132 241 243 127 200 226 43 183 106 190 126 85 32 12 105 89 27 6 151 43 226 112 234 117 161 160 41 38 39 170 140 12 59 163 100 7]
72762387,true,1,SIGNED_MSG_TYPE_PRECOMMIT,:0:000000000000,"""time.Date(2024", time.June, 5, 7, 14, 47, 549368066," time.UTC)""",477858E6BF7E36ADB6062D224A0B06B7B4E5C26E,12,[68 30 135 137 239 245 202 134 146 105 117 242 40 248 46 244 134 6 77 108 164 211 60 250 108 24 159 144 50 65 118 226 114 230 249 23 133 148 170 46 92 164 255 66 26 49 158 151 116 85 243 52 9 170 148 36 235 15 112 72 99 196 102 8]
72762387,true,1,SIGNED_MSG_TYPE_PRECOMMIT,:0:000000000000,"""time.Date(2024", time.June, 5, 7, 14, 47, 555663499," time.UTC)""",B23EF0C68D0A7E679F334AE94102FF29B4872031,13,[224 245 193 190 60 6 80 189 151 189 52 40 255 96 212 226 25 88 40 59 74 221 186 189 74 82 82 87 154 179 59 201 192 222 34 45 78 194 62 166 249 17 105 237 222 28 31 254 83 3 207 24 150 109 45 85 140 197 132 27 216 15 64 6]
72762387,true,1,SIGNED_MSG_TYPE_PRECOMMIT,:0:000000000000,"""time.Date(2024", time.June, 5, 7, 14, 47, 555501797," time.UTC)""",27D87AAA17B86AF55C7E6EC4FB637937FEF39FB2,44,[36 88 22 113 105 49 90 36 22 136 152 33 110 149 156 178 29 88 16 181 65 125 121 120 193 109 81 195 226 131 108 102 199 47 19 236 63 125 136 49 70 61 181 110 142 74 254 83 172 87 123 30 224 61 103 247 236 181 127 56 233 217 250 11]
72762387,true,1,SIGNED_MSG_TYPE_PRECOMMIT,:0:000000000000,"""time.Date(2024", time.June, 5, 7, 14, 47, 549161213," time.UTC)""",2476D36C0C9E1B50A66B8CC8E89D75184F374DDF,37,[8 234 16 203 129 74 109 237 200 166 83 30 222 117 81 41 215 92 115 128 101 104 86 17 126 96 18 182 143 130 182 20 105 212 228 164 51 180 211 99 70 208 186 253 20 227 237 213 33 185 200 143 230 113 238 88 46 4 2 118 140 243 121 10]
72762387,true,1,SIGNED_MSG_TYPE_PRECOMMIT,:0:000000000000,"""time.Date(2024", time.June, 5, 7, 14, 47, 551305941," time.UTC)""",B785C7308D551BD1B227981BF938FE8AD3D3E3AF,11,[127 21 217 186 237 123 205 139 111 86 202 223 143 82 173 253 19 35 248 118 112 65 55 65 234 99 207 214 111 68 16 117 79 139 94 52 219 220 207 239 203 147 208 125 77 175 231 92 161 54 155 151 83 42 69 179 206 132 212 80 45 52 225 4]
72762387,true,1,SIGNED_MSG_TYPE_PRECOMMIT,:0:000000000000,"""time.Date(2024", time.June, 5, 7, 14, 47, 550976563," time.UTC)""",37CE71AD8CD4DC01D8798E103A70978591708169,25,[15 74 204 172 76 57 178 205 160 201 104 218 157 48 201 9 133 54 117 144 172 191 239 160 242 82 118 125 11 229 129 174 212 67 202 66 174 64 226 117 91 136 217 194 132 121 118 21 206 205 179 197 234 141 187 199 113 15 113 185 203 246 163 0]
72762387,true,1,SIGNED_MSG_TYPE_PRECOMMIT,:0:000000000000,"""time.Date(2024", time.June, 5, 7, 14, 47, 553690425," time.UTC)""",37DB750B74026B12F0D49633F95881A8EF8AE47C,28,[104 16 81 195 46 65 238 52 92 9 2 254 15 37 23 248 242 7 223 55 89 68 120 100 70 39 82 55 147 69 221 165 136 98 167 221 52 182 173 178 94 153 83 71 75 232 13 112 81 30 98 22 155 228 15 169 37 109 243 156 167 232 252 0]
72762387,true,1,SIGNED_MSG_TYPE_PRECOMMIT,:0:000000000000,"""time.Date(2024", time.June, 5, 7, 14, 47, 553792625," time.UTC)""",7A6A9DEE7D8F3BAA83F2C3A0179D74ED1487932C,56,[67 122 119 17 210 206 255 64 77 210 122 4 31 201 134 140 96 194 57 19 174 46 75 145 23 152 19 200 62 246 27 119 205 132 98 86 107 231 33 174 113 87 236 98 216 89 214 9 6 225 12 159 6 61 92 166 224 130 203 88 128 105 62 9]
72762387,true,1,SIGNED_MSG_TYPE_PRECOMMIT,:0:000000000000,"""time.Date(2024", time.June, 5, 7, 14, 47, 554809277," time.UTC)""",D8DA9CB98162675E9DEB388EE17C360D702D5B96,22,[82 117 21 145 78 134 75 0 159 124 193 46 24 225 109 113 189 160 113 235 67 204 189 178 17 67 32 87 3 128 50 71 156 235 55 122 147 239 82 70 254 18 226 50 68 106 230 131 228 177 44 226 104 22 63 15 111 26 162 53 65 101 38 12]
72762387,true,1,SIGNED_MSG_TYPE_PRECOMMIT,:0:000000000000,"""time.Date(2024", time.June, 5, 7, 14, 47, 557535416," time.UTC)""",85E4F7F146AC27A420D3319D2F2CC65A79D2A0DA,6,[239 123 175 238 144 99 250 97 144 203 10 179 156 182 237 162 185 101 150 177 79 129 26 126 207 6 229 224 52 162 70 237 61 4 246 145 191 13 81 247 246 80 255 185 95 81 16 59 195 174 224 54 41 74 74 171 220 123 28 161 180 46 235 7]
72762387,true,1,SIGNED_MSG_TYPE_PRECOMMIT,:0:000000000000,"""time.Date(2024", time.June, 5, 7, 14, 47, 554111875," time.UTC)""",04A437062C409FA51EC98A4DD649394BD18BDAD7,42,[224 112 151 170 234 86 118 63 201 26 96 75 157 167 246 137 167 151 130 71 166 103 239 73 84 217 92 8 241 150 241 181 211 187 22 4 167 48 253 163 101 29 193 92 134 4 1 171 128 205 127 54 32 67 150 112 245 21 107 146 237 90 23 13]
72762387,true,1,SIGNED_MSG_TYPE_PRECOMMIT,:0:000000000000,"""time.Date(2024", time.June, 5, 7, 14, 47, 554022810," time.UTC)""",93739258C5626903BA444128CFB7439AA31AA93F,18,[46 154 84 134 228 174 187 45 168 46 72 51 110 112 236 211 110 118 135 200 76 86 100 167 135 53 49 75 177 169 104 231 49 70 205 11 238 224 177 188 26 181 32 68 210 30 46 240 248 37 108 57 123 57 53 77 28 3 236 220 45 116 129 5]
72762387,true,1,SIGNED_MSG_TYPE_PRECOMMIT,:0:000000000000,"""time.Date(2024", time.June, 5, 7, 14, 47, 556868769," time.UTC)""",37B3F9E462967F150F5BF98A7A355F3531B58D12,8,[153 162 133 31 97 251 110 149 212 90 185 165 246 213 124 131 106 153 253 152 21 33 60 45 22 200 241 106 37 3 92 126 55 134 210 217 151 109 210 238 243 178 142 89 102 114 92 133 15 253 230 196 187 196 92 146 68 208 184 21 215 10 48 4]
72762387,true,1,SIGNED_MSG_TYPE_PRECOMMIT,:0:000000000000,"""time.Date(2024", time.June, 5, 7, 14, 47, 565970101," time.UTC)""",6A7EEC86B32DB79B018BE735ACA63BA5E4FD729A,38,[239 69 182 130 58 238 239 71 51 211 242 54 238 177 27 163 101 3 144 0 239 0 119 174 126 233 74 219 155 1 205 145 245 241 151 110 167 195 14 2 50 204 31 34 253 213 199 210 152 202 20 121 180 113 141 52 12 228 241 14 199 188 103 12]
72762387,true,1,SIGNED_MSG_TYPE_PRECOMMIT,:0:000000000000,"""time.Date(2024", time.June, 5, 7, 14, 47, 555710947," time.UTC)""",2620065FADD91C5E06AF25A3B7F864483BA1C3B9,30,[238 37 115 197 247 177 1 201 24 232 51 141 204 227 231 133 114 3 23 24 87 143 101 66 95 97 139 113 172 232 246 26 12 232 177 72 52 51 207 175 229 187 35 234 192 14 229 228 72 182 162 41 249 184 131 82 145 36 98 147 36 204 44 10]
72762387,true,1,SIGNED_MSG_TYPE_PRECOMMIT,:0:000000000000,"""time.Date(2024", time.June, 5, 7, 14, 47, 561138557," time.UTC)""",03E0A1287B25629B36D6AA29E2E1F0CE00114162,32,[171 27 16 213 19 207 217 25 198 33 32 171 173 247 92 38 31 4 177 1 237 112 84 224 89 41 158 5 144 26 106 44 40 24 217 152 25 49 180 40 58 59 159 19 33 156 235 201 205 99 144 242 102 53 78 199 52 178 180 12 21 204 91 5]
72762387,true,1,SIGNED_MSG_TYPE_PRECOMMIT,:0:000000000000,"""time.Date(2024", time.June, 5, 7, 14, 47, 551213188," time.UTC)""",9DFCC2E344433CBF2DA533E871EDF765E28FB74E,20,[148 228 39 108 163 118 186 254 240 33 188 2 22 255 126 83 196 162 136 53 236 120 41 185 17 113 143 70 80 114 159 26 215 99 124 104 43 64 193 46 64 167 251 223 222 109 48 143 226 188 4 31 10 159 167 26 103 230 16 42 98 149 9 10]
72762387,true,1,SIGNED_MSG_TYPE_PREVOTE,:0:000000000000,"""time.Date(2024", time.June, 5, 7, 14, 47, 530555581," time.UTC)""",DBDEA0E43C9EB037422D0E27C3FFEDF8692E9C97,17,[245 103 78 215 2 143 224 165 77 19 98 117 135 181 236 212 166 74 101 163 65 154 162 242 241 140 140 22 211 22 170 235 224 121 173 128 44 250 111 12 141 206 91 15 75 24 223 245 42 11 46 208 140 238 67 174 149 181 169 130 152 105 123 11]
72762387,true,1,SIGNED_MSG_TYPE_PREVOTE,:0:000000000000,"""time.Date(2024", time.June, 5, 7, 14, 47, 532605623," time.UTC)""",A14FBF76DDE18A016A36576D7E98414B78F9EB03,39,[99 103 251 85 65 250 103 229 155 13 199 201 78 87 184 253 175 226 147 47 147 246 153 135 185 226 87 121 160 101 203 50 130 243 43 244 119 146 248 39 58 199 219 152 7 226 125 100 1 214 99 79 120 244 82 17 32 118 222 213 192 89 161 6]
72762387,true,1,SIGNED_MSG_TYPE_PREVOTE,:0:000000000000,"""time.Date(2024", time.June, 5, 7, 14, 47, 538759490," time.UTC)""",39633DD07F87E216E0CAD01E0BE216E22F89AB3F,0,[81 200 194 48 119 143 132 238 16 224 125 126 220 69 197 45 111 42 33 183 54 190 19 58 101 39 78 147 175 19 189 124 144 160 39 255 232 116 35 4 17 201 187 122 35 81 10 214 167 206 231 16 62 164 130 70 23 38 175 251 60 224 212 1]
72762387,true,1,SIGNED_MSG_TYPE_PRECOMMIT,:0:000000000000,"""time.Date(2024", time.June, 5, 7, 14, 47, 549344315," time.UTC)""",D7B69269E457E7AF1439C43944AA2AC829FD7CB8,46,[113 119 90 77 193 14 20 228 161 147 172 211 203 137 225 72 255 179 185 231 106 8 29 228 166 191 238 197 47 154 205 7 191 26 175 199 196 201 152 180 160 139 168 117 195 74 253 149 226 117 135 234 136 219 111 135 180 217 166 177 186 92 176 9]
72762387,true,1,SIGNED_MSG_TYPE_PRECOMMIT,:0:000000000000,"""time.Date(2024", time.June, 5, 7, 14, 47, 560981753," time.UTC)""",94254934252CC8F55DF8FBCAD8431EAA8AEF665D,59,[199 65 11 73 102 63 167 73 163 206 177 58 180 196 179 165 124 92 245 102 171 179 30 171 21 233 92 2 183 73 60 67 41 114 123 97 223 29 231 215 122 202 173 243 60 111 101 101 162 243 185 94 189 116 239 129 15 166 132 228 151 76 84 7]
72762387,true,1,SIGNED_MSG_TYPE_PRECOMMIT,:0:000000000000,"""time.Date(2024", time.June, 5, 7, 14, 47, 564188796," time.UTC)""",F39BF9316C07E4F27EE31951F720783C58D09C11,10,[245 84 99 134 174 246 84 165 33 148 70 213 146 123 121 224 163 215 116 198 183 192 4 216 125 102 89 32 13 15 61 37 190 26 50 235 0 19 254 39 25 237 43 249 181 94 149 167 4 111 168 247 108 171 105 246 205 98 190 126 216 94 166 8]
72762387,true,1,SIGNED_MSG_TYPE_PRECOMMIT,:0:000000000000,"""time.Date(2024", time.June, 5, 7, 14, 47, 569699035," time.UTC)""",CDF55ACD97B31A67662BD0BEBC673E5B5FAAEC04,7,[156 181 81 91 179 151 109 7 145 197 43 134 237 42 214 105 210 54 39 139 130 168 117 176 113 215 211 28 174 120 249 39 54 51 174 167 254 211 244 170 215 247 217 165 119 14 30 114 96 45 78 69 100 81 15 187 197 201 41 248 155 196 24 15]
72762387,true,1,SIGNED_MSG_TYPE_PRECOMMIT,:0:000000000000,"""time.Date(2024", time.June, 5, 7, 14, 47, 562653778," time.UTC)""",D0C143A237A69569CC7CECB0DAC2EA95F88B26B3,27,[143 255 88 202 17 10 46 50 25 165 201 202 240 115 179 237 175 106 101 29 29 148 39 208 191 105 237 105 5 19 239 149 79 226 154 127 194 42 70 47 170 238 225 246 242 213 195 229 124 155 147 106 216 142 2 28 80 31 210 51 66 230 117 7]
72762387,true,1,SIGNED_MSG_TYPE_PREVOTE,:0:000000000000,"""time.Date(2024", time.June, 5, 7, 14, 47, 537874606," time.UTC)""",E353C5C89FB60D2EBFC2F238F1CC11673C980E45,45,[11 45 213 247 71 225 251 111 0 80 210 247 96 179 81 232 164 77 140 100 194 152 117 136 34 214 197 56 160 70 95 89 234 94 93 173 47 151 48 34 0 57 195 229 128 115 219 157 181 70 46 74 138 102 196 107 92 18 158 61 37 129 231 4]
72762387,true,1,SIGNED_MSG_TYPE_PREVOTE,:0:000000000000,"""time.Date(2024", time.June, 5, 7, 14, 47, 546493394," time.UTC)""",1B85A5FFDC65A23DFB51A32DC1087DCA515EA6CC,57,[23 209 191 163 106 101 18 5 233 15 198 133 98 92 251 125 151 29 207 50 182 167 30 205 69 208 5 78 119 74 111 73 225 248 211 227 220 94 37 207 163 250 50 213 254 107 178 203 175 184 17 105 203 122 149 123 153 165 69 25 107 145 179 6]
72762387,true,1,SIGNED_MSG_TYPE_PREVOTE,:0:000000000000,"""time.Date(2024", time.June, 5, 7, 14, 47, 552867186," time.UTC)""",7D2D96C14632861337AA62C0EF4E3CA096CE1665,15,[91 201 249 65 250 217 223 203 149 159 147 85 97 218 150 198 62 196 106 106 136 80 76 229 173 71 110 72 111 244 207 171 196 96 233 58 118 3 187 200 5 164 68 224 13 243 175 127 223 59 162 76 97 145 214 147 18 178 158 35 250 115 56 15]
72762387,true,1,SIGNED_MSG_TYPE_PREVOTE,:0:000000000000,"""time.Date(2024", time.June, 5, 7, 14, 47, 545718782," time.UTC)""",6087607E1E56F6EE7934ABAF65834C92D618104C,21,[225 1 188 113 94 231 38 136 206 145 80 148 215 235 71 225 191 135 139 115 230 216 131 18 31 38 157 90 42 9 61 2 121 231 173 73 231 98 221 239 61 107 229 141 156 197 115 5 99 89 129 172 98 7 185 18 6 217 213 208 135 218 227 3]
72762387,true,1,SIGNED_MSG_TYPE_PRECOMMIT,:0:000000000000,"""time.Date(2024", time.June, 5, 7, 14, 47, 598356088," time.UTC)""",6C56084E1CFA331628C8EB1DA6F865922457A975,5,[119 42 184 108 179 161 10 117 74 57 231 102 71 117 191 192 166 215 174 119 158 19 83 176 65 50 102 5 71 113 230 16 213 114 66 188 239 42 160 180 112 78 166 149 196 84 254 45 38 177 240 53 159 6 247 132 21 155 125 53 20 121 241 15]
72762387,true,1,SIGNED_MSG_TYPE_PRECOMMIT,:0:000000000000,"""time.Date(2024", time.June, 5, 7, 14, 47, 579426341," time.UTC)""",DBDEA0E43C9EB037422D0E27C3FFEDF8692E9C97,17,[15 40 10 193 174 226 197 210 91 145 214 190 19 80 122 103 249 120 58 102 92 67 191 140 161 169 247 140 161 73 133 246 171 52 116 58 57 9 8 105 5 205 214 73 239 221 0 53 176 98 124 154 33 189 91 32 165 109 223 133 12 3 161 5]
72762387,true,1,SIGNED_MSG_TYPE_PRECOMMIT,:0:000000000000,"""time.Date(2024", time.June, 5, 7, 14, 47, 552488051," time.UTC)""",77D3FF15AD886E93068C09F5E5C643537511A3A5,33,[156 43 9 105 191 49 152 112 49 195 65 248 145 222 248 116 175 124 32 245 169 113 238 183 13 200 153 8 244 213 146 11 44 145 39 44 186 201 154 67 229 212 201 161 67 48 210 133 21 1 39 252 69 233 103 163 216 161 25 145 73 149 242 8]
72762387,true,1,SIGNED_MSG_TYPE_PRECOMMIT,:0:000000000000,"""time.Date(2024", time.June, 5, 7, 14, 47, 583347709," time.UTC)""",1B85A5FFDC65A23DFB51A32DC1087DCA515EA6CC,57,[74 79 42 170 234 73 145 64 94 66 247 227 104 74 230 50 131 135 254 130 140 228 250 174 103 227 99 213 231 140 109 121 143 184 239 148 34 13 2 127 37 143 155 71 248 57 70 58 143 173 137 222 143 3 241 204 161 199 196 140 163 214 135 10]
72762387,true,1,SIGNED_MSG_TYPE_PRECOMMIT,:0:000000000000,"""time.Date(2024", time.June, 5, 7, 14, 47, 569835954," time.UTC)""",39633DD07F87E216E0CAD01E0BE216E22F89AB3F,0,[78 138 171 84 110 67 67 116 115 214 40 123 174 183 28 29 87 64 157 82 181 217 191 141 63 86 107 81 221 104 111 53 217 120 37 231 175 178 164 155 168 22 122 139 43 229 121 218 43 222 222 176 9 115 102 146 103 152 240 211 91 127 228 7]
72762387,true,1,SIGNED_MSG_TYPE_PRECOMMIT,:0:000000000000,"""time.Date(2024", time.June, 5, 7, 14, 47, 594204680," time.UTC)""",7D2D96C14632861337AA62C0EF4E3CA096CE1665,15,[178 29 231 116 199 223 6 104 143 104 87 236 214 188 248 144 226 225 135 55 27 81 45 246 142 210 52 151 75 242 244 106 173 4 227 197 100 116 147 99 110 176 50 7 209 17 130 44 210 20 172 205 249 14 75 11 99 118 198 168 145 239 0 3]
72762387,true,1,SIGNED_MSG_TYPE_PRECOMMIT,:0:000000000000,"""time.Date(2024", time.June, 5, 7, 14, 47, 577018231," time.UTC)""",6087607E1E56F6EE7934ABAF65834C92D618104C,21,[229 30 223 169 155 186 156 219 134 248 160 149 74 64 197 13 24 114 99 206 203 110 21 57 50 141 37 84 21 253 40 46 58 164 250 213 204 207 186 97 249 249 58 157 23 166 22 194 150 189 123 43 141 5 114 58 188 141 157 45 4 179 159 2]
72762387,true,1,SIGNED_MSG_TYPE_PRECOMMIT,:0:000000000000,"""time.Date(2024", time.June, 5, 7, 14, 47, 585144400," time.UTC)""",E353C5C89FB60D2EBFC2F238F1CC11673C980E45,45,[36 161 3 181 168 37 65 33 58 182 55 177 170 244 177 136 11 240 108 217 149 207 109 149 237 200 15 122 96 37 118 213 22 154 213 180 199 211 142 163 27 41 212 141 204 111 27 107 144 15 81 253 87 173 195 63 184 58 48 101 251 224 47 5]
72762387,true,1,SIGNED_MSG_TYPE_PRECOMMIT,:0:000000000000,"""time.Date(2024", time.June, 5, 7, 14, 47, 607856661," time.UTC)""",A14FBF76DDE18A016A36576D7E98414B78F9EB03,39,[45 215 183 217 98 172 34 32 121 179 112 244 198 82 85 96 192 21 251 216 143 209 229 100 47 37 9 242 96 62 110 250 53 157 160 204 59 239 211 17 24 231 89 101 121 101 152 26 84 212 110 91 238 38 227 157 132 121 88 66 66 249 9 4]
72762387,true,1,SIGNED_MSG_TYPE_PRECOMMIT,:0:000000000000,"""time.Date(2024", time.June, 5, 7, 14, 47, 601844425," time.UTC)""",D857A4BA9745354D9FC1DF91A82CDB87A27563A6,29,[172 58 5 33 189 129 115 99 113 247 180 155 152 212 225 186 184 67 196 166 60 41 205 14 122 65 197 0 171 24 122 114 43 22 3 36 91 178 129 2 142 129 216 255 227 121 221 86 185 80 9 246 223 90 181 220 198 111 111 181 58 159 90 3]
72762387,true,1,SIGNED_MSG_TYPE_PREVOTE,:0:000000000000,"""time.Date(2024", time.June, 5, 7, 14, 47, 597482362," time.UTC)""",D1CE87BBE89B737495416E8C44B9F58D2372D5D1,24,[137 95 238 152 11 183 59 222 80 232 223 116 64 59 61 16 66 142 182 168 188 233 109 197 163 109 206 156 106 77 69 157 95 242 178 53 163 91 255 76 61 96 252 252 251 195 92 148 153 33 58 200 9 24 16 201 166 190 3 61 205 248 216 10]
72762387,true,1,SIGNED_MSG_TYPE_PRECOMMIT,:0:000000000000,"""time.Date(2024", time.June, 5, 7, 14, 47, 688119004," time.UTC)""",D1CE87BBE89B737495416E8C44B9F58D2372D5D1,24,[226 56 102 118 4 236 66 31 148 46 85 21 38 18 9 102 221 39 189 18 245 193 33 5 146 147 250 79 245 204 76 86 241 94 87 252 157 37 45 231 63 151 6 178 160 133 57 35 43 59 252 156 80 153 198 42 7 220 8 104 64 237 73 3]
